/*!40101 SET @OLD_CHARACTER_SET_CLIENT=@@CHARACTER_SET_CLIENT */;
/*!40101 SET @OLD_CHARACTER_SET_RESULTS=@@CHARACTER_SET_RESULTS */;
/*!40101 SET @OLD_COLLATION_CONNECTION=@@COLLATION_CONNECTION */;
/*!40101 SET NAMES utf8mb4 */;
/*!40014 SET @OLD_UNIQUE_CHECKS=@@UNIQUE_CHECKS, UNIQUE_CHECKS=0 */;
/*!40014 SET @OLD_FOREIGN_KEY_CHECKS=@@FOREIGN_KEY_CHECKS, FOREIGN_KEY_CHECKS=0 */;
/*!40101 SET @OLD_SQL_MODE=@@SQL_MODE, SQL_MODE='NO_AUTO_VALUE_ON_ZERO' */;
/*!40111 SET @OLD_SQL_NOTES=@@SQL_NOTES, SQL_NOTES=0 */;

DROP TABLE IF EXISTS `accessories`;
CREATE TABLE `accessories` (
  `id` bigint unsigned NOT NULL AUTO_INCREMENT,
  `name` varchar(255) COLLATE utf8mb4_unicode_ci NOT NULL,
  `category_id` bigint unsigned NOT NULL,
  `supplier_id` bigint unsigned DEFAULT NULL,
  `location_id` bigint unsigned DEFAULT NULL,
  `qty` int unsigned NOT NULL,
  `min_qty` int unsigned NOT NULL DEFAULT '0',
  `model_number` varchar(255) COLLATE utf8mb4_unicode_ci DEFAULT NULL,
  `purchase_cost` decimal(10,2) DEFAULT NULL,
  `purchase_date` date DEFAULT NULL,
  `order_number` varchar(255) COLLATE utf8mb4_unicode_ci DEFAULT NULL,
  `requestable` tinyint(1) NOT NULL DEFAULT '0',
  `notes` text COLLATE utf8mb4_unicode_ci,
  `created_at` timestamp NULL DEFAULT NULL,
  `updated_at` timestamp NULL DEFAULT NULL,
  PRIMARY KEY (`id`),
  KEY `accessories_category_id_foreign` (`category_id`),
  KEY `accessories_supplier_id_foreign` (`supplier_id`),
  KEY `accessories_location_id_foreign` (`location_id`),
  CONSTRAINT `accessories_category_id_foreign` FOREIGN KEY (`category_id`) REFERENCES `categories` (`id`) ON DELETE CASCADE,
  CONSTRAINT `accessories_location_id_foreign` FOREIGN KEY (`location_id`) REFERENCES `locations` (`id`) ON DELETE SET NULL,
  CONSTRAINT `accessories_supplier_id_foreign` FOREIGN KEY (`supplier_id`) REFERENCES `suppliers` (`id`) ON DELETE SET NULL
) ENGINE=InnoDB DEFAULT CHARSET=utf8mb4 COLLATE=utf8mb4_unicode_ci;

DROP TABLE IF EXISTS `accessory_checkouts`;
CREATE TABLE `accessory_checkouts` (
  `id` bigint unsigned NOT NULL AUTO_INCREMENT,
  `accessory_id` bigint unsigned NOT NULL,
  `assigned_to` bigint unsigned NOT NULL,
  `qty` int unsigned NOT NULL DEFAULT '1',
  `assigned_at` timestamp NULL DEFAULT NULL,
  `returned_at` timestamp NULL DEFAULT NULL,
  `note` text COLLATE utf8mb4_unicode_ci,
  `created_at` timestamp NULL DEFAULT NULL,
  `updated_at` timestamp NULL DEFAULT NULL,
  PRIMARY KEY (`id`),
  KEY `accessory_checkouts_accessory_id_foreign` (`accessory_id`),
  KEY `accessory_checkouts_assigned_to_foreign` (`assigned_to`),
  CONSTRAINT `accessory_checkouts_accessory_id_foreign` FOREIGN KEY (`accessory_id`) REFERENCES `accessories` (`id`) ON DELETE CASCADE,
  CONSTRAINT `accessory_checkouts_assigned_to_foreign` FOREIGN KEY (`assigned_to`) REFERENCES `users` (`id`) ON DELETE CASCADE
) ENGINE=InnoDB DEFAULT CHARSET=utf8mb4 COLLATE=utf8mb4_unicode_ci;

DROP TABLE IF EXISTS `asset_checkouts`;
CREATE TABLE `asset_checkouts` (
  `id` bigint unsigned NOT NULL AUTO_INCREMENT,
  `asset_id` bigint unsigned NOT NULL,
  `assigned_to` bigint unsigned NOT NULL,
  `checked_out_by` bigint unsigned DEFAULT NULL,
  `assigned_at` timestamp NULL DEFAULT NULL,
  `returned_at` timestamp NULL DEFAULT NULL,
  `note` text COLLATE utf8mb4_unicode_ci,
  `created_at` timestamp NULL DEFAULT NULL,
  `updated_at` timestamp NULL DEFAULT NULL,
  PRIMARY KEY (`id`),
  KEY `asset_checkouts_asset_id_foreign` (`asset_id`),
  KEY `asset_checkouts_assigned_to_foreign` (`assigned_to`),
  KEY `asset_checkouts_checked_out_by_foreign` (`checked_out_by`),
  CONSTRAINT `asset_checkouts_asset_id_foreign` FOREIGN KEY (`asset_id`) REFERENCES `assets` (`id`) ON DELETE CASCADE,
  CONSTRAINT `asset_checkouts_assigned_to_foreign` FOREIGN KEY (`assigned_to`) REFERENCES `users` (`id`) ON DELETE CASCADE,
  CONSTRAINT `asset_checkouts_checked_out_by_foreign` FOREIGN KEY (`checked_out_by`) REFERENCES `users` (`id`) ON DELETE SET NULL
) ENGINE=InnoDB DEFAULT CHARSET=utf8mb4 COLLATE=utf8mb4_unicode_ci;

DROP TABLE IF EXISTS `asset_component`;
CREATE TABLE `asset_component` (
  `id` bigint unsigned NOT NULL AUTO_INCREMENT,
  `asset_id` bigint unsigned NOT NULL,
  `component_id` bigint unsigned NOT NULL,
  `qty` int unsigned NOT NULL DEFAULT '1',
  `installed_at` timestamp NULL DEFAULT NULL,
  `created_at` timestamp NULL DEFAULT NULL,
  `updated_at` timestamp NULL DEFAULT NULL,
  PRIMARY KEY (`id`),
  UNIQUE KEY `asset_component_asset_id_component_id_unique` (`asset_id`,`component_id`),
  KEY `asset_component_component_id_foreign` (`component_id`),
  CONSTRAINT `asset_component_asset_id_foreign` FOREIGN KEY (`asset_id`) REFERENCES `assets` (`id`) ON DELETE CASCADE,
  CONSTRAINT `asset_component_component_id_foreign` FOREIGN KEY (`component_id`) REFERENCES `components` (`id`) ON DELETE CASCADE
) ENGINE=InnoDB DEFAULT CHARSET=utf8mb4 COLLATE=utf8mb4_unicode_ci;

DROP TABLE IF EXISTS `asset_models`;
CREATE TABLE `asset_models` (
  `id` bigint unsigned NOT NULL AUTO_INCREMENT,
  `name` varchar(255) COLLATE utf8mb4_unicode_ci NOT NULL,
  `manufacturer_id` bigint unsigned NOT NULL,
  `category_id` bigint unsigned NOT NULL,
  `model_number` varchar(255) COLLATE utf8mb4_unicode_ci DEFAULT NULL,
  `image` varchar(255) COLLATE utf8mb4_unicode_ci DEFAULT NULL,
  `created_at` timestamp NULL DEFAULT NULL,
  `updated_at` timestamp NULL DEFAULT NULL,
  PRIMARY KEY (`id`),
  UNIQUE KEY `asset_models_manufacturer_id_name_model_number_unique` (`manufacturer_id`,`name`,`model_number`),
  KEY `asset_models_category_id_foreign` (`category_id`),
  CONSTRAINT `asset_models_category_id_foreign` FOREIGN KEY (`category_id`) REFERENCES `categories` (`id`) ON DELETE CASCADE,
  CONSTRAINT `asset_models_manufacturer_id_foreign` FOREIGN KEY (`manufacturer_id`) REFERENCES `manufacturers` (`id`) ON DELETE CASCADE
) ENGINE=InnoDB AUTO_INCREMENT=269 DEFAULT CHARSET=utf8mb4 COLLATE=utf8mb4_unicode_ci;

DROP TABLE IF EXISTS `asset_preventive_maintenance`;
DROP TABLE IF EXISTS `assets`;
CREATE TABLE `assets` (
  `id` bigint unsigned NOT NULL AUTO_INCREMENT,
  `asset_tag` varchar(255) COLLATE utf8mb4_unicode_ci NOT NULL,
  `name` varchar(255) COLLATE utf8mb4_unicode_ci NOT NULL,
  `asset_model_id` bigint unsigned NOT NULL,
  `category_id` bigint unsigned NOT NULL,
  `status_label_id` bigint unsigned NOT NULL,
  `supplier_id` bigint unsigned DEFAULT NULL,
  `location_id` bigint unsigned DEFAULT NULL,
  `serial` varchar(255) COLLATE utf8mb4_unicode_ci DEFAULT NULL,
  `purchase_cost` decimal(10,2) DEFAULT NULL,
  `purchase_date` date DEFAULT NULL,
  `warranty_expires` date DEFAULT NULL,
  `eol_date` date DEFAULT NULL,
  `notes` text COLLATE utf8mb4_unicode_ci,
  `requestable` tinyint(1) NOT NULL DEFAULT '0',
  `created_at` timestamp NULL DEFAULT NULL,
  `updated_at` timestamp NULL DEFAULT NULL,
  PRIMARY KEY (`id`),
  UNIQUE KEY `assets_asset_tag_unique` (`asset_tag`),
  UNIQUE KEY `assets_serial_unique` (`serial`),
  KEY `assets_asset_model_id_foreign` (`asset_model_id`),
  KEY `assets_category_id_foreign` (`category_id`),
  KEY `assets_status_label_id_foreign` (`status_label_id`),
  KEY `assets_supplier_id_foreign` (`supplier_id`),
  KEY `assets_location_id_foreign` (`location_id`),
  CONSTRAINT `assets_asset_model_id_foreign` FOREIGN KEY (`asset_model_id`) REFERENCES `asset_models` (`id`) ON DELETE CASCADE,
  CONSTRAINT `assets_category_id_foreign` FOREIGN KEY (`category_id`) REFERENCES `categories` (`id`) ON DELETE CASCADE,
  CONSTRAINT `assets_location_id_foreign` FOREIGN KEY (`location_id`) REFERENCES `locations` (`id`) ON DELETE SET NULL,
  CONSTRAINT `assets_status_label_id_foreign` FOREIGN KEY (`status_label_id`) REFERENCES `status_labels` (`id`) ON DELETE RESTRICT,
  CONSTRAINT `assets_supplier_id_foreign` FOREIGN KEY (`supplier_id`) REFERENCES `suppliers` (`id`) ON DELETE SET NULL
) ENGINE=InnoDB AUTO_INCREMENT=866 DEFAULT CHARSET=utf8mb4 COLLATE=utf8mb4_unicode_ci;

DROP TABLE IF EXISTS `audit_logs`;
CREATE TABLE `audit_logs` (
  `id` bigint unsigned NOT NULL AUTO_INCREMENT,
  `user_id` bigint unsigned DEFAULT NULL,
  `action_type` varchar(255) COLLATE utf8mb4_unicode_ci NOT NULL,
  `subject_type` varchar(255) COLLATE utf8mb4_unicode_ci DEFAULT NULL,
  `subject_id` bigint unsigned DEFAULT NULL,
  `old_values` json DEFAULT NULL,
  `new_values` json DEFAULT NULL,
  `description` text COLLATE utf8mb4_unicode_ci,
  `ip_address` varchar(255) COLLATE utf8mb4_unicode_ci DEFAULT NULL,
  `user_agent` text COLLATE utf8mb4_unicode_ci,
  `created_at` timestamp NULL DEFAULT NULL,
  `updated_at` timestamp NULL DEFAULT NULL,
  PRIMARY KEY (`id`),
  KEY `audit_logs_user_id_foreign` (`user_id`),
  KEY `audit_logs_subject_idx` (`subject_type`,`subject_id`),
  KEY `audit_logs_action_type_index` (`action_type`),
  KEY `audit_logs_subject_type_index` (`subject_type`),
  KEY `audit_logs_subject_id_index` (`subject_id`),
  CONSTRAINT `audit_logs_user_id_foreign` FOREIGN KEY (`user_id`) REFERENCES `users` (`id`) ON DELETE SET NULL
) ENGINE=InnoDB AUTO_INCREMENT=2 DEFAULT CHARSET=utf8mb4 COLLATE=utf8mb4_unicode_ci;

DROP TABLE IF EXISTS `cache`;
CREATE TABLE `cache` (
  `key` varchar(255) COLLATE utf8mb4_unicode_ci NOT NULL,
  `value` mediumtext COLLATE utf8mb4_unicode_ci NOT NULL,
  `expiration` int NOT NULL,
  PRIMARY KEY (`key`),
  KEY `cache_expiration_index` (`expiration`)
) ENGINE=InnoDB DEFAULT CHARSET=utf8mb4 COLLATE=utf8mb4_unicode_ci;

DROP TABLE IF EXISTS `cache_locks`;
CREATE TABLE `cache_locks` (
  `key` varchar(255) COLLATE utf8mb4_unicode_ci NOT NULL,
  `owner` varchar(255) COLLATE utf8mb4_unicode_ci NOT NULL,
  `expiration` int NOT NULL,
  PRIMARY KEY (`key`),
  KEY `cache_locks_expiration_index` (`expiration`)
) ENGINE=InnoDB DEFAULT CHARSET=utf8mb4 COLLATE=utf8mb4_unicode_ci;

DROP TABLE IF EXISTS `categories`;
CREATE TABLE `categories` (
  `id` bigint unsigned NOT NULL AUTO_INCREMENT,
  `name` varchar(255) COLLATE utf8mb4_unicode_ci NOT NULL,
  `type` varchar(255) COLLATE utf8mb4_unicode_ci NOT NULL,
  `created_at` timestamp NULL DEFAULT NULL,
  `updated_at` timestamp NULL DEFAULT NULL,
  PRIMARY KEY (`id`),
  UNIQUE KEY `categories_name_type_unique` (`name`,`type`),
  KEY `categories_type_index` (`type`)
) ENGINE=InnoDB AUTO_INCREMENT=60 DEFAULT CHARSET=utf8mb4 COLLATE=utf8mb4_unicode_ci;

DROP TABLE IF EXISTS `category_preventive_maintenance`;
DROP TABLE IF EXISTS `components`;
CREATE TABLE `components` (
  `id` bigint unsigned NOT NULL AUTO_INCREMENT,
  `name` varchar(255) COLLATE utf8mb4_unicode_ci NOT NULL,
  `category_id` bigint unsigned NOT NULL,
  `supplier_id` bigint unsigned DEFAULT NULL,
  `location_id` bigint unsigned DEFAULT NULL,
  `qty` int unsigned NOT NULL,
  `min_qty` int unsigned NOT NULL DEFAULT '0',
  `serial` varchar(255) COLLATE utf8mb4_unicode_ci DEFAULT NULL,
  `purchase_cost` decimal(10,2) DEFAULT NULL,
  `purchase_date` date DEFAULT NULL,
  `order_number` varchar(255) COLLATE utf8mb4_unicode_ci DEFAULT NULL,
  `requestable` tinyint(1) NOT NULL DEFAULT '0',
  `notes` text COLLATE utf8mb4_unicode_ci,
  `created_at` timestamp NULL DEFAULT NULL,
  `updated_at` timestamp NULL DEFAULT NULL,
  PRIMARY KEY (`id`),
  KEY `components_category_id_foreign` (`category_id`),
  KEY `components_supplier_id_foreign` (`supplier_id`),
  KEY `components_location_id_foreign` (`location_id`),
  CONSTRAINT `components_category_id_foreign` FOREIGN KEY (`category_id`) REFERENCES `categories` (`id`) ON DELETE CASCADE,
  CONSTRAINT `components_location_id_foreign` FOREIGN KEY (`location_id`) REFERENCES `locations` (`id`) ON DELETE SET NULL,
  CONSTRAINT `components_supplier_id_foreign` FOREIGN KEY (`supplier_id`) REFERENCES `suppliers` (`id`) ON DELETE SET NULL
) ENGINE=InnoDB DEFAULT CHARSET=utf8mb4 COLLATE=utf8mb4_unicode_ci;

DROP TABLE IF EXISTS `consumable_assignments`;
CREATE TABLE `consumable_assignments` (
  `id` bigint unsigned NOT NULL AUTO_INCREMENT,
  `consumable_id` bigint unsigned NOT NULL,
  `assigned_to` bigint unsigned NOT NULL,
  `qty` int unsigned NOT NULL DEFAULT '1',
  `assigned_at` timestamp NULL DEFAULT NULL,
  `note` text COLLATE utf8mb4_unicode_ci,
  `created_at` timestamp NULL DEFAULT NULL,
  `updated_at` timestamp NULL DEFAULT NULL,
  PRIMARY KEY (`id`),
  KEY `consumable_assignments_consumable_id_foreign` (`consumable_id`),
  KEY `consumable_assignments_assigned_to_foreign` (`assigned_to`),
  CONSTRAINT `consumable_assignments_assigned_to_foreign` FOREIGN KEY (`assigned_to`) REFERENCES `users` (`id`) ON DELETE CASCADE,
  CONSTRAINT `consumable_assignments_consumable_id_foreign` FOREIGN KEY (`consumable_id`) REFERENCES `consumables` (`id`) ON DELETE CASCADE
) ENGINE=InnoDB DEFAULT CHARSET=utf8mb4 COLLATE=utf8mb4_unicode_ci;

DROP TABLE IF EXISTS `consumables`;
CREATE TABLE `consumables` (
  `id` bigint unsigned NOT NULL AUTO_INCREMENT,
  `name` varchar(255) COLLATE utf8mb4_unicode_ci NOT NULL,
  `category_id` bigint unsigned NOT NULL,
  `supplier_id` bigint unsigned DEFAULT NULL,
  `location_id` bigint unsigned DEFAULT NULL,
  `qty` int unsigned NOT NULL,
  `min_qty` int unsigned NOT NULL DEFAULT '0',
  `model_number` varchar(255) COLLATE utf8mb4_unicode_ci DEFAULT NULL,
  `item_no` varchar(255) COLLATE utf8mb4_unicode_ci DEFAULT NULL,
  `purchase_cost` decimal(10,2) DEFAULT NULL,
  `purchase_date` date DEFAULT NULL,
  `order_number` varchar(255) COLLATE utf8mb4_unicode_ci DEFAULT NULL,
  `requestable` tinyint(1) NOT NULL DEFAULT '0',
  `notes` text COLLATE utf8mb4_unicode_ci,
  `created_at` timestamp NULL DEFAULT NULL,
  `updated_at` timestamp NULL DEFAULT NULL,
  PRIMARY KEY (`id`),
  KEY `consumables_category_id_foreign` (`category_id`),
  KEY `consumables_supplier_id_foreign` (`supplier_id`),
  KEY `consumables_location_id_foreign` (`location_id`),
  CONSTRAINT `consumables_category_id_foreign` FOREIGN KEY (`category_id`) REFERENCES `categories` (`id`) ON DELETE CASCADE,
  CONSTRAINT `consumables_location_id_foreign` FOREIGN KEY (`location_id`) REFERENCES `locations` (`id`) ON DELETE SET NULL,
  CONSTRAINT `consumables_supplier_id_foreign` FOREIGN KEY (`supplier_id`) REFERENCES `suppliers` (`id`) ON DELETE SET NULL
) ENGINE=InnoDB DEFAULT CHARSET=utf8mb4 COLLATE=utf8mb4_unicode_ci;

DROP TABLE IF EXISTS `exports`;
CREATE TABLE `exports` (
  `id` bigint unsigned NOT NULL AUTO_INCREMENT,
  `completed_at` timestamp NULL DEFAULT NULL,
  `file_disk` varchar(255) COLLATE utf8mb4_unicode_ci NOT NULL,
  `file_name` varchar(255) COLLATE utf8mb4_unicode_ci DEFAULT NULL,
  `exporter` varchar(255) COLLATE utf8mb4_unicode_ci NOT NULL,
  `processed_rows` int unsigned NOT NULL DEFAULT '0',
  `total_rows` int unsigned NOT NULL,
  `successful_rows` int unsigned NOT NULL DEFAULT '0',
  `user_id` bigint unsigned NOT NULL,
  `created_at` timestamp NULL DEFAULT NULL,
  `updated_at` timestamp NULL DEFAULT NULL,
  PRIMARY KEY (`id`),
  KEY `exports_user_id_foreign` (`user_id`),
  CONSTRAINT `exports_user_id_foreign` FOREIGN KEY (`user_id`) REFERENCES `users` (`id`) ON DELETE CASCADE
) ENGINE=InnoDB DEFAULT CHARSET=utf8mb4 COLLATE=utf8mb4_unicode_ci;

DROP TABLE IF EXISTS `failed_import_rows`;
CREATE TABLE `failed_import_rows` (
  `id` bigint unsigned NOT NULL AUTO_INCREMENT,
  `data` json NOT NULL,
  `import_id` bigint unsigned NOT NULL,
  `validation_error` text COLLATE utf8mb4_unicode_ci,
  `created_at` timestamp NULL DEFAULT NULL,
  `updated_at` timestamp NULL DEFAULT NULL,
  PRIMARY KEY (`id`),
  KEY `failed_import_rows_import_id_foreign` (`import_id`),
  CONSTRAINT `failed_import_rows_import_id_foreign` FOREIGN KEY (`import_id`) REFERENCES `imports` (`id`) ON DELETE CASCADE
) ENGINE=InnoDB DEFAULT CHARSET=utf8mb4 COLLATE=utf8mb4_unicode_ci;

DROP TABLE IF EXISTS `failed_jobs`;
CREATE TABLE `failed_jobs` (
  `id` bigint unsigned NOT NULL AUTO_INCREMENT,
  `uuid` varchar(255) COLLATE utf8mb4_unicode_ci NOT NULL,
  `connection` text COLLATE utf8mb4_unicode_ci NOT NULL,
  `queue` text COLLATE utf8mb4_unicode_ci NOT NULL,
  `payload` longtext COLLATE utf8mb4_unicode_ci NOT NULL,
  `exception` longtext COLLATE utf8mb4_unicode_ci NOT NULL,
  `failed_at` timestamp NOT NULL DEFAULT CURRENT_TIMESTAMP,
  PRIMARY KEY (`id`),
  UNIQUE KEY `failed_jobs_uuid_unique` (`uuid`)
) ENGINE=InnoDB DEFAULT CHARSET=utf8mb4 COLLATE=utf8mb4_unicode_ci;

DROP TABLE IF EXISTS `imports`;
CREATE TABLE `imports` (
  `id` bigint unsigned NOT NULL AUTO_INCREMENT,
  `completed_at` timestamp NULL DEFAULT NULL,
  `file_name` varchar(255) COLLATE utf8mb4_unicode_ci NOT NULL,
  `file_path` varchar(255) COLLATE utf8mb4_unicode_ci NOT NULL,
  `importer` varchar(255) COLLATE utf8mb4_unicode_ci NOT NULL,
  `processed_rows` int unsigned NOT NULL DEFAULT '0',
  `total_rows` int unsigned NOT NULL,
  `successful_rows` int unsigned NOT NULL DEFAULT '0',
  `user_id` bigint unsigned NOT NULL,
  `created_at` timestamp NULL DEFAULT NULL,
  `updated_at` timestamp NULL DEFAULT NULL,
  PRIMARY KEY (`id`),
  KEY `imports_user_id_foreign` (`user_id`),
  CONSTRAINT `imports_user_id_foreign` FOREIGN KEY (`user_id`) REFERENCES `users` (`id`) ON DELETE CASCADE
) ENGINE=InnoDB AUTO_INCREMENT=2 DEFAULT CHARSET=utf8mb4 COLLATE=utf8mb4_unicode_ci;

DROP TABLE IF EXISTS `item_requests`;
CREATE TABLE `item_requests` (
  `id` bigint unsigned NOT NULL AUTO_INCREMENT,
  `user_id` bigint unsigned DEFAULT NULL,
  `requester_name` varchar(255) COLLATE utf8mb4_unicode_ci DEFAULT NULL,
  `requestable_type` varchar(255) COLLATE utf8mb4_unicode_ci NOT NULL,
  `requestable_id` bigint unsigned NOT NULL,
  `status` varchar(255) COLLATE utf8mb4_unicode_ci NOT NULL DEFAULT 'pending',
  `qty` int unsigned NOT NULL DEFAULT '1',
  `reason` text COLLATE utf8mb4_unicode_ci,
  `deny_reason` text COLLATE utf8mb4_unicode_ci,
  `handled_by` bigint unsigned DEFAULT NULL,
  `handled_at` timestamp NULL DEFAULT NULL,
  `fulfilled_at` timestamp NULL DEFAULT NULL,
  `created_at` timestamp NULL DEFAULT NULL,
  `updated_at` timestamp NULL DEFAULT NULL,
  PRIMARY KEY (`id`),
  KEY `item_requests_requestable_type_requestable_id_index` (`requestable_type`,`requestable_id`),
  KEY `item_requests_handled_by_foreign` (`handled_by`),
  KEY `item_requests_status_index` (`status`),
  KEY `item_requests_user_id_foreign` (`user_id`),
  CONSTRAINT `item_requests_handled_by_foreign` FOREIGN KEY (`handled_by`) REFERENCES `users` (`id`) ON DELETE SET NULL,
  CONSTRAINT `item_requests_user_id_foreign` FOREIGN KEY (`user_id`) REFERENCES `users` (`id`) ON DELETE SET NULL
) ENGINE=InnoDB DEFAULT CHARSET=utf8mb4 COLLATE=utf8mb4_unicode_ci;

DROP TABLE IF EXISTS `job_batches`;
CREATE TABLE `job_batches` (
  `id` varchar(255) COLLATE utf8mb4_unicode_ci NOT NULL,
  `name` varchar(255) COLLATE utf8mb4_unicode_ci NOT NULL,
  `total_jobs` int NOT NULL,
  `pending_jobs` int NOT NULL,
  `failed_jobs` int NOT NULL,
  `failed_job_ids` longtext COLLATE utf8mb4_unicode_ci NOT NULL,
  `options` mediumtext COLLATE utf8mb4_unicode_ci,
  `cancelled_at` int DEFAULT NULL,
  `created_at` int NOT NULL,
  `finished_at` int DEFAULT NULL,
  PRIMARY KEY (`id`)
) ENGINE=InnoDB DEFAULT CHARSET=utf8mb4 COLLATE=utf8mb4_unicode_ci;

DROP TABLE IF EXISTS `jobs`;
CREATE TABLE `jobs` (
  `id` bigint unsigned NOT NULL AUTO_INCREMENT,
  `queue` varchar(255) COLLATE utf8mb4_unicode_ci NOT NULL,
  `payload` longtext COLLATE utf8mb4_unicode_ci NOT NULL,
  `attempts` tinyint unsigned NOT NULL,
  `reserved_at` int unsigned DEFAULT NULL,
  `available_at` int unsigned NOT NULL,
  `created_at` int unsigned NOT NULL,
  PRIMARY KEY (`id`),
  KEY `jobs_queue_index` (`queue`)
) ENGINE=InnoDB AUTO_INCREMENT=12 DEFAULT CHARSET=utf8mb4 COLLATE=utf8mb4_unicode_ci;

DROP TABLE IF EXISTS `license_seats`;
CREATE TABLE `license_seats` (
  `id` bigint unsigned NOT NULL AUTO_INCREMENT,
  `license_id` bigint unsigned NOT NULL,
  `assigned_to` bigint unsigned DEFAULT NULL,
  `asset_id` bigint unsigned DEFAULT NULL,
  `assigned_at` timestamp NULL DEFAULT NULL,
  `created_at` timestamp NULL DEFAULT NULL,
  `updated_at` timestamp NULL DEFAULT NULL,
  PRIMARY KEY (`id`),
  KEY `license_seats_license_id_foreign` (`license_id`),
  KEY `license_seats_assigned_to_foreign` (`assigned_to`),
  KEY `license_seats_asset_id_foreign` (`asset_id`),
  CONSTRAINT `license_seats_asset_id_foreign` FOREIGN KEY (`asset_id`) REFERENCES `assets` (`id`) ON DELETE SET NULL,
  CONSTRAINT `license_seats_assigned_to_foreign` FOREIGN KEY (`assigned_to`) REFERENCES `users` (`id`) ON DELETE SET NULL,
  CONSTRAINT `license_seats_license_id_foreign` FOREIGN KEY (`license_id`) REFERENCES `licenses` (`id`) ON DELETE CASCADE
) ENGINE=InnoDB DEFAULT CHARSET=utf8mb4 COLLATE=utf8mb4_unicode_ci;

DROP TABLE IF EXISTS `licenses`;
CREATE TABLE `licenses` (
  `id` bigint unsigned NOT NULL AUTO_INCREMENT,
  `name` varchar(255) COLLATE utf8mb4_unicode_ci NOT NULL,
  `product_key` varchar(255) COLLATE utf8mb4_unicode_ci DEFAULT NULL,
  `category_id` bigint unsigned NOT NULL,
  `manufacturer_id` bigint unsigned DEFAULT NULL,
  `license_type` varchar(255) COLLATE utf8mb4_unicode_ci NOT NULL,
  `seats` int unsigned NOT NULL DEFAULT '1',
  `expiration_date` date DEFAULT NULL,
  `purchase_date` date DEFAULT NULL,
  `purchase_cost` decimal(10,2) DEFAULT NULL,
  `order_number` varchar(255) COLLATE utf8mb4_unicode_ci DEFAULT NULL,
  `maintained` tinyint(1) NOT NULL DEFAULT '0',
  `requestable` tinyint(1) NOT NULL DEFAULT '0',
  `notes` text COLLATE utf8mb4_unicode_ci,
  `created_at` timestamp NULL DEFAULT NULL,
  `updated_at` timestamp NULL DEFAULT NULL,
  PRIMARY KEY (`id`),
  KEY `licenses_category_id_foreign` (`category_id`),
  KEY `licenses_manufacturer_id_foreign` (`manufacturer_id`),
  CONSTRAINT `licenses_category_id_foreign` FOREIGN KEY (`category_id`) REFERENCES `categories` (`id`) ON DELETE CASCADE,
  CONSTRAINT `licenses_manufacturer_id_foreign` FOREIGN KEY (`manufacturer_id`) REFERENCES `manufacturers` (`id`) ON DELETE SET NULL
) ENGINE=InnoDB DEFAULT CHARSET=utf8mb4 COLLATE=utf8mb4_unicode_ci;

DROP TABLE IF EXISTS `locations`;
CREATE TABLE `locations` (
  `id` bigint unsigned NOT NULL AUTO_INCREMENT,
  `name` varchar(255) COLLATE utf8mb4_unicode_ci NOT NULL,
  `address` varchar(255) COLLATE utf8mb4_unicode_ci DEFAULT NULL,
  `city` varchar(255) COLLATE utf8mb4_unicode_ci DEFAULT NULL,
  `state` varchar(255) COLLATE utf8mb4_unicode_ci DEFAULT NULL,
  `country` varchar(255) COLLATE utf8mb4_unicode_ci DEFAULT NULL,
  `parent_id` bigint unsigned DEFAULT NULL,
  `created_at` timestamp NULL DEFAULT NULL,
  `updated_at` timestamp NULL DEFAULT NULL,
  PRIMARY KEY (`id`),
  UNIQUE KEY `locations_name_parent_id_unique` (`name`,`parent_id`),
  KEY `locations_parent_id_foreign` (`parent_id`),
  CONSTRAINT `locations_parent_id_foreign` FOREIGN KEY (`parent_id`) REFERENCES `locations` (`id`) ON DELETE SET NULL
) ENGINE=InnoDB AUTO_INCREMENT=94 DEFAULT CHARSET=utf8mb4 COLLATE=utf8mb4_unicode_ci;

DROP TABLE IF EXISTS `manufacturers`;
CREATE TABLE `manufacturers` (
  `id` bigint unsigned NOT NULL AUTO_INCREMENT,
  `name` varchar(255) COLLATE utf8mb4_unicode_ci NOT NULL,
  `url` varchar(255) COLLATE utf8mb4_unicode_ci DEFAULT NULL,
  `support_url` varchar(255) COLLATE utf8mb4_unicode_ci DEFAULT NULL,
  `support_phone` varchar(255) COLLATE utf8mb4_unicode_ci DEFAULT NULL,
  `image` varchar(255) COLLATE utf8mb4_unicode_ci DEFAULT NULL,
  `created_at` timestamp NULL DEFAULT NULL,
  `updated_at` timestamp NULL DEFAULT NULL,
  PRIMARY KEY (`id`),
  UNIQUE KEY `manufacturers_name_unique` (`name`)
) ENGINE=InnoDB AUTO_INCREMENT=2 DEFAULT CHARSET=utf8mb4 COLLATE=utf8mb4_unicode_ci;

DROP TABLE IF EXISTS `migrations`;
CREATE TABLE `migrations` (
  `id` int unsigned NOT NULL AUTO_INCREMENT,
  `migration` varchar(255) COLLATE utf8mb4_unicode_ci NOT NULL,
  `batch` int NOT NULL,
  PRIMARY KEY (`id`)
) ENGINE=InnoDB AUTO_INCREMENT=54 DEFAULT CHARSET=utf8mb4 COLLATE=utf8mb4_unicode_ci;

DROP TABLE IF EXISTS `notifications`;
CREATE TABLE `notifications` (
  `id` char(36) COLLATE utf8mb4_unicode_ci NOT NULL,
  `type` varchar(255) COLLATE utf8mb4_unicode_ci NOT NULL,
  `notifiable_type` varchar(255) COLLATE utf8mb4_unicode_ci NOT NULL,
  `notifiable_id` bigint unsigned NOT NULL,
  `data` text COLLATE utf8mb4_unicode_ci NOT NULL,
  `read_at` timestamp NULL DEFAULT NULL,
  `created_at` timestamp NULL DEFAULT NULL,
  `updated_at` timestamp NULL DEFAULT NULL,
  PRIMARY KEY (`id`),
  KEY `notifications_notifiable_type_notifiable_id_index` (`notifiable_type`,`notifiable_id`)
) ENGINE=InnoDB DEFAULT CHARSET=utf8mb4 COLLATE=utf8mb4_unicode_ci;

DROP TABLE IF EXISTS `password_reset_tokens`;
CREATE TABLE `password_reset_tokens` (
  `email` varchar(255) COLLATE utf8mb4_unicode_ci NOT NULL,
  `token` varchar(255) COLLATE utf8mb4_unicode_ci NOT NULL,
  `created_at` timestamp NULL DEFAULT NULL,
  PRIMARY KEY (`email`)
) ENGINE=InnoDB DEFAULT CHARSET=utf8mb4 COLLATE=utf8mb4_unicode_ci;

DROP TABLE IF EXISTS `preventive_maintenance_checklist_items`;
CREATE TABLE `preventive_maintenance_checklist_items` (
  `id` bigint unsigned NOT NULL AUTO_INCREMENT,
  `preventive_maintenance_checklist_id` bigint unsigned NOT NULL,
  `task` varchar(255) COLLATE utf8mb4_unicode_ci NOT NULL,
  `input_label` varchar(255) COLLATE utf8mb4_unicode_ci DEFAULT NULL,
  `sort_order` int unsigned NOT NULL DEFAULT '0',
  `is_required` tinyint(1) NOT NULL DEFAULT '1',
  `created_at` timestamp NULL DEFAULT NULL,
  `updated_at` timestamp NULL DEFAULT NULL,
  PRIMARY KEY (`id`),
  KEY `pm_checklist_items_checklist_sort_idx` (`preventive_maintenance_checklist_id`,`sort_order`),
  CONSTRAINT `pm_checklist_items_checklist_id_foreign` FOREIGN KEY (`preventive_maintenance_checklist_id`) REFERENCES `preventive_maintenance_checklists` (`id`) ON DELETE CASCADE
) ENGINE=InnoDB AUTO_INCREMENT=26 DEFAULT CHARSET=utf8mb4 COLLATE=utf8mb4_unicode_ci;

DROP TABLE IF EXISTS `preventive_maintenance_checklists`;
CREATE TABLE `preventive_maintenance_checklists` (
  `id` bigint unsigned NOT NULL AUTO_INCREMENT,
  `category_id` bigint unsigned NOT NULL,
  `instructions` text COLLATE utf8mb4_unicode_ci,
  `is_active` tinyint(1) NOT NULL DEFAULT '1',
  `created_by` bigint unsigned DEFAULT NULL,
  `updated_by` bigint unsigned DEFAULT NULL,
  `created_at` timestamp NULL DEFAULT NULL,
  `updated_at` timestamp NULL DEFAULT NULL,
  PRIMARY KEY (`id`),
  UNIQUE KEY `pm_checklists_category_unique` (`category_id`),
  KEY `preventive_maintenance_checklists_created_by_foreign` (`created_by`),
  KEY `preventive_maintenance_checklists_updated_by_foreign` (`updated_by`),
  CONSTRAINT `preventive_maintenance_checklists_category_id_foreign` FOREIGN KEY (`category_id`) REFERENCES `categories` (`id`) ON DELETE CASCADE,
  CONSTRAINT `preventive_maintenance_checklists_created_by_foreign` FOREIGN KEY (`created_by`) REFERENCES `users` (`id`) ON DELETE SET NULL,
  CONSTRAINT `preventive_maintenance_checklists_updated_by_foreign` FOREIGN KEY (`updated_by`) REFERENCES `users` (`id`) ON DELETE SET NULL
) ENGINE=InnoDB AUTO_INCREMENT=9 DEFAULT CHARSET=utf8mb4 COLLATE=utf8mb4_unicode_ci;

DROP TABLE IF EXISTS `preventive_maintenance_execution_items`;
CREATE TABLE `preventive_maintenance_execution_items` (
  `id` bigint unsigned NOT NULL AUTO_INCREMENT,
  `preventive_maintenance_execution_id` bigint unsigned NOT NULL,
  `preventive_maintenance_checklist_item_id` bigint unsigned DEFAULT NULL,
  `task` varchar(255) COLLATE utf8mb4_unicode_ci NOT NULL,
  `input_label` varchar(255) COLLATE utf8mb4_unicode_ci DEFAULT NULL,
  `input_value` text COLLATE utf8mb4_unicode_ci,
  `is_required` tinyint(1) NOT NULL DEFAULT '1',
  `is_passed` tinyint(1) DEFAULT NULL,
  `item_notes` text COLLATE utf8mb4_unicode_ci,
  `evidence_path` varchar(255) COLLATE utf8mb4_unicode_ci DEFAULT NULL,
  `sort_order` int unsigned NOT NULL DEFAULT '0',
  `created_at` timestamp NULL DEFAULT NULL,
  `updated_at` timestamp NULL DEFAULT NULL,
  PRIMARY KEY (`id`),
  KEY `pm_exec_items_checklist_item_id_foreign` (`preventive_maintenance_checklist_item_id`),
  KEY `pm_exec_items_exec_sort_idx` (`preventive_maintenance_execution_id`,`sort_order`),
  KEY `preventive_maintenance_execution_items_is_passed_index` (`is_passed`),
  CONSTRAINT `pm_exec_items_checklist_item_id_foreign` FOREIGN KEY (`preventive_maintenance_checklist_item_id`) REFERENCES `preventive_maintenance_checklist_items` (`id`) ON DELETE SET NULL,
  CONSTRAINT `pm_exec_items_exec_id_foreign` FOREIGN KEY (`preventive_maintenance_execution_id`) REFERENCES `preventive_maintenance_executions` (`id`) ON DELETE CASCADE
) ENGINE=InnoDB AUTO_INCREMENT=2 DEFAULT CHARSET=utf8mb4 COLLATE=utf8mb4_unicode_ci;

DROP TABLE IF EXISTS `preventive_maintenance_executions`;
CREATE TABLE `preventive_maintenance_executions` (
  `id` bigint unsigned NOT NULL AUTO_INCREMENT,
  `preventive_maintenance_schedule_id` bigint unsigned DEFAULT NULL,
  `preventive_maintenance_checklist_id` bigint unsigned NOT NULL,
  `location_id` bigint unsigned NOT NULL,
  `category_id` bigint unsigned NOT NULL,
  `asset_id` bigint unsigned NOT NULL,
  `status` varchar(32) COLLATE utf8mb4_unicode_ci NOT NULL DEFAULT 'pending',
  `scheduled_for` date DEFAULT NULL,
  `started_at` timestamp NULL DEFAULT NULL,
  `completed_at` timestamp NULL DEFAULT NULL,
  `performed_by` bigint unsigned DEFAULT NULL,
  `general_notes` text COLLATE utf8mb4_unicode_ci,
  `created_at` timestamp NULL DEFAULT NULL,
  `updated_at` timestamp NULL DEFAULT NULL,
  PRIMARY KEY (`id`),
  KEY `pm_exec_schedule_id_foreign` (`preventive_maintenance_schedule_id`),
  KEY `pm_exec_checklist_id_foreign` (`preventive_maintenance_checklist_id`),
  KEY `pm_exec_category_id_foreign` (`category_id`),
  KEY `pm_exec_performed_by_foreign` (`performed_by`),
  KEY `pm_exec_asset_created_idx` (`asset_id`,`created_at`),
  KEY `pm_exec_loc_cat_created_idx` (`location_id`,`category_id`,`created_at`),
  KEY `preventive_maintenance_executions_status_index` (`status`),
  KEY `preventive_maintenance_executions_started_at_index` (`started_at`),
  KEY `preventive_maintenance_executions_completed_at_index` (`completed_at`),
  CONSTRAINT `pm_exec_asset_id_foreign` FOREIGN KEY (`asset_id`) REFERENCES `assets` (`id`) ON DELETE CASCADE,
  CONSTRAINT `pm_exec_category_id_foreign` FOREIGN KEY (`category_id`) REFERENCES `categories` (`id`) ON DELETE CASCADE,
  CONSTRAINT `pm_exec_checklist_id_foreign` FOREIGN KEY (`preventive_maintenance_checklist_id`) REFERENCES `preventive_maintenance_checklists` (`id`) ON DELETE CASCADE,
  CONSTRAINT `pm_exec_location_id_foreign` FOREIGN KEY (`location_id`) REFERENCES `locations` (`id`) ON DELETE CASCADE,
  CONSTRAINT `pm_exec_performed_by_foreign` FOREIGN KEY (`performed_by`) REFERENCES `users` (`id`) ON DELETE SET NULL,
  CONSTRAINT `pm_exec_schedule_id_foreign` FOREIGN KEY (`preventive_maintenance_schedule_id`) REFERENCES `preventive_maintenance_schedules` (`id`) ON DELETE SET NULL
) ENGINE=InnoDB AUTO_INCREMENT=2 DEFAULT CHARSET=utf8mb4 COLLATE=utf8mb4_unicode_ci;

DROP TABLE IF EXISTS `preventive_maintenance_items`;
DROP TABLE IF EXISTS `preventive_maintenance_schedule_checklist`;
CREATE TABLE `preventive_maintenance_schedule_checklist` (
  `id` bigint unsigned NOT NULL AUTO_INCREMENT,
  `preventive_maintenance_schedule_id` bigint unsigned NOT NULL,
  `preventive_maintenance_checklist_id` bigint unsigned NOT NULL,
  `created_at` timestamp NULL DEFAULT NULL,
  `updated_at` timestamp NULL DEFAULT NULL,
  PRIMARY KEY (`id`),
  UNIQUE KEY `pm_schedule_checklist_unique` (`preventive_maintenance_schedule_id`,`preventive_maintenance_checklist_id`),
  KEY `pm_schedule_checklist_schedule_idx` (`preventive_maintenance_schedule_id`),
  KEY `pm_schedule_checklist_checklist_idx` (`preventive_maintenance_checklist_id`),
  CONSTRAINT `pm_schedule_checklist_checklist_id_foreign` FOREIGN KEY (`preventive_maintenance_checklist_id`) REFERENCES `preventive_maintenance_checklists` (`id`) ON DELETE CASCADE,
  CONSTRAINT `pm_schedule_checklist_schedule_id_foreign` FOREIGN KEY (`preventive_maintenance_schedule_id`) REFERENCES `preventive_maintenance_schedules` (`id`) ON DELETE CASCADE
) ENGINE=InnoDB DEFAULT CHARSET=utf8mb4 COLLATE=utf8mb4_unicode_ci;

DROP TABLE IF EXISTS `preventive_maintenance_schedules`;
CREATE TABLE `preventive_maintenance_schedules` (
  `id` bigint unsigned NOT NULL AUTO_INCREMENT,
  `location_id` bigint unsigned NOT NULL,
  `scheduled_for` date DEFAULT NULL,
  `is_active` tinyint(1) NOT NULL DEFAULT '1',
  `created_by` bigint unsigned DEFAULT NULL,
  `updated_by` bigint unsigned DEFAULT NULL,
  `created_at` timestamp NULL DEFAULT NULL,
  `updated_at` timestamp NULL DEFAULT NULL,
  `preventive_maintenance_checklist_id` bigint unsigned DEFAULT NULL,
  PRIMARY KEY (`id`),
  KEY `pm_schedules_created_by_foreign` (`created_by`),
  KEY `pm_schedules_updated_by_foreign` (`updated_by`),
  KEY `pm_schedules_location_idx` (`location_id`),
  KEY `pm_schedules_checklist_id_foreign` (`preventive_maintenance_checklist_id`),
  CONSTRAINT `pm_schedules_checklist_id_foreign` FOREIGN KEY (`preventive_maintenance_checklist_id`) REFERENCES `preventive_maintenance_checklists` (`id`) ON DELETE CASCADE,
  CONSTRAINT `pm_schedules_created_by_foreign` FOREIGN KEY (`created_by`) REFERENCES `users` (`id`) ON DELETE SET NULL,
  CONSTRAINT `pm_schedules_location_id_foreign` FOREIGN KEY (`location_id`) REFERENCES `locations` (`id`) ON DELETE CASCADE,
  CONSTRAINT `pm_schedules_updated_by_foreign` FOREIGN KEY (`updated_by`) REFERENCES `users` (`id`) ON DELETE SET NULL
) ENGINE=InnoDB AUTO_INCREMENT=2 DEFAULT CHARSET=utf8mb4 COLLATE=utf8mb4_unicode_ci;

DROP TABLE IF EXISTS `preventive_maintenance_session_items`;
DROP TABLE IF EXISTS `preventive_maintenance_sessions`;
DROP TABLE IF EXISTS `preventive_maintenances`;
DROP TABLE IF EXISTS `sessions`;
CREATE TABLE `sessions` (
  `id` varchar(255) COLLATE utf8mb4_unicode_ci NOT NULL,
  `user_id` bigint unsigned DEFAULT NULL,
  `ip_address` varchar(45) COLLATE utf8mb4_unicode_ci DEFAULT NULL,
  `user_agent` text COLLATE utf8mb4_unicode_ci,
  `payload` longtext COLLATE utf8mb4_unicode_ci NOT NULL,
  `last_activity` int NOT NULL,
  PRIMARY KEY (`id`),
  KEY `sessions_user_id_index` (`user_id`),
  KEY `sessions_last_activity_index` (`last_activity`)
) ENGINE=InnoDB DEFAULT CHARSET=utf8mb4 COLLATE=utf8mb4_unicode_ci;

DROP TABLE IF EXISTS `status_labels`;
CREATE TABLE `status_labels` (
  `id` bigint unsigned NOT NULL AUTO_INCREMENT,
  `name` varchar(255) COLLATE utf8mb4_unicode_ci NOT NULL,
  `color` varchar(255) COLLATE utf8mb4_unicode_ci DEFAULT NULL,
  `type` varchar(255) COLLATE utf8mb4_unicode_ci NOT NULL,
  `created_at` timestamp NULL DEFAULT NULL,
  `updated_at` timestamp NULL DEFAULT NULL,
  PRIMARY KEY (`id`),
  UNIQUE KEY `status_labels_name_unique` (`name`),
  KEY `status_labels_type_index` (`type`)
) ENGINE=InnoDB AUTO_INCREMENT=10 DEFAULT CHARSET=utf8mb4 COLLATE=utf8mb4_unicode_ci;

DROP TABLE IF EXISTS `suppliers`;
CREATE TABLE `suppliers` (
  `id` bigint unsigned NOT NULL AUTO_INCREMENT,
  `name` varchar(255) COLLATE utf8mb4_unicode_ci NOT NULL,
  `address` varchar(255) COLLATE utf8mb4_unicode_ci DEFAULT NULL,
  `city` varchar(255) COLLATE utf8mb4_unicode_ci DEFAULT NULL,
  `state` varchar(255) COLLATE utf8mb4_unicode_ci DEFAULT NULL,
  `country` varchar(255) COLLATE utf8mb4_unicode_ci DEFAULT NULL,
  `phone` varchar(255) COLLATE utf8mb4_unicode_ci DEFAULT NULL,
  `email` varchar(255) COLLATE utf8mb4_unicode_ci DEFAULT NULL,
  `url` varchar(255) COLLATE utf8mb4_unicode_ci DEFAULT NULL,
  `created_at` timestamp NULL DEFAULT NULL,
  `updated_at` timestamp NULL DEFAULT NULL,
  PRIMARY KEY (`id`),
  UNIQUE KEY `suppliers_name_unique` (`name`)
) ENGINE=InnoDB AUTO_INCREMENT=16 DEFAULT CHARSET=utf8mb4 COLLATE=utf8mb4_unicode_ci;

DROP TABLE IF EXISTS `users`;
CREATE TABLE `users` (
  `id` bigint unsigned NOT NULL AUTO_INCREMENT,
  `name` varchar(255) COLLATE utf8mb4_unicode_ci NOT NULL,
  `email` varchar(255) COLLATE utf8mb4_unicode_ci NOT NULL,
  `employee_id` varchar(255) COLLATE utf8mb4_unicode_ci DEFAULT NULL,
  `department` varchar(255) COLLATE utf8mb4_unicode_ci DEFAULT NULL,
  `job_title` varchar(255) COLLATE utf8mb4_unicode_ci DEFAULT NULL,
  `phone` varchar(255) COLLATE utf8mb4_unicode_ci DEFAULT NULL,
  `location` varchar(255) COLLATE utf8mb4_unicode_ci DEFAULT NULL,
  `avatar` varchar(255) COLLATE utf8mb4_unicode_ci DEFAULT NULL,
  `is_active` tinyint(1) NOT NULL DEFAULT '1',
  `role` varchar(255) COLLATE utf8mb4_unicode_ci NOT NULL DEFAULT 'End User',
  `email_verified_at` timestamp NULL DEFAULT NULL,
  `password` varchar(255) COLLATE utf8mb4_unicode_ci NOT NULL,
  `two_factor_secret` text COLLATE utf8mb4_unicode_ci,
  `two_factor_recovery_codes` text COLLATE utf8mb4_unicode_ci,
  `two_factor_confirmed_at` timestamp NULL DEFAULT NULL,
  `remember_token` varchar(100) COLLATE utf8mb4_unicode_ci DEFAULT NULL,
  `created_at` timestamp NULL DEFAULT NULL,
  `updated_at` timestamp NULL DEFAULT NULL,
  PRIMARY KEY (`id`),
  UNIQUE KEY `users_email_unique` (`email`),
  UNIQUE KEY `users_employee_id_unique` (`employee_id`)
) ENGINE=InnoDB AUTO_INCREMENT=8 DEFAULT CHARSET=utf8mb4 COLLATE=utf8mb4_unicode_ci;









INSERT INTO `asset_models` (`id`, `name`, `manufacturer_id`, `category_id`, `model_number`, `image`, `created_at`, `updated_at`) VALUES
(1, 'HikVision DS-20D2135FWD-I 2.8mm', 1, 6, NULL, NULL, '2026-04-22 07:26:20', '2026-04-22 07:26:20');
INSERT INTO `asset_models` (`id`, `name`, `manufacturer_id`, `category_id`, `model_number`, `image`, `created_at`, `updated_at`) VALUES
(2, 'HikVision DS-2CD2935FWD-I 2.8mm', 1, 6, NULL, NULL, '2026-04-22 07:26:20', '2026-04-22 07:26:20');
INSERT INTO `asset_models` (`id`, `name`, `manufacturer_id`, `category_id`, `model_number`, `image`, `created_at`, `updated_at`) VALUES
(3, 'HikVision DS-2CD2045FWD-I 2.8mm', 1, 6, NULL, NULL, '2026-04-22 07:26:20', '2026-04-22 07:26:20');
INSERT INTO `asset_models` (`id`, `name`, `manufacturer_id`, `category_id`, `model_number`, `image`, `created_at`, `updated_at`) VALUES
(4, 'HikVision DS-2CD2043G0-I 2.8mm', 1, 6, NULL, NULL, '2026-04-22 07:26:20', '2026-04-22 07:26:20'),
(5, 'Camera (CCTV)', 1, 6, NULL, NULL, '2026-04-22 07:26:20', '2026-04-22 07:26:20'),
(6, 'Hik Vision DS-2CE16D0T-IRPF 3.6mm', 1, 6, NULL, NULL, '2026-04-22 07:26:20', '2026-04-22 07:26:20'),
(7, 'HikVision DS-2CD2045FWD-I 4mm', 1, 6, NULL, NULL, '2026-04-22 07:26:20', '2026-04-22 07:26:20'),
(8, 'HIK Vision DS-7732NI-K4', 1, 7, NULL, NULL, '2026-04-22 07:26:20', '2026-04-22 07:26:20'),
(9, 'HIK Vision DS-3E0326P-E', 1, 8, NULL, NULL, '2026-04-22 07:26:20', '2026-04-22 07:26:20'),
(10, 'HIK Vision DS-7608NI-K2/8P', 1, 7, NULL, NULL, '2026-04-22 07:26:20', '2026-04-22 07:26:20'),
(11, 'HIK Vision DS-2CD2063G0-I 2.8mm', 1, 6, NULL, NULL, '2026-04-22 07:26:20', '2026-04-22 07:26:20'),
(12, 'HP 2920 48G PoE+ Switch', 1, 8, NULL, NULL, '2026-04-22 07:26:20', '2026-04-22 07:26:20'),
(13, 'Emerson UPS', 1, 9, NULL, NULL, '2026-04-22 07:26:20', '2026-04-22 07:26:20'),
(14, 'HikVision CCTV Server', 1, 6, NULL, NULL, '2026-04-22 07:26:20', '2026-04-22 07:26:20'),
(15, 'Window Type AC', 1, 10, NULL, NULL, '2026-04-22 07:26:20', '2026-04-22 07:26:20'),
(16, 'HP 2920-24G PoE+', 1, 8, NULL, NULL, '2026-04-22 07:26:20', '2026-04-22 07:26:20'),
(17, 'HP 2920-48G PoE+', 1, 8, NULL, NULL, '2026-04-22 07:26:20', '2026-04-22 07:26:20'),
(18, 'Aruba J9729A', 1, 8, NULL, NULL, '2026-04-22 07:26:20', '2026-04-22 07:26:20'),
(19, 'HP Proliant DL320e Gen8', 1, 11, NULL, NULL, '2026-04-22 07:26:20', '2026-04-22 07:26:20'),
(20, 'HP A5500 JD377A', 1, 8, NULL, NULL, '2026-04-22 07:26:20', '2026-04-22 07:26:20'),
(21, 'HP 2910-48G J9148A', 1, 8, NULL, NULL, '2026-04-22 07:26:20', '2026-04-22 07:26:20'),
(22, 'Nortel 4524GT', 1, 8, NULL, NULL, '2026-04-22 07:26:20', '2026-04-22 07:26:20'),
(23, 'Bay Stack 470-24T', 1, 8, NULL, NULL, '2026-04-22 07:26:20', '2026-04-22 07:26:20'),
(24, '3Com Superstack3 3C16465C', 1, 8, NULL, NULL, '2026-04-22 07:26:20', '2026-04-22 07:26:20'),
(25, '3Com Baseline 2924-SFP Plus', 1, 8, NULL, NULL, '2026-04-22 07:26:20', '2026-04-22 07:26:20'),
(26, 'Nortel 470', 1, 8, NULL, NULL, '2026-04-22 07:26:20', '2026-04-22 07:26:20'),
(27, 'HP Procurve 2524 J4813A', 1, 8, NULL, NULL, '2026-04-22 07:26:20', '2026-04-22 07:26:20'),
(28, 'HP Proliant DL160G6', 1, 11, NULL, NULL, '2026-04-22 07:26:20', '2026-04-22 07:26:20'),
(29, 'HP Proliant DL380G7', 1, 11, NULL, NULL, '2026-04-22 07:26:20', '2026-04-22 07:26:20'),
(30, 'HP Proliant DL360G7', 1, 11, NULL, NULL, '2026-04-22 07:26:20', '2026-04-22 07:26:20'),
(31, 'Fortinet', 1, 12, NULL, NULL, '2026-04-22 07:26:20', '2026-04-22 07:26:20'),
(32, 'Ruckus Zone Director', 1, 13, NULL, NULL, '2026-04-22 07:26:20', '2026-04-22 07:26:20'),
(33, 'Quintum AXM2400', 1, 14, NULL, NULL, '2026-04-22 07:26:20', '2026-04-22 07:26:20'),
(34, 'Lenovo System X 3650 M5', 1, 11, NULL, NULL, '2026-04-22 07:26:20', '2026-04-22 07:26:20'),
(35, '3Com Baseline 10/100', 1, 8, NULL, NULL, '2026-04-22 07:26:20', '2026-04-22 07:26:20'),
(36, 'HP 2920-48G J9729A', 1, 8, NULL, NULL, '2026-04-22 07:26:20', '2026-04-22 07:26:20'),
(37, 'HP J9729A', 1, 8, NULL, NULL, '2026-04-22 07:26:20', '2026-04-22 07:26:20'),
(38, 'HPE 1920S 24G', 1, 8, NULL, NULL, '2026-04-22 07:26:20', '2026-04-22 07:26:20'),
(39, 'HPE 1920S 48G', 1, 8, NULL, NULL, '2026-04-22 07:26:20', '2026-04-22 07:26:20'),
(40, 'TP-Link 16 Port', 1, 8, NULL, NULL, '2026-04-22 07:26:21', '2026-04-22 07:26:21'),
(41, 'TP-Link 48 Port', 1, 8, NULL, NULL, '2026-04-22 07:26:21', '2026-04-22 07:26:21'),
(42, 'Aruba 2930M 24G POE+', 1, 8, NULL, NULL, '2026-04-22 07:26:21', '2026-04-22 07:26:21'),
(43, 'Aruba 2930M 48G POE+', 1, 8, NULL, NULL, '2026-04-22 07:26:21', '2026-04-22 07:26:21'),
(44, 'Ubiquiti UniFi AP Outdoor+', 1, 15, NULL, NULL, '2026-04-22 07:26:21', '2026-04-22 07:26:21'),
(45, 'Ubiquiti UniFi AP', 1, 15, NULL, NULL, '2026-04-22 07:26:21', '2026-04-22 07:26:21'),
(46, 'Ubiquiti UniFi AP LR', 1, 15, NULL, NULL, '2026-04-22 07:26:21', '2026-04-22 07:26:21'),
(47, 'Ubiquiti UniFi AP Outdoor', 1, 15, NULL, NULL, '2026-04-22 07:26:22', '2026-04-22 07:26:22'),
(48, 'Ubiquiti NanoBeam AC NBE-5AC-19', 1, 15, NULL, NULL, '2026-04-22 07:26:22', '2026-04-22 07:26:22'),
(49, 'Ubiquiti UniFi AP AC Pro', 1, 15, NULL, NULL, '2026-04-22 07:26:22', '2026-04-22 07:26:22'),
(50, 'Ubiquiti UAP-Outdoor', 1, 15, NULL, NULL, '2026-04-22 07:26:22', '2026-04-22 07:26:22'),
(51, 'Ubiquiti UAP-AC-PRO', 1, 15, NULL, NULL, '2026-04-22 07:26:22', '2026-04-22 07:26:22'),
(52, 'Ubiquiti Unifi AP-AC-Pro', 1, 15, NULL, NULL, '2026-04-22 07:26:22', '2026-04-22 07:26:22'),
(53, 'Ubiquiti Unifi Cloud Key', 1, 13, NULL, NULL, '2026-04-22 07:26:22', '2026-04-22 07:26:22'),
(54, 'Ubiquiti Edge Router X', 1, 16, NULL, NULL, '2026-04-22 07:26:22', '2026-04-22 07:26:22'),
(55, 'Ubiquiti UAP AC-PRO', 1, 15, NULL, NULL, '2026-04-22 07:26:22', '2026-04-22 07:26:22'),
(56, 'Ubiquiti UAP-AC-M-PRO', 1, 15, NULL, NULL, '2026-04-22 07:26:22', '2026-04-22 07:26:22'),
(57, 'Ubiquiti Unifi Switch 16 150W', 1, 8, NULL, NULL, '2026-04-22 07:26:22', '2026-04-22 07:26:22'),
(58, 'APC Back-UPS', 1, 9, NULL, NULL, '2026-04-22 07:26:22', '2026-04-22 07:26:22'),
(59, 'Fortigate 200A', 1, 17, NULL, NULL, '2026-04-22 07:26:22', '2026-04-22 07:26:22'),
(60, 'Yealink VOIP', 1, 18, NULL, NULL, '2026-04-22 07:26:22', '2026-04-22 07:26:22'),
(61, 'Sennheiser Wireless Mic', 1, 19, NULL, NULL, '2026-04-22 07:26:22', '2026-04-22 07:26:22'),
(62, 'Sennheiser Microphone', 1, 19, NULL, NULL, '2026-04-22 07:26:23', '2026-04-22 07:26:23'),
(63, 'Samson Mic Stand', 1, 19, NULL, NULL, '2026-04-22 07:26:23', '2026-04-22 07:26:23'),
(64, 'ViewSonic LCD', 1, 20, NULL, NULL, '2026-04-22 07:26:23', '2026-04-22 07:26:23'),
(65, 'Clone', 1, 21, NULL, NULL, '2026-04-22 07:26:23', '2026-04-22 07:26:23'),
(66, 'Logitech', 1, 22, NULL, NULL, '2026-04-22 07:26:23', '2026-04-22 07:26:23'),
(67, 'Imation', 1, 23, NULL, NULL, '2026-04-22 07:26:23', '2026-04-22 07:26:23'),
(68, 'Vision', 1, 24, NULL, NULL, '2026-04-22 07:26:23', '2026-04-22 07:26:23'),
(69, 'Allen & Heath ZED 22FX', 1, 25, NULL, NULL, '2026-04-22 07:26:23', '2026-04-22 07:26:23'),
(70, 'Emerson GXT3-2000RT230', 1, 9, NULL, NULL, '2026-04-22 07:26:23', '2026-04-22 07:26:23'),
(71, 'Apple Lightning to VGA Adapter A1439', 1, 26, NULL, NULL, '2026-04-22 07:26:23', '2026-04-22 07:26:23'),
(72, 'Apple Mini DisplayPort to VGA A1307', 1, 26, NULL, NULL, '2026-04-22 07:26:23', '2026-04-22 07:26:23'),
(73, 'Symnet Express 8x8 Cobra', 1, 27, NULL, NULL, '2026-04-22 07:26:23', '2026-04-22 07:26:23'),
(74, 'Extron Digital Crosspoint', 1, 28, NULL, NULL, '2026-04-22 07:26:23', '2026-04-22 07:26:23'),
(75, 'Emerson GXT2-1000RT230', 1, 9, NULL, NULL, '2026-04-22 07:26:23', '2026-04-22 07:26:23'),
(76, 'One Access Networks', 1, 29, NULL, NULL, '2026-04-22 07:26:23', '2026-04-22 07:26:23'),
(77, 'Cisco 1840', 1, 16, NULL, NULL, '2026-04-22 07:26:23', '2026-04-22 07:26:23'),
(78, 'Carrier Split 1HP', 1, 10, NULL, NULL, '2026-04-22 07:26:23', '2026-04-22 07:26:23'),
(79, 'Casio XJ-H1700', 1, 30, NULL, NULL, '2026-04-22 07:26:23', '2026-04-22 07:26:23'),
(80, 'Extron DXP 44 HDMI', 1, 28, NULL, NULL, '2026-04-22 07:26:23', '2026-04-22 07:26:23'),
(81, 'Extron DTP HDMI 230 TX', 1, 31, NULL, NULL, '2026-04-22 07:26:23', '2026-04-22 07:26:23'),
(82, 'Extron DTP HDMI 230 RX', 1, 31, NULL, NULL, '2026-04-22 07:26:23', '2026-04-22 07:26:23'),
(83, 'Extron RGB HDMI 300A', 1, 32, NULL, NULL, '2026-04-22 07:26:23', '2026-04-22 07:26:23'),
(84, 'Projector Ceiling Bracket', 1, 33, NULL, NULL, '2026-04-22 07:26:23', '2026-04-22 07:26:23'),
(85, 'Clearview 6x8 Motorized Screen', 1, 33, NULL, NULL, '2026-04-22 07:26:23', '2026-04-22 07:26:23'),
(86, 'Sony HDR-SR111', 1, 34, NULL, NULL, '2026-04-22 07:26:23', '2026-04-22 07:26:23'),
(87, 'Dalite 6x8 Fast Fold Screen', 1, 33, NULL, NULL, '2026-04-22 07:26:23', '2026-04-22 07:26:23'),
(88, 'Logitech Clicker/Presenter', 1, 35, NULL, NULL, '2026-04-22 07:26:23', '2026-04-22 07:26:23'),
(89, '9V Rechargeable Battery', 1, 36, NULL, NULL, '2026-04-22 07:26:23', '2026-04-22 07:26:23'),
(90, 'Power Adapter', 1, 36, NULL, NULL, '2026-04-22 07:26:23', '2026-04-22 07:26:23'),
(91, 'SHURE SVX Wireless', 1, 19, NULL, NULL, '2026-04-22 07:26:23', '2026-04-22 07:26:23'),
(92, 'Carrier Split Type', 1, 10, NULL, NULL, '2026-04-22 07:26:23', '2026-04-22 07:26:23'),
(93, 'Carrier Indoor', 1, 10, NULL, NULL, '2026-04-22 07:26:23', '2026-04-22 07:26:23'),
(94, 'Acer Mouse', 1, 23, NULL, NULL, '2026-04-22 07:26:23', '2026-04-22 07:26:23'),
(95, 'Clone Wi-Fi Server', 1, 21, NULL, NULL, '2026-04-22 07:26:23', '2026-04-22 07:26:23'),
(96, 'A4Tech Keyboard', 1, 22, NULL, NULL, '2026-04-22 07:26:23', '2026-04-22 07:26:23'),
(97, 'Samsung Monitor LCD', 1, 20, NULL, NULL, '2026-04-22 07:26:23', '2026-04-22 07:26:23'),
(98, 'Phoenix V 2000', 1, 9, NULL, NULL, '2026-04-22 07:26:23', '2026-04-22 07:26:23'),
(99, 'Lenovo MT-M 10AQ-CO4VPC', 1, 21, NULL, NULL, '2026-04-22 07:26:23', '2026-04-22 07:26:23'),
(100, 'Yealink T21P', 1, 18, NULL, NULL, '2026-04-22 07:26:23', '2026-04-22 07:26:23'),
(101, 'IBM Library System', 1, 11, NULL, NULL, '2026-04-22 07:26:23', '2026-04-22 07:26:23'),
(102, 'HP Proliant DL380 G7', 1, 11, NULL, NULL, '2026-04-22 07:26:23', '2026-04-22 07:26:23'),
(103, 'Quintum Technologies Tenor AX', 1, 14, NULL, NULL, '2026-04-22 07:26:23', '2026-04-22 07:26:23'),
(104, 'Emerson Network Power', 1, 9, NULL, NULL, '2026-04-22 07:26:23', '2026-04-22 07:26:23'),
(105, 'Nortel Network', 1, 9, NULL, NULL, '2026-04-22 07:26:23', '2026-04-22 07:26:23'),
(106, 'Fortinet 620B', 1, 17, NULL, NULL, '2026-04-22 07:26:23', '2026-04-22 07:26:23'),
(107, 'Cisco 4351', 1, 16, NULL, NULL, '2026-04-22 07:26:23', '2026-04-22 07:26:23'),
(108, 'Huawei PAC-60WG-L', 1, 37, NULL, NULL, '2026-04-22 07:26:23', '2026-04-22 07:26:23'),
(109, 'Emerson GXT10000-MT', 1, 9, NULL, NULL, '2026-04-22 07:26:23', '2026-04-22 07:26:23'),
(110, 'Cisco Catalyst 4500-X', 1, 8, NULL, NULL, '2026-04-22 07:26:23', '2026-04-22 07:26:23'),
(111, 'Cisco Catalyst 4500X 750W PSU', 1, 37, NULL, NULL, '2026-04-22 07:26:23', '2026-04-22 07:26:23'),
(112, 'Cisco Catalyst 4500X NM Blank', 1, 12, NULL, NULL, '2026-04-22 07:26:23', '2026-04-22 07:26:23'),
(113, 'NEMA 5-15 to IEC-C15', 1, 36, NULL, NULL, '2026-04-22 07:26:23', '2026-04-22 07:26:23'),
(114, 'Socomec NPR-1700-RT', 1, 9, NULL, NULL, '2026-04-22 07:26:23', '2026-04-22 07:26:23'),
(115, 'Gigabit Ethernet Media Converter', 1, 12, NULL, NULL, '2026-04-22 07:26:23', '2026-04-22 07:26:23'),
(116, 'Panasonic KX-NS100', 1, 38, NULL, NULL, '2026-04-22 07:26:23', '2026-04-22 07:26:23'),
(117, 'Panasonic KX-TDE620', 1, 38, NULL, NULL, '2026-04-22 07:26:23', '2026-04-22 07:26:23'),
(118, 'Panasonic KX-NT553X', 1, 18, NULL, NULL, '2026-04-22 07:26:23', '2026-04-22 07:26:23'),
(119, 'Fortinet FG-601E', 1, 17, NULL, NULL, '2026-04-22 07:26:23', '2026-04-22 07:26:23'),
(120, 'Fortinet FG-TR-AN-SFP+SR', 1, 39, NULL, NULL, '2026-04-22 07:26:24', '2026-04-22 07:26:24'),
(121, 'Fortinet SP-FG300E-PS', 1, 37, NULL, NULL, '2026-04-22 07:26:24', '2026-04-22 07:26:24'),
(122, 'FTLF8519P3BNL', 1, 39, NULL, NULL, '2026-04-22 07:26:24', '2026-04-22 07:26:24'),
(123, 'Dell PowerEdge R440', 1, 11, NULL, NULL, '2026-04-22 07:26:24', '2026-04-22 07:26:24'),
(124, 'Panasonic KX-NT551X', 1, 18, NULL, NULL, '2026-04-22 07:26:24', '2026-04-22 07:26:24'),
(125, 'Panasonic KX-NT511-P', 1, 18, NULL, NULL, '2026-04-22 07:26:24', '2026-04-22 07:26:24'),
(126, 'Panasonic KX-NT511P', 1, 18, NULL, NULL, '2026-04-22 07:26:25', '2026-04-22 07:26:25'),
(127, 'PoE Long Range Switch WI-PS210G', 1, 8, NULL, NULL, '2026-04-22 07:26:25', '2026-04-22 07:26:25'),
(128, 'Ruckus R700', 1, 15, NULL, NULL, '2026-04-22 07:26:25', '2026-04-22 07:26:25'),
(129, 'Nortel 1000Base-SX AA1419014', 1, 39, NULL, NULL, '2026-04-22 07:26:25', '2026-04-22 07:26:25'),
(130, 'HP SFP-GE-550-850-MM', 1, 39, NULL, NULL, '2026-04-22 07:26:25', '2026-04-22 07:26:25'),
(131, 'HP SFP LX J4859C', 1, 39, NULL, NULL, '2026-04-22 07:26:25', '2026-04-22 07:26:25'),
(132, 'HP SFP SX J4858C', 1, 39, NULL, NULL, '2026-04-22 07:26:25', '2026-04-22 07:26:25'),
(133, 'HP SFX LX J4858C', 1, 39, NULL, NULL, '2026-04-22 07:26:25', '2026-04-22 07:26:25'),
(134, 'HP HP Transceiver J4859C', 1, 39, NULL, NULL, '2026-04-22 07:26:25', '2026-04-22 07:26:25'),
(135, '1000BASE-LX/LH SFP Module', 1, 39, NULL, NULL, '2026-04-22 07:26:26', '2026-04-22 07:26:26'),
(136, 'HP J4859C', 1, 39, NULL, NULL, '2026-04-22 07:26:26', '2026-04-22 07:26:26'),
(137, 'Cisco GLC-TE 1000BASE-T SFP', 1, 39, NULL, NULL, '2026-04-22 07:26:26', '2026-04-22 07:26:26'),
(138, 'Aruba 1G SFP LC SX 500m', 1, 39, NULL, NULL, '2026-04-22 07:26:26', '2026-04-22 07:26:26'),
(139, 'Aruba 1G SFP LC SX 10km', 1, 39, NULL, NULL, '2026-04-22 07:26:26', '2026-04-22 07:26:26'),
(140, 'TP-Link Archer T2U AC600', 1, 40, NULL, NULL, '2026-04-22 07:26:26', '2026-04-22 07:26:26'),
(141, 'TP-Link 300Mbps Mini Wireless N USB', 1, 40, NULL, NULL, '2026-04-22 07:26:26', '2026-04-22 07:26:26'),
(142, 'EDIMAX Wireless nLite Mini USB', 1, 40, NULL, NULL, '2026-04-22 07:26:26', '2026-04-22 07:26:26'),
(143, 'TP-Link TL-POE150S', 1, 12, NULL, NULL, '2026-04-22 07:26:26', '2026-04-22 07:26:26'),
(144, 'Clone System Unit', 1, 21, NULL, NULL, '2026-04-22 07:26:26', '2026-04-22 07:26:26'),
(145, 'ViewSonic', 1, 20, NULL, NULL, '2026-04-22 07:26:27', '2026-04-22 07:26:27'),
(146, 'A4Tech', 1, 22, NULL, NULL, '2026-04-22 07:26:27', '2026-04-22 07:26:27'),
(147, 'A4Tech', 1, 23, NULL, NULL, '2026-04-22 07:26:27', '2026-04-22 07:26:27'),
(148, 'APC', 1, 9, NULL, NULL, '2026-04-22 07:26:27', '2026-04-22 07:26:27'),
(149, 'LG E1941TX', 1, 20, NULL, NULL, '2026-04-22 07:26:27', '2026-04-22 07:26:27'),
(150, '3COM Baseline 10/100 Switch 24 port', 1, 8, NULL, NULL, '2026-04-22 07:26:27', '2026-04-22 07:26:27'),
(151, 'Acer', 1, 20, NULL, NULL, '2026-04-22 07:26:27', '2026-04-22 07:26:27'),
(152, 'Acer', 1, 23, NULL, NULL, '2026-04-22 07:26:27', '2026-04-22 07:26:27'),
(153, 'Acer', 1, 22, NULL, NULL, '2026-04-22 07:26:27', '2026-04-22 07:26:27'),
(154, 'Lenovo', 1, 21, NULL, NULL, '2026-04-22 07:26:27', '2026-04-22 07:26:27'),
(155, 'Lenovo', 1, 20, NULL, NULL, '2026-04-22 07:26:27', '2026-04-22 07:26:27'),
(156, 'Carrier Window Type', 1, 10, NULL, NULL, '2026-04-22 07:26:28', '2026-04-22 07:26:28'),
(157, 'Eureka', 1, 41, NULL, NULL, '2026-04-22 07:26:28', '2026-04-22 07:26:28'),
(158, 'Plastic Chair', 1, 42, NULL, NULL, '2026-04-22 07:26:28', '2026-04-22 07:26:28'),
(159, 'Wooden Chair', 1, 42, NULL, NULL, '2026-04-22 07:26:28', '2026-04-22 07:26:28'),
(160, 'Ridgid', 1, 43, NULL, NULL, '2026-04-22 07:26:28', '2026-04-22 07:26:28'),
(161, 'Steel Ladder', 1, 44, NULL, NULL, '2026-04-22 07:26:28', '2026-04-22 07:26:28'),
(162, 'Canon EOS 60D', 1, 34, NULL, NULL, '2026-04-22 07:26:28', '2026-04-22 07:26:28'),
(163, 'Epson LW-900P', 1, 45, NULL, NULL, '2026-04-22 07:26:28', '2026-04-22 07:26:28'),
(164, 'HP Scanjet 3670', 1, 46, NULL, NULL, '2026-04-22 07:26:28', '2026-04-22 07:26:28'),
(165, 'APC UPS 625', 1, 9, NULL, NULL, '2026-04-22 07:26:28', '2026-04-22 07:26:28'),
(166, 'HP', 1, 22, NULL, NULL, '2026-04-22 07:26:28', '2026-04-22 07:26:28'),
(167, 'Vivotek PZ 6114', 1, 6, NULL, NULL, '2026-04-22 07:26:28', '2026-04-22 07:26:28'),
(168, 'HP LaserJet P1006', 1, 45, NULL, NULL, '2026-04-22 07:26:28', '2026-04-22 07:26:28'),
(169, 'SOYAL AR-727 CM-V3', 1, 47, NULL, NULL, '2026-04-22 07:26:28', '2026-04-22 07:26:28'),
(170, 'SOYAL AR-731', 1, 47, NULL, NULL, '2026-04-22 07:26:28', '2026-04-22 07:26:28'),
(171, 'SOYAL AR-725', 1, 47, NULL, NULL, '2026-04-22 07:26:28', '2026-04-22 07:26:28'),
(172, 'Precision Screw Driver STAR 610T', 1, 44, NULL, NULL, '2026-04-22 07:26:28', '2026-04-22 07:26:28'),
(173, 'TONE GEN 100', 1, 44, NULL, NULL, '2026-04-22 07:26:28', '2026-04-22 07:26:28'),
(174, 'Fluke Network Intellitone Pro 200 LAN', 1, 44, NULL, NULL, '2026-04-22 07:26:28', '2026-04-22 07:26:28'),
(175, 'Fluke Network MicroScanner 2', 1, 44, NULL, NULL, '2026-04-22 07:26:28', '2026-04-22 07:26:28'),
(176, 'Siemon STM8', 1, 44, NULL, NULL, '2026-04-22 07:26:28', '2026-04-22 07:26:28'),
(177, 'Alantek Impact Tool', 1, 44, NULL, NULL, '2026-04-22 07:26:28', '2026-04-22 07:26:28'),
(178, 'Crimping Tool RJ45', 1, 44, NULL, NULL, '2026-04-22 07:26:28', '2026-04-22 07:26:28'),
(179, 'De-soldering Pump', 1, 44, NULL, NULL, '2026-04-22 07:26:28', '2026-04-22 07:26:28'),
(180, 'Stanley Side Cutting Plier', 1, 44, NULL, NULL, '2026-04-22 07:26:28', '2026-04-22 07:26:28'),
(181, 'Mechanical Pliers', 1, 44, NULL, NULL, '2026-04-22 07:26:28', '2026-04-22 07:26:28'),
(182, 'Philip and Negative Screw Driver', 1, 44, NULL, NULL, '2026-04-22 07:26:28', '2026-04-22 07:26:28'),
(183, 'DVD-RW SE-184', 1, 48, NULL, NULL, '2026-04-22 07:26:28', '2026-04-22 07:26:28'),
(184, '3.5 Saturn USB2 HDD External Drive', 1, 48, NULL, NULL, '2026-04-22 07:26:28', '2026-04-22 07:26:28'),
(185, '3Com Baseline Switch 2250 Plus', 1, 8, NULL, NULL, '2026-04-22 07:26:28', '2026-04-22 07:26:28'),
(186, 'UTP/Coaxial Cable Splicer', 1, 44, NULL, NULL, '2026-04-22 07:26:28', '2026-04-22 07:26:28'),
(187, 'Makita HP1500', 1, 44, NULL, NULL, '2026-04-22 07:26:28', '2026-04-22 07:26:28'),
(188, 'Arrow Fastener T59P', 1, 44, NULL, NULL, '2026-04-22 07:26:28', '2026-04-22 07:26:28'),
(189, 'Electrical Wire Stripper', 1, 44, NULL, NULL, '2026-04-22 07:26:28', '2026-04-22 07:26:28'),
(190, 'Pros Kit Wrist Strap', 1, 44, NULL, NULL, '2026-04-22 07:26:28', '2026-04-22 07:26:28'),
(191, 'Stanley 6\" Long Nose', 1, 44, NULL, NULL, '2026-04-22 07:26:28', '2026-04-22 07:26:28'),
(192, 'Soldering Stand', 1, 44, NULL, NULL, '2026-04-22 07:26:28', '2026-04-22 07:26:28'),
(193, '30W Goot Soldering Iron', 1, 44, NULL, NULL, '2026-04-22 07:26:28', '2026-04-22 07:26:28'),
(194, 'LTQ 30W-70W Soldering Gun', 1, 44, NULL, NULL, '2026-04-22 07:26:28', '2026-04-22 07:26:28'),
(195, '5\" Long Nose Plier', 1, 44, NULL, NULL, '2026-04-22 07:26:28', '2026-04-22 07:26:28'),
(196, 'Stanley Screw Driver', 1, 44, NULL, NULL, '2026-04-22 07:26:28', '2026-04-22 07:26:28'),
(197, 'Nortel Bay Stack 470-24T', 1, 8, NULL, NULL, '2026-04-22 07:26:28', '2026-04-22 07:26:28'),
(198, 'Emerson GXT3-1000RT230', 1, 9, NULL, NULL, '2026-04-22 07:26:28', '2026-04-22 07:26:28'),
(199, 'Push Cart Steel', 1, 49, NULL, NULL, '2026-04-22 07:26:28', '2026-04-22 07:26:28'),
(200, '3M Patch Panel 24 port', 1, 12, NULL, NULL, '2026-04-22 07:26:28', '2026-04-22 07:26:28'),
(201, 'Baofeng BF-888s', 1, 50, NULL, NULL, '2026-04-22 07:26:28', '2026-04-22 07:26:28'),
(202, 'TP-Link Archer C5400', 1, 16, NULL, NULL, '2026-04-22 07:26:28', '2026-04-22 07:26:28'),
(203, 'Epson L565', 1, 45, NULL, NULL, '2026-04-22 07:26:28', '2026-04-22 07:26:28'),
(204, 'MikroTik RB4011', 1, 16, NULL, NULL, '2026-04-22 07:26:28', '2026-04-22 07:26:28'),
(205, 'TP-Link AC2600 TL-WDR8690', 1, 16, NULL, NULL, '2026-04-22 07:26:28', '2026-04-22 07:26:28'),
(206, 'Aucas Dual Modular Crimping Tool', 1, 44, NULL, NULL, '2026-04-22 07:26:28', '2026-04-22 07:26:28'),
(207, 'TP-Link TL-SG1008D', 1, 8, NULL, NULL, '2026-04-22 07:26:28', '2026-04-22 07:26:28'),
(208, 'TP-Link 450Mbps Wireless N Router', 1, 16, NULL, NULL, '2026-04-22 07:26:28', '2026-04-22 07:26:28'),
(209, 'APC ES 500', 1, 9, NULL, NULL, '2026-04-22 07:26:28', '2026-04-22 07:26:28'),
(210, 'Epson Wireless LAN Projector', 1, 30, NULL, NULL, '2026-04-22 07:26:28', '2026-04-22 07:26:28'),
(211, 'Seagate Backup Plus Slim 2TB', 1, 48, NULL, NULL, '2026-04-22 07:26:28', '2026-04-22 07:26:28'),
(212, 'All-in-One Memory Card Reader', 1, 35, NULL, NULL, '2026-04-22 07:26:28', '2026-04-22 07:26:28'),
(213, '4 Port VGA Splitter', 1, 35, NULL, NULL, '2026-04-22 07:26:28', '2026-04-22 07:26:28'),
(214, 'Sanwa YX360TRF', 1, 44, NULL, NULL, '2026-04-22 07:26:28', '2026-04-22 07:26:28'),
(215, 'ASUS SDRW-08D2S-U Lite', 1, 48, NULL, NULL, '2026-04-22 07:26:28', '2026-04-22 07:26:28'),
(216, 'TP-Link Wi-Fi Range Extender', 1, 51, NULL, NULL, '2026-04-22 07:26:28', '2026-04-22 07:26:28'),
(217, 'Blast Vac 2 Turbo-Powered', 1, 43, NULL, NULL, '2026-04-22 07:26:28', '2026-04-22 07:26:28'),
(218, 'TP-Link Gigabit PCI Express TG-3468', 1, 52, NULL, NULL, '2026-04-22 07:26:28', '2026-04-22 07:26:28'),
(219, 'Big Glue Gun', 1, 44, NULL, NULL, '2026-04-22 07:26:28', '2026-04-22 07:26:28'),
(220, 'Ergonomic Chair', 1, 42, NULL, NULL, '2026-04-22 07:26:28', '2026-04-22 07:26:28'),
(221, 'Standard Stand Fan', 1, 53, NULL, NULL, '2026-04-22 07:26:28', '2026-04-22 07:26:28'),
(222, 'Hanabishi Desk Fan', 1, 53, NULL, NULL, '2026-04-22 07:26:29', '2026-04-22 07:26:29'),
(223, 'ScanDisk 32GB USB 2.0', 1, 48, NULL, NULL, '2026-04-22 07:26:29', '2026-04-22 07:26:29'),
(224, 'Optical Power Meter', 1, 44, NULL, NULL, '2026-04-22 07:26:29', '2026-04-22 07:26:29'),
(225, 'Visual Fault Locator', 1, 44, NULL, NULL, '2026-04-22 07:26:29', '2026-04-22 07:26:29'),
(226, 'TP-Link Gigabit PoE Injector', 1, 12, NULL, NULL, '2026-04-22 07:26:29', '2026-04-22 07:26:29'),
(227, 'USB 3.0 to VGA/HDMI Adapter', 1, 35, NULL, NULL, '2026-04-22 07:26:29', '2026-04-22 07:26:29'),
(228, 'Logitech Webcam', 1, 35, NULL, NULL, '2026-04-22 07:26:29', '2026-04-22 07:26:29'),
(229, 'Seagate SATA SSD', 1, 48, NULL, NULL, '2026-04-22 07:26:29', '2026-04-22 07:26:29'),
(230, 'Linksys E5600 Dual-Band WiFi 5', 1, 16, NULL, NULL, '2026-04-22 07:26:29', '2026-04-22 07:26:29'),
(231, 'Transcend SSD220Q', 1, 48, NULL, NULL, '2026-04-22 07:26:29', '2026-04-22 07:26:29'),
(232, 'A4Tech KK-3330', 1, 35, NULL, NULL, '2026-04-22 07:26:29', '2026-04-22 07:26:29'),
(233, 'Vention 5-In-1-Out HDMI Switcher', 1, 35, NULL, NULL, '2026-04-22 07:26:29', '2026-04-22 07:26:29'),
(234, 'Elgato Cam Link 4K', 1, 35, NULL, NULL, '2026-04-22 07:26:29', '2026-04-22 07:26:29'),
(235, 'Focusrite Scarlett 2i2 3rd Gen', 1, 54, NULL, NULL, '2026-04-22 07:26:29', '2026-04-22 07:26:29'),
(236, 'Saramonic WiTalk', 1, 54, NULL, NULL, '2026-04-22 07:26:29', '2026-04-22 07:26:29'),
(237, 'Yamaha MG10XU', 1, 54, NULL, NULL, '2026-04-22 07:26:29', '2026-04-22 07:26:29'),
(238, 'IP Camera Tester', 1, 44, NULL, NULL, '2026-04-22 07:26:29', '2026-04-22 07:26:29'),
(239, 'ViewSonic VA2215-h', 1, 20, NULL, NULL, '2026-04-22 07:26:29', '2026-04-22 07:26:29'),
(240, 'Trendsonic Cronus AMD Ryzen', 1, 21, NULL, NULL, '2026-04-22 07:26:29', '2026-04-22 07:26:29'),
(241, 'Socomec Netys PE', 1, 9, NULL, NULL, '2026-04-22 07:26:29', '2026-04-22 07:26:29'),
(242, 'Asus Dual GeForce RTX', 1, 55, NULL, NULL, '2026-04-22 07:26:29', '2026-04-22 07:26:29'),
(243, 'ASUS ROG STRIX B760-R Gaming Wifi D4', 1, 56, NULL, NULL, '2026-04-22 07:26:29', '2026-04-22 07:26:29'),
(244, 'Seagate One Touch 2TB', 1, 48, NULL, NULL, '2026-04-22 07:26:29', '2026-04-22 07:26:29'),
(245, 'BovBox HD Wireless HDMI Extender', 1, 35, NULL, NULL, '2026-04-22 07:26:29', '2026-04-22 07:26:29'),
(246, 'Omni Universal Extension Wheel', 1, 35, NULL, NULL, '2026-04-22 07:26:29', '2026-04-22 07:26:29'),
(247, 'USB 3.0 Gigabit Ethernet Adapter', 1, 52, NULL, NULL, '2026-04-22 07:26:29', '2026-04-22 07:26:29'),
(248, 'Sugon T26D', 1, 44, NULL, NULL, '2026-04-22 07:26:29', '2026-04-22 07:26:29'),
(249, 'Rode Wireless Go', 1, 54, NULL, NULL, '2026-04-22 07:26:29', '2026-04-22 07:26:29'),
(250, 'Ugreen USB 2.0 Stereo Sound Adapter', 1, 54, NULL, NULL, '2026-04-22 07:26:29', '2026-04-22 07:26:29'),
(251, 'Rode Wireless Go II', 1, 54, NULL, NULL, '2026-04-22 07:26:29', '2026-04-22 07:26:29'),
(252, 'HP Omen 16', 1, 57, NULL, NULL, '2026-04-22 07:26:29', '2026-04-22 07:26:29'),
(253, 'Acer Veriton VZ4880G', 1, 21, NULL, NULL, '2026-04-22 07:26:29', '2026-04-22 07:26:29'),
(254, 'ASUS V440VA', 1, 21, NULL, NULL, '2026-04-22 07:26:30', '2026-04-22 07:26:30'),
(255, 'Yealink SIP-T21P E2', 1, 18, NULL, NULL, '2026-04-22 07:26:30', '2026-04-22 07:26:30'),
(256, 'Epson EB-S18 H552C', 1, 30, NULL, NULL, '2026-04-22 07:26:30', '2026-04-22 07:26:30'),
(257, 'Epson ELPAP07', 1, 58, NULL, NULL, '2026-04-22 07:26:30', '2026-04-22 07:26:30'),
(258, 'Alto Professional Trouper 011242', 1, 24, NULL, NULL, '2026-04-22 07:26:30', '2026-04-22 07:26:30'),
(259, '3D Stand Fan', 1, 53, NULL, NULL, '2026-04-22 07:26:30', '2026-04-22 07:26:30'),
(260, 'Carrier ASBFE600BA', 1, 10, NULL, NULL, '2026-04-22 07:26:30', '2026-04-22 07:26:30'),
(261, 'Epson EB-S31', 1, 30, NULL, NULL, '2026-04-22 07:26:31', '2026-04-22 07:26:31'),
(262, 'Scuola Smart Board', 1, 59, NULL, NULL, '2026-04-22 07:26:31', '2026-04-22 07:26:31'),
(263, 'HP LaserJet P1102', 1, 45, NULL, NULL, '2026-04-22 07:26:31', '2026-04-22 07:26:31'),
(264, 'Carrier ASBFM360BA', 1, 10, NULL, NULL, '2026-04-22 07:26:31', '2026-04-22 07:26:31'),
(265, 'Everest Indoor', 1, 10, NULL, NULL, '2026-04-22 07:26:31', '2026-04-22 07:26:31'),
(266, 'Acer Veriton VZ4680G', 1, 21, NULL, NULL, '2026-04-22 07:26:33', '2026-04-22 07:26:33'),
(267, 'Yealink T21PE2', 1, 18, NULL, NULL, '2026-04-22 07:26:33', '2026-04-22 07:26:33'),
(268, 'Epson', 1, 30, NULL, NULL, '2026-04-22 07:26:33', '2026-04-22 07:26:33');


INSERT INTO `assets` (`id`, `asset_tag`, `name`, `asset_model_id`, `category_id`, `status_label_id`, `supplier_id`, `location_id`, `serial`, `purchase_cost`, `purchase_date`, `warranty_expires`, `eol_date`, `notes`, `requestable`, `created_at`, `updated_at`) VALUES
(1, 'IMP-C19761051', 'Camera (CCTV)', 1, 6, 2, NULL, NULL, 'C19761051', NULL, '2018-07-03', NULL, NULL, 'Import warnings: asset tag was generated because none was provided.', 0, '2026-04-22 07:26:20', '2026-04-22 07:26:20');
INSERT INTO `assets` (`id`, `asset_tag`, `name`, `asset_model_id`, `category_id`, `status_label_id`, `supplier_id`, `location_id`, `serial`, `purchase_cost`, `purchase_date`, `warranty_expires`, `eol_date`, `notes`, `requestable`, `created_at`, `updated_at`) VALUES
(2, 'IMP-C19761157', 'Camera (CCTV)', 1, 6, 2, NULL, NULL, 'C19761157', NULL, '2018-07-03', NULL, NULL, 'Import warnings: asset tag was generated because none was provided.', 0, '2026-04-22 07:26:20', '2026-04-22 07:26:20');
INSERT INTO `assets` (`id`, `asset_tag`, `name`, `asset_model_id`, `category_id`, `status_label_id`, `supplier_id`, `location_id`, `serial`, `purchase_cost`, `purchase_date`, `warranty_expires`, `eol_date`, `notes`, `requestable`, `created_at`, `updated_at`) VALUES
(3, 'IMP-C19761213', 'Camera (CCTV)', 1, 6, 2, NULL, NULL, 'C19761213', NULL, '2018-07-03', NULL, NULL, 'Import warnings: asset tag was generated because none was provided.', 0, '2026-04-22 07:26:20', '2026-04-22 07:26:20');
INSERT INTO `assets` (`id`, `asset_tag`, `name`, `asset_model_id`, `category_id`, `status_label_id`, `supplier_id`, `location_id`, `serial`, `purchase_cost`, `purchase_date`, `warranty_expires`, `eol_date`, `notes`, `requestable`, `created_at`, `updated_at`) VALUES
(4, 'IMP-C19761142', 'Camera (CCTV)', 1, 6, 2, NULL, NULL, 'C19761142', NULL, '2018-07-03', NULL, NULL, 'Import warnings: asset tag was generated because none was provided.', 0, '2026-04-22 07:26:20', '2026-04-22 07:26:20'),
(5, 'IMP-C19761082', 'Camera (CCTV)', 1, 6, 2, NULL, NULL, 'C19761082', NULL, '2018-07-03', NULL, NULL, 'Import warnings: asset tag was generated because none was provided.', 0, '2026-04-22 07:26:20', '2026-04-22 07:26:20'),
(6, 'IMP-788949853', 'Camera (CCTV)', 2, 6, 2, NULL, NULL, '788949853', NULL, '2018-07-03', NULL, NULL, 'Import warnings: asset tag was generated because none was provided.', 0, '2026-04-22 07:26:20', '2026-04-22 07:26:20'),
(7, 'IMP-105738743', 'Camera (CCTV)', 1, 6, 2, NULL, 1, '105738743', NULL, '2018-03-14', NULL, NULL, 'Import warnings: asset tag was generated because none was provided.', 0, '2026-04-22 07:26:20', '2026-04-22 07:26:20'),
(8, 'IMP-105738730', 'Camera (CCTV)', 1, 6, 2, NULL, 2, '105738730', NULL, '2018-03-14', NULL, NULL, 'Import warnings: asset tag was generated because none was provided.', 0, '2026-04-22 07:26:20', '2026-04-22 07:26:20'),
(9, 'IMP-105738793', 'Camera (CCTV)', 1, 6, 2, NULL, 3, '105738793', NULL, '2018-03-14', NULL, NULL, 'Import warnings: asset tag was generated because none was provided.', 0, '2026-04-22 07:26:20', '2026-04-22 07:26:20'),
(10, 'IMP-105738708', 'Camera (CCTV)', 1, 6, 2, NULL, 4, '105738708', NULL, '2018-03-14', NULL, NULL, 'Import warnings: asset tag was generated because none was provided.', 0, '2026-04-22 07:26:20', '2026-04-22 07:26:20'),
(11, 'IMP-105738779', 'Camera (CCTV)', 1, 6, 2, NULL, 5, '105738779', NULL, '2018-03-14', NULL, NULL, 'Import warnings: asset tag was generated because none was provided.', 0, '2026-04-22 07:26:20', '2026-04-22 07:26:20'),
(12, 'IMP-105738722', 'Camera (CCTV)', 1, 6, 2, NULL, 6, '105738722', NULL, '2018-03-14', NULL, NULL, 'Import warnings: asset tag was generated because none was provided.', 0, '2026-04-22 07:26:20', '2026-04-22 07:26:20'),
(13, 'IMP-105738798', 'Camera (CCTV)', 1, 6, 2, NULL, 7, '105738798', NULL, '2018-03-14', NULL, NULL, 'Import warnings: asset tag was generated because none was provided.', 0, '2026-04-22 07:26:20', '2026-04-22 07:26:20'),
(14, 'IMP-105738858', 'Camera (CCTV)', 1, 6, 2, NULL, 7, '105738858', NULL, '2018-03-14', NULL, NULL, 'Import warnings: asset tag was generated because none was provided.', 0, '2026-04-22 07:26:20', '2026-04-22 07:26:20'),
(15, 'IMP-216735640', 'Camera (CCTV)', 3, 6, 6, NULL, NULL, '216735640', NULL, NULL, NULL, NULL, 'Import warnings: asset tag was generated because none was provided.', 0, '2026-04-22 07:26:20', '2026-04-22 07:26:20'),
(16, 'IMP-216735831', 'Camera (CCTV)', 3, 6, 6, NULL, 8, '216735831', NULL, NULL, NULL, NULL, 'Import warnings: asset tag was generated because none was provided.', 0, '2026-04-22 07:26:20', '2026-04-22 07:26:20'),
(17, 'IMP-216735729', 'Camera (CCTV)', 3, 6, 6, NULL, 9, '216735729', NULL, NULL, NULL, NULL, 'Import warnings: asset tag was generated because none was provided.', 0, '2026-04-22 07:26:20', '2026-04-22 07:26:20'),
(18, 'IMP-216735791', 'Camera (CCTV)', 3, 6, 6, NULL, NULL, '216735791', NULL, NULL, NULL, NULL, 'Import warnings: asset tag was generated because none was provided.', 0, '2026-04-22 07:26:20', '2026-04-22 07:26:20'),
(19, 'IMP-216735751', 'Camera (CCTV)', 3, 6, 6, NULL, NULL, '216735751', NULL, NULL, NULL, NULL, 'Import warnings: asset tag was generated because none was provided.', 0, '2026-04-22 07:26:20', '2026-04-22 07:26:20'),
(20, 'IMP-216735742', 'Camera (CCTV)', 3, 6, 6, NULL, NULL, '216735742', NULL, NULL, NULL, NULL, 'Import warnings: asset tag was generated because none was provided.', 0, '2026-04-22 07:26:20', '2026-04-22 07:26:20'),
(21, 'IMP-216735650', 'Camera (CCTV)', 3, 6, 2, NULL, 10, '216735650', NULL, NULL, NULL, NULL, 'Import warnings: asset tag was generated because none was provided.', 0, '2026-04-22 07:26:20', '2026-04-22 07:26:20'),
(22, 'IMP-216735644', 'Camera (CCTV)', 3, 6, 2, NULL, 10, '216735644', NULL, NULL, NULL, NULL, 'Import warnings: asset tag was generated because none was provided.', 0, '2026-04-22 07:26:20', '2026-04-22 07:26:20'),
(23, 'IMP-216735656', 'Camera (CCTV)', 3, 6, 2, NULL, 11, '216735656', NULL, NULL, NULL, NULL, 'Import warnings: asset tag was generated because none was provided.', 0, '2026-04-22 07:26:20', '2026-04-22 07:26:20'),
(24, 'IMP-C28291830', 'Camera (CCTV)', 4, 6, 2, NULL, 11, 'C28291830', NULL, NULL, NULL, NULL, 'Import warnings: asset tag was generated because none was provided.', 0, '2026-04-22 07:26:20', '2026-04-22 07:26:20'),
(25, 'IMP-CAMERACCTV', 'Camera (CCTV)', 1, 6, 2, NULL, 12, NULL, NULL, NULL, NULL, NULL, 'Import warnings: asset tag was generated because none was provided.', 0, '2026-04-22 07:26:20', '2026-04-22 07:26:20'),
(26, 'IMP-IUPPPEXOMBJS', 'Camera (CCTV)', 1, 6, 2, NULL, 13, NULL, NULL, NULL, NULL, NULL, 'Import warnings: asset tag was generated because none was provided.', 0, '2026-04-22 07:26:20', '2026-04-22 07:26:20'),
(27, 'IMP-HCBDJNZR6G3D', 'Camera (CCTV)', 1, 6, 2, NULL, 14, NULL, NULL, NULL, NULL, NULL, 'Import warnings: asset tag was generated because none was provided.', 0, '2026-04-22 07:26:20', '2026-04-22 07:26:20'),
(28, 'IMP-P5PMIX7IWEL1', 'Camera (CCTV)', 1, 6, 2, NULL, 15, NULL, NULL, NULL, NULL, NULL, 'Import warnings: asset tag was generated because none was provided.', 0, '2026-04-22 07:26:20', '2026-04-22 07:26:20'),
(29, 'IMP-OEX0TO6OZQXE', 'Camera (CCTV)', 5, 6, 2, NULL, 16, NULL, NULL, NULL, NULL, NULL, 'Note: Defective\r\nImport warnings: asset model was inferred from the description or asset name; asset tag was generated because none was provided.', 0, '2026-04-22 07:26:20', '2026-04-22 07:26:20'),
(30, 'IMP-OHOFMPV2TMUR', 'Camera (CCTV)', 4, 6, 2, NULL, 17, NULL, NULL, NULL, NULL, NULL, 'Import warnings: asset tag was generated because none was provided.', 0, '2026-04-22 07:26:20', '2026-04-22 07:26:20'),
(31, 'IMP-XOJ9ZD5FICV5', 'Camera (CCTV)', 5, 6, 2, NULL, 18, NULL, NULL, NULL, NULL, NULL, 'Note: 5 units not working\r\nImport warnings: asset model was inferred from the description or asset name; asset tag was generated because none was provided.', 0, '2026-04-22 07:26:20', '2026-04-22 07:26:20'),
(32, 'IMP-770124595', 'Camera (CCTV)', 6, 6, 2, NULL, 19, '770124595', NULL, NULL, NULL, NULL, 'Import warnings: asset tag was generated because none was provided.', 0, '2026-04-22 07:26:20', '2026-04-22 07:26:20'),
(33, 'IMP-770125059', 'Camera (CCTV)', 6, 6, 2, NULL, 19, '770125059', NULL, NULL, NULL, NULL, 'Import warnings: asset tag was generated because none was provided.', 0, '2026-04-22 07:26:20', '2026-04-22 07:26:20'),
(34, 'IMP-4EWISWMKYWA0', 'Camera (CCTV)', 6, 6, 2, NULL, 19, NULL, NULL, NULL, NULL, NULL, 'Import warnings: asset tag was generated because none was provided.', 0, '2026-04-22 07:26:20', '2026-04-22 07:26:20'),
(35, 'IMP-7WFQZK88GMRI', 'Camera (CCTV)', 6, 6, 2, NULL, 19, NULL, NULL, NULL, NULL, NULL, 'Import warnings: asset tag was generated because none was provided.', 0, '2026-04-22 07:26:20', '2026-04-22 07:26:20'),
(36, 'IMP-C61348178', 'Camera (CCTV)', 7, 6, 2, NULL, 20, 'C61348178', NULL, '2019-04-04', NULL, NULL, 'Import warnings: asset tag was generated because none was provided.', 0, '2026-04-22 07:26:20', '2026-04-22 07:26:20'),
(37, 'IMP-C19761234', 'Camera (CCTV)', 7, 6, 2, NULL, 20, 'C19761234', NULL, '2019-04-04', NULL, NULL, 'Import warnings: asset tag was generated because none was provided.', 0, '2026-04-22 07:26:20', '2026-04-22 07:26:20'),
(38, 'IMP-C19761126', 'Camera (CCTV)', 7, 6, 2, NULL, 20, 'C19761126', NULL, '2019-04-04', NULL, NULL, 'Import warnings: asset tag was generated because none was provided.', 0, '2026-04-22 07:26:20', '2026-04-22 07:26:20'),
(39, 'IMP-C19761134', 'Camera (CCTV)', 7, 6, 2, NULL, 20, 'C19761134', NULL, '2019-04-04', NULL, NULL, 'Import warnings: asset tag was generated because none was provided.', 0, '2026-04-22 07:26:20', '2026-04-22 07:26:20'),
(40, 'IMP-C19761193', 'Camera (CCTV)', 7, 6, 2, NULL, 20, 'C19761193', NULL, '2019-04-04', NULL, NULL, 'Import warnings: asset tag was generated because none was provided.', 0, '2026-04-22 07:26:20', '2026-04-22 07:26:20'),
(41, 'IMP-C19761175', 'Camera (CCTV)', 7, 6, 2, NULL, 20, 'C19761175', NULL, '2019-04-04', NULL, NULL, 'Import warnings: asset tag was generated because none was provided.', 0, '2026-04-22 07:26:20', '2026-04-22 07:26:20'),
(42, 'IMP-C19761138', 'Camera (CCTV)', 7, 6, 2, NULL, 20, 'C19761138', NULL, '2019-04-04', NULL, NULL, 'Import warnings: asset tag was generated because none was provided.', 0, '2026-04-22 07:26:20', '2026-04-22 07:26:20'),
(43, 'IMP-C19761226', 'Camera (CCTV)', 7, 6, 2, NULL, 20, 'C19761226', NULL, '2019-04-04', NULL, NULL, 'Import warnings: asset tag was generated because none was provided.', 0, '2026-04-22 07:26:20', '2026-04-22 07:26:20'),
(44, 'IMP-C19761183', 'Camera (CCTV)', 7, 6, 2, NULL, 20, 'C19761183', NULL, '2019-04-04', NULL, NULL, 'Import warnings: asset tag was generated because none was provided.', 0, '2026-04-22 07:26:20', '2026-04-22 07:26:20'),
(45, 'IMP-C92048915', 'Network Video Recorder', 8, 7, 2, NULL, 21, 'C92048915', NULL, NULL, NULL, NULL, 'Import warnings: asset tag was generated because none was provided.', 0, '2026-04-22 07:26:20', '2026-04-22 07:26:20'),
(46, 'IMP-10014066469', 'Ethernet Switch', 9, 8, 2, NULL, 21, '10014066469', NULL, NULL, NULL, NULL, 'Import warnings: asset tag was generated because none was provided.', 0, '2026-04-22 07:26:20', '2026-04-22 07:26:20'),
(47, 'IMP-D36482669', 'Network Video Recorder', 10, 7, 2, NULL, 16, 'D36482669', NULL, NULL, NULL, NULL, 'Import warnings: asset tag was generated because none was provided.', 0, '2026-04-22 07:26:20', '2026-04-22 07:26:20'),
(48, 'IMP-D17204826', 'Network Camera', 11, 6, 2, NULL, 16, 'D17204826', NULL, NULL, NULL, NULL, 'Import warnings: asset tag was generated because none was provided.', 0, '2026-04-22 07:26:20', '2026-04-22 07:26:20'),
(49, 'IMP-D17204811', 'Network Camera', 11, 6, 2, NULL, 16, 'D17204811', NULL, NULL, NULL, NULL, 'Import warnings: asset tag was generated because none was provided.', 0, '2026-04-22 07:26:20', '2026-04-22 07:26:20'),
(50, 'IMP-D17204785', 'Network Camera', 11, 6, 2, NULL, 16, 'D17204785', NULL, NULL, NULL, NULL, 'Import warnings: asset tag was generated because none was provided.', 0, '2026-04-22 07:26:20', '2026-04-22 07:26:20'),
(51, 'IMP-D17204779', 'Network Camera', 11, 6, 2, NULL, 16, 'D17204779', NULL, NULL, NULL, NULL, 'Import warnings: asset tag was generated because none was provided.', 0, '2026-04-22 07:26:20', '2026-04-22 07:26:20'),
(52, 'IMP-D17204855', 'Network Camera', 11, 6, 2, NULL, 16, 'D17204855', NULL, NULL, NULL, NULL, 'Import warnings: asset tag was generated because none was provided.', 0, '2026-04-22 07:26:20', '2026-04-22 07:26:20'),
(53, 'IMP-D17204798', 'Network Camera', 11, 6, 2, NULL, 16, 'D17204798', NULL, NULL, NULL, NULL, 'Import warnings: asset tag was generated because none was provided.', 0, '2026-04-22 07:26:20', '2026-04-22 07:26:20'),
(54, 'IMP-C75666237', 'Network Camera', 11, 6, 2, NULL, 16, 'C75666237', NULL, NULL, NULL, NULL, 'Import warnings: asset tag was generated because none was provided.', 0, '2026-04-22 07:26:20', '2026-04-22 07:26:20'),
(55, 'IMP-C75666221', 'Network Camera', 11, 6, 2, NULL, 16, 'C75666221', NULL, NULL, NULL, NULL, 'Import warnings: asset tag was generated because none was provided.', 0, '2026-04-22 07:26:20', '2026-04-22 07:26:20'),
(56, 'IMP-SG50FL24HL', 'HP Switch', 12, 8, 2, NULL, 22, 'SG50FL24HL', NULL, NULL, NULL, NULL, 'Import warnings: asset tag was generated because none was provided.', 0, '2026-04-22 07:26:20', '2026-04-22 07:26:20'),
(57, 'IMP-SG50FL24HP', 'HP Switch', 12, 8, 2, NULL, 22, 'SG50FL24HP', NULL, NULL, NULL, NULL, 'Import warnings: asset tag was generated because none was provided.', 0, '2026-04-22 07:26:20', '2026-04-22 07:26:20'),
(58, 'IMP-14B400315AAF', 'UPS Emerson', 13, 9, 2, NULL, 22, '14B400315AAF433', NULL, NULL, NULL, NULL, 'Import warnings: asset tag was generated because none was provided.', 0, '2026-04-22 07:26:20', '2026-04-22 07:26:20'),
(59, 'IMP-CCTVSERVER', 'CCTV Server', 14, 6, 2, NULL, 22, NULL, NULL, NULL, NULL, NULL, 'Import warnings: asset tag was generated because none was provided.', 0, '2026-04-22 07:26:20', '2026-04-22 07:26:20'),
(60, 'IMP-23210159816', 'Aircon', 15, 10, 2, NULL, 22, '23210159816', NULL, '2022-01-01', NULL, NULL, 'Import warnings: asset tag was generated because none was provided.', 0, '2026-04-22 07:26:20', '2026-04-22 07:26:20'),
(61, 'IMP-01220007512', 'Aircon', 15, 10, 2, NULL, 22, '01220007512', NULL, '2022-01-01', NULL, NULL, 'Import warnings: asset tag was generated because none was provided.', 0, '2026-04-22 07:26:20', '2026-04-22 07:26:20'),
(62, 'IMP-SG54FLXPDW', 'HP 2920-24G PoE+ Switch', 16, 8, 2, 1, 7, 'SG54FLXPDW', NULL, '2015-07-29', NULL, NULL, 'Import warnings: asset tag was generated because none was provided.', 0, '2026-04-22 07:26:20', '2026-04-22 07:26:20'),
(63, 'IMP-SG57FLZQGS', 'HP 2920-48G PoE+ Switch', 17, 8, 2, 1, 4, 'SG57FLZQGS', NULL, '2015-07-29', NULL, NULL, 'Import warnings: asset tag was generated because none was provided.', 0, '2026-04-22 07:26:20', '2026-04-22 07:26:20'),
(64, 'IMP-SG64FLZ2MD', 'Aruba 2920-48G PoE+ Switch J9729A', 18, 8, 2, 1, 7, 'SG64FLZ2MD', NULL, '2016-06-07', NULL, NULL, 'Import warnings: asset tag was generated because none was provided.', 0, '2026-04-22 07:26:20', '2026-04-22 07:26:20'),
(65, 'IMP-HPPROLIANTDL', 'HP Proliant DL320e Gen8', 19, 11, 2, 1, 7, NULL, NULL, '2013-07-12', NULL, NULL, 'Import warnings: asset tag was generated because none was provided.', 0, '2026-04-22 07:26:20', '2026-04-22 07:26:20'),
(66, 'IMP-SG43FLZ43Q', 'HP 2920-48G-PoE+ Switch', 17, 8, 2, 2, 23, 'SG43FLZ43Q', NULL, '2014-07-02', NULL, NULL, 'Import warnings: asset tag was generated because none was provided.', 0, '2026-04-22 07:26:20', '2026-04-22 07:26:20'),
(67, 'IMP-SG43FLZ44N', 'HP 2920-48G-PoE+ Switch', 17, 8, 7, 2, 24, 'SG43FLZ44N', NULL, '2014-07-02', NULL, NULL, 'Replaced\r\nImport warnings: asset tag was generated because none was provided.', 0, '2026-04-22 07:26:20', '2026-04-22 07:26:20'),
(68, 'IMP-SG84FLZW6H', 'Aruba J9729A Switch', 18, 8, 2, 3, 24, 'SG84FLZW6H', NULL, '2019-11-05', NULL, NULL, 'Swap\r\nImport warnings: asset tag was generated because none was provided.', 0, '2026-04-22 07:26:20', '2026-04-22 07:26:20'),
(69, 'IMP-SG3BFLZ2CW', 'HP 2920-48G-PoE+ Switch', 17, 8, 2, 2, 25, 'SG3BFLZ2CW', NULL, '2014-04-21', NULL, NULL, 'Import warnings: asset tag was generated because none was provided.', 0, '2026-04-22 07:26:20', '2026-04-22 07:26:20'),
(70, 'IMP-CN27B9V05W', 'HP A5500 Series Switch JD377A', 20, 8, 2, 2, 26, 'CN27B9V05W', NULL, '2012-08-16', NULL, NULL, 'Import warnings: asset tag was generated because none was provided.', 0, '2026-04-22 07:26:20', '2026-04-22 07:26:20'),
(71, 'IMP-CN27B9V082', 'HP A5500 Series Switch JD377A', 20, 8, 2, 2, 26, 'CN27B9V082', NULL, '2012-08-16', NULL, NULL, 'Import warnings: asset tag was generated because none was provided.', 0, '2026-04-22 07:26:20', '2026-04-22 07:26:20'),
(72, 'IMP-SG246IS0FC', 'HP 2910-48G-PoE+ Switch', 21, 8, 7, 2, 27, 'SG246IS0FC', NULL, '2013-01-28', NULL, NULL, 'To be replaced\r\nImport warnings: asset tag was generated because none was provided.', 0, '2026-04-22 07:26:20', '2026-04-22 07:26:20'),
(73, 'IMP-SG2461S0G6', 'HP 2910-48G-PoE+ Switch J9148A', 21, 8, 2, 2, 28, 'SG2461S0G6', NULL, '2013-01-28', NULL, NULL, 'Import warnings: asset tag was generated because none was provided.', 0, '2026-04-22 07:26:20', '2026-04-22 07:26:20'),
(74, 'IMP-SG2461S03X', 'HP 2910-48G-PoE+ Switch', 21, 8, 2, 2, 28, 'SG2461S03X', NULL, '2013-01-28', NULL, NULL, 'Import warnings: asset tag was generated because none was provided.', 0, '2026-04-22 07:26:20', '2026-04-22 07:26:20'),
(75, 'IMP-SG43FLZ444', 'HP 2920-48G PoE+ Switch', 17, 8, 2, 2, 29, 'SG43FLZ444', NULL, '2014-07-02', NULL, NULL, 'Import warnings: asset tag was generated because none was provided.', 0, '2026-04-22 07:26:20', '2026-04-22 07:26:20'),
(76, 'IMP-NORTELSWITCH', 'Nortel Switch 4524GT', 22, 8, 2, 4, 30, NULL, NULL, NULL, NULL, NULL, 'Import warnings: asset tag was generated because none was provided.', 0, '2026-04-22 07:26:20', '2026-04-22 07:26:20'),
(77, 'IMP-BAYSTACK4702', 'Bay Stack 470-24T', 23, 8, 2, 4, 31, NULL, NULL, '2007-08-03', NULL, NULL, 'Import warnings: asset tag was generated because none was provided.', 0, '2026-04-22 07:26:20', '2026-04-22 07:26:20'),
(78, 'IMP-P7PU4BO1UAVF', 'Bay Stack 470-24T', 23, 8, 2, 4, 32, NULL, NULL, '2007-08-03', NULL, NULL, 'Import warnings: asset tag was generated because none was provided.', 0, '2026-04-22 07:26:20', '2026-04-22 07:26:20'),
(79, 'IMP-01007HJF0103', '3Com Superstack3 3C16465C', 24, 8, 2, NULL, 33, '0100/7HJF010303', NULL, '2017-01-03', NULL, NULL, 'Import warnings: asset tag was generated because none was provided.', 0, '2026-04-22 07:26:20', '2026-04-22 07:26:20'),
(80, 'IMP-BB2TFG8UL50B', '3Com Baseline Switch 2924-SFP Plus', 25, 8, 2, NULL, 34, 'BB/2TFG8UL50BE80', NULL, NULL, NULL, NULL, 'Import warnings: asset tag was generated because none was provided.', 0, '2026-04-22 07:26:20', '2026-04-22 07:26:20'),
(81, 'IMP-0CBCVH9P8ONE', 'Nortel Switch 470', 26, 8, 2, NULL, 35, NULL, NULL, NULL, NULL, NULL, 'Import warnings: asset tag was generated because none was provided.', 0, '2026-04-22 07:26:20', '2026-04-22 07:26:20'),
(82, 'IMP-TW04904008', 'HP Procurve Switch 2524 J4813A', 27, 8, 2, NULL, 36, 'TW04904008', NULL, NULL, NULL, NULL, 'Import warnings: asset tag was generated because none was provided.', 0, '2026-04-22 07:26:20', '2026-04-22 07:26:20'),
(83, 'IMP-ESIR8ZNWKFHN', 'HP Proliant DL160G6', 28, 11, 2, 5, 7, NULL, NULL, NULL, NULL, NULL, 'Import warnings: asset tag was generated because none was provided.', 0, '2026-04-22 07:26:20', '2026-04-22 07:26:20'),
(84, 'IMP-GTQMKAKOXG1U', 'HP Proliant DL160G6', 28, 11, 2, 5, 7, NULL, NULL, NULL, NULL, NULL, 'Import warnings: asset tag was generated because none was provided.', 0, '2026-04-22 07:26:20', '2026-04-22 07:26:20'),
(85, 'IMP-589151371', 'HP Proliant DL380G7', 29, 11, 2, 6, 7, '589151-371', NULL, '2014-02-26', NULL, NULL, 'Import warnings: asset tag was generated because none was provided.', 0, '2026-04-22 07:26:20', '2026-04-22 07:26:20'),
(86, 'IMP-SGH2122F0F', 'HP Proliant DL360G7', 30, 11, 2, 6, 7, 'SGH2122F0F', NULL, '2012-06-06', NULL, NULL, 'Import warnings: asset tag was generated because none was provided.', 0, '2026-04-22 07:26:20', '2026-04-22 07:26:20'),
(87, 'IMP-FC1000620900', 'Fortinet Appliance', 31, 12, 2, 6, 7, 'FC-10-00620-900-02-36', NULL, '2014-04-15', NULL, NULL, 'Import warnings: asset tag was generated because none was provided.', 0, '2026-04-22 07:26:20', '2026-04-22 07:26:20'),
(88, 'IMP-ZONEDIRECTOR', 'Zone Director (Ruckus)', 32, 13, 2, 7, 7, NULL, NULL, NULL, NULL, NULL, 'Import warnings: asset tag was generated because none was provided.', 0, '2026-04-22 07:26:20', '2026-04-22 07:26:20'),
(89, 'IMP-QUINTUMAXM24', 'Quintum AXM2400 Gateway', 33, 14, 2, 8, NULL, NULL, NULL, NULL, NULL, NULL, 'Import warnings: asset tag was generated because none was provided.', 0, '2026-04-22 07:26:20', '2026-04-22 07:26:20'),
(90, 'IMP-J3032MZ', 'Lenovo System X 3650 M5', 34, 11, 2, 9, 7, 'J3032MZ', NULL, '2016-03-17', NULL, NULL, 'Import warnings: asset tag was generated because none was provided.', 0, '2026-04-22 07:26:20', '2026-04-22 07:26:20'),
(91, 'IMP-3COMBASELINE', '3Com Baseline 10/100 Switch', 35, 8, 2, NULL, 37, NULL, NULL, NULL, NULL, NULL, 'Import warnings: asset tag was generated because none was provided.', 0, '2026-04-22 07:26:20', '2026-04-22 07:26:20'),
(92, 'IMP-K75W0XQFDC7U', '3Com Baseline 10/100 Switch', 35, 8, 2, NULL, 38, NULL, NULL, NULL, NULL, NULL, 'Import warnings: asset tag was generated because none was provided.', 0, '2026-04-22 07:26:20', '2026-04-22 07:26:20'),
(93, 'IMP-SG50FLZ4HP', 'HP 2920-48G-POE+ Switch J9729A', 36, 8, 2, 10, 22, 'SG50FLZ4HP', NULL, '2016-08-08', NULL, NULL, 'Import warnings: asset tag was generated because none was provided.', 0, '2026-04-22 07:26:20', '2026-04-22 07:26:20'),
(94, 'IMP-SG50FLZ4HL', 'HP 2920-48G-POE+ Switch J9729A', 36, 8, 2, 10, 22, 'SG50FLZ4HL', NULL, '2016-08-08', NULL, NULL, 'Import warnings: asset tag was generated because none was provided.', 0, '2026-04-22 07:26:20', '2026-04-22 07:26:20'),
(95, 'IMP-SG66FLZNR3', 'Aruba 2920-48G-POE+ Switch J9729A', 18, 8, 2, 11, NULL, 'SG66FLZNR3', NULL, '2016-08-16', NULL, NULL, 'Import warnings: asset tag was generated because none was provided.', 0, '2026-04-22 07:26:20', '2026-04-22 07:26:20'),
(96, 'IMP-SG60FLZ7SW', 'HP 2920-48 PoE+ Switch HPJ9729A', 37, 8, 2, 11, NULL, 'SG60FLZ7SW', NULL, '2017-02-16', NULL, NULL, 'Import warnings: asset tag was generated because none was provided.', 0, '2026-04-22 07:26:20', '2026-04-22 07:26:20'),
(97, 'IMP-SG60FLZ7LL', 'HP 2920-48 PoE+ Switch HPJ9729A', 37, 8, 2, 11, NULL, 'SG60FLZ7LL', NULL, '2017-02-16', NULL, NULL, 'Import warnings: asset tag was generated because none was provided.', 0, '2026-04-22 07:26:20', '2026-04-22 07:26:20'),
(98, 'IMP-CN77K3R0FT', 'HPE 1920S 24G 2SFP PoE+ Switch', 38, 8, 2, 11, NULL, 'CN77K3R0FT', NULL, '2017-12-04', NULL, NULL, 'Import warnings: asset tag was generated because none was provided.', 0, '2026-04-22 07:26:20', '2026-04-22 07:26:20'),
(99, 'IMP-CN77K3R0GY', 'HPE 1920S 24G 2SFP PoE+ Switch', 38, 8, 2, 11, NULL, 'CN77K3R0GY', NULL, '2017-12-04', NULL, NULL, 'Import warnings: asset tag was generated because none was provided.', 0, '2026-04-22 07:26:20', '2026-04-22 07:26:20'),
(100, 'IMP-CN77K3R0HQ', 'HPE 1920S 48G 4SFP PoE+ 370W Switch', 39, 8, 2, 11, 35, 'CN77K3R0HQ', NULL, '2018-09-10', NULL, NULL, 'Import warnings: asset tag was generated because none was provided.', 0, '2026-04-22 07:26:20', '2026-04-22 07:26:20'),
(101, 'IMP-218972600129', 'TP-Link 16 Port Switch', 40, 8, 2, 11, 39, '2189726001292', NULL, '2019-03-27', NULL, NULL, 'Import warnings: asset tag was generated because none was provided.', 0, '2026-04-22 07:26:21', '2026-04-22 07:26:21'),
(102, 'IMP-218976400017', 'TP-Link 48 Port Switch', 41, 8, 2, 11, 39, '2189764000178', NULL, '2019-03-27', NULL, NULL, 'Import warnings: asset tag was generated because none was provided.', 0, '2026-04-22 07:26:21', '2026-04-22 07:26:21'),
(103, 'IMP-218972600138', 'TP-Link 16-Port Switch', 40, 8, 2, 11, 5, '2189726001388', NULL, '2019-08-04', NULL, NULL, 'Import warnings: asset tag was generated because none was provided.', 0, '2026-04-22 07:26:21', '2026-04-22 07:26:21'),
(104, 'IMP-KPHPEURTD0W3', 'TP-Link 16-Port Switch', 40, 8, 2, 11, 6, '2189726001389', NULL, '2019-08-04', NULL, NULL, 'Import warnings: asset tag was generated because none was provided.', 0, '2026-04-22 07:26:21', '2026-04-22 07:26:21'),
(105, 'IMP-218972600144', 'TP-Link 16-Port Switch', 40, 8, 2, 11, 40, '2189726001441', NULL, '2019-08-04', NULL, NULL, 'Import warnings: asset tag was generated because none was provided.', 0, '2026-04-22 07:26:21', '2026-04-22 07:26:21'),
(106, 'IMP-I40HXCHRXO7J', 'TP-Link 16-Port Switch', 40, 8, 2, 11, 1, '2189726001442', NULL, '2019-08-04', NULL, NULL, 'Import warnings: asset tag was generated because none was provided.', 0, '2026-04-22 07:26:21', '2026-04-22 07:26:21'),
(107, 'IMP-ICAPPHGBQXRL', 'TP-Link 16-Port Switch', 40, 8, 2, 11, 2, '2189726001443', NULL, '2019-08-04', NULL, NULL, 'Import warnings: asset tag was generated because none was provided.', 0, '2026-04-22 07:26:21', '2026-04-22 07:26:21'),
(108, 'IMP-HBCH4ZZKSQOP', 'TP-Link 16-Port Switch', 40, 8, 2, 11, 4, '2189726001444', NULL, '2019-08-04', NULL, NULL, 'Import warnings: asset tag was generated because none was provided.', 0, '2026-04-22 07:26:21', '2026-04-22 07:26:21'),
(109, 'IMP-WJHZUABQDTWG', 'TP-Link 16-Port Switch', 40, 8, 2, 11, 41, '2189726001445', NULL, '2019-08-04', NULL, NULL, 'Import warnings: asset tag was generated because none was provided.', 0, '2026-04-22 07:26:21', '2026-04-22 07:26:21'),
(110, 'IMP-GQOV6FEWJKIW', 'TP-Link 16-Port Switch', 40, 8, 2, 11, NULL, '2189726001446', NULL, '2019-08-04', NULL, NULL, 'Import warnings: asset tag was generated because none was provided.', 0, '2026-04-22 07:26:21', '2026-04-22 07:26:21'),
(111, 'IMP-F0CMBSPIQCLQ', 'TP-Link 16-Port Switch', 40, 8, 2, 11, 3, '2189726001447', NULL, '2019-08-04', NULL, NULL, 'Import warnings: asset tag was generated because none was provided.', 0, '2026-04-22 07:26:21', '2026-04-22 07:26:21'),
(112, 'IMP-C7GLOSVJ0HPY', 'TP-Link 16-Port Switch', 40, 8, 2, 11, 42, '2189726001448', NULL, '2019-08-04', NULL, NULL, 'Import warnings: asset tag was generated because none was provided.', 0, '2026-04-22 07:26:21', '2026-04-22 07:26:21'),
(113, 'IMP-TY32UG1KJQOJ', 'TP-Link 48-Port Switch', 41, 8, 2, 11, 5, '2189764000179', NULL, '2019-08-04', NULL, NULL, 'Import warnings: asset tag was generated because none was provided.', 0, '2026-04-22 07:26:21', '2026-04-22 07:26:21'),
(114, 'IMP-218976400018', 'TP-Link 48-Port Switch', 41, 8, 2, 11, 6, '2189764000180', NULL, '2019-08-04', NULL, NULL, 'Import warnings: asset tag was generated because none was provided.', 0, '2026-04-22 07:26:21', '2026-04-22 07:26:21'),
(115, 'IMP-OONCUOO5MWAY', 'TP-Link 48-Port Switch', 41, 8, 2, 11, NULL, '2189764000185', NULL, '2019-08-04', NULL, NULL, 'Import warnings: asset tag was generated because none was provided.', 0, '2026-04-22 07:26:21', '2026-04-22 07:26:21'),
(116, 'IMP-DXRO8DK4GKAK', 'TP-Link 48-Port Switch', 41, 8, 2, 11, 41, '2189764000186', NULL, '2019-08-04', NULL, NULL, 'Import warnings: asset tag was generated because none was provided.', 0, '2026-04-22 07:26:21', '2026-04-22 07:26:21'),
(117, 'IMP-R7ABR83HTGLR', 'TP-Link 48-Port Switch', 41, 8, 2, 11, 4, '2189764000187', NULL, '2019-08-04', NULL, NULL, 'Import warnings: asset tag was generated because none was provided.', 0, '2026-04-22 07:26:21', '2026-04-22 07:26:21'),
(118, 'IMP-UPHVX4FCTLFR', 'TP-Link 48-Port Switch', 41, 8, 2, 11, 3, '2189764000188', NULL, '2019-08-04', NULL, NULL, 'Import warnings: asset tag was generated because none was provided.', 0, '2026-04-22 07:26:21', '2026-04-22 07:26:21'),
(119, 'IMP-218B08600043', 'TP-Link 48-Port Switch', 41, 8, 2, 11, 40, '218B086000437', NULL, '2019-08-04', NULL, NULL, 'Import warnings: asset tag was generated because none was provided.', 0, '2026-04-22 07:26:21', '2026-04-22 07:26:21'),
(120, 'IMP-SEMOALLFMEXO', 'TP-Link 48-Port Switch', 41, 8, 2, 11, 42, '218B086000438', NULL, '2019-08-04', NULL, NULL, 'Import warnings: asset tag was generated because none was provided.', 0, '2026-04-22 07:26:21', '2026-04-22 07:26:21'),
(121, 'IMP-1XARTALC0PZD', 'TP-Link 48-Port Switch', 41, 8, 2, 11, 1, '218B086000439', NULL, '2019-08-04', NULL, NULL, 'Import warnings: asset tag was generated because none was provided.', 0, '2026-04-22 07:26:21', '2026-04-22 07:26:21'),
(122, 'IMP-218B08600044', 'TP-Link 48-Port Switch', 41, 8, 2, 11, 2, '218B086000440', NULL, '2019-08-04', NULL, NULL, 'Import warnings: asset tag was generated because none was provided.', 0, '2026-04-22 07:26:21', '2026-04-22 07:26:21'),
(123, 'IMP-SG11JQL01P', 'Aruba 2930M 24G POE+ Switch', 42, 8, 2, 12, NULL, 'SG11JQL01P', NULL, '2021-04-27', NULL, NULL, 'Import warnings: asset tag was generated because none was provided.', 0, '2026-04-22 07:26:21', '2026-04-22 07:26:21'),
(124, 'IMP-SG11JQL01T', 'Aruba 2930M 24G POE+ Switch', 42, 8, 2, 12, 31, 'SG11JQL01T', NULL, '2021-04-27', NULL, NULL, 'Import warnings: asset tag was generated because none was provided.', 0, '2026-04-22 07:26:21', '2026-04-22 07:26:21'),
(125, 'IMP-SG11JQN3RH', 'Aruba 2930M 48G POE+ Switch', 43, 8, 2, 12, NULL, 'SG11JQN3RH', NULL, '2021-04-27', NULL, NULL, 'Import warnings: asset tag was generated because none was provided.', 0, '2026-04-22 07:26:21', '2026-04-22 07:26:21'),
(126, 'IMP-0418D6465F3B', 'UniFi AP Outdoor+', 44, 15, 2, 13, 43, '0418D6465F3B', NULL, NULL, NULL, NULL, 'Import warnings: asset tag was generated because none was provided.', 0, '2026-04-22 07:26:21', '2026-04-22 07:26:21'),
(127, 'IMP-24A43C4E0D28', 'UniFi AP Outdoor+', 44, 15, 2, 13, 44, '24A43C4E0D28', NULL, NULL, NULL, NULL, 'Import warnings: asset tag was generated because none was provided.', 0, '2026-04-22 07:26:21', '2026-04-22 07:26:21'),
(128, 'IMP-0418D646601A', 'UniFi AP Outdoor+', 44, 15, 2, 13, 45, '0418D646601A', NULL, NULL, NULL, NULL, 'Import warnings: asset tag was generated because none was provided.', 0, '2026-04-22 07:26:21', '2026-04-22 07:26:21'),
(129, 'IMP-24A43C4E0AF7', 'UniFi AP Outdoor+', 44, 15, 2, 13, 46, '24A43C4E0AF7', NULL, NULL, NULL, NULL, 'Import warnings: asset tag was generated because none was provided.', 0, '2026-04-22 07:26:21', '2026-04-22 07:26:21'),
(130, 'IMP-002722B24305', 'UniFi AP', 45, 15, 2, 13, 47, '002722B24305', NULL, NULL, NULL, NULL, 'Import warnings: asset tag was generated because none was provided.', 0, '2026-04-22 07:26:21', '2026-04-22 07:26:21'),
(131, 'IMP-24A43CBE2F08', 'UniFi AP LR', 46, 15, 8, 13, 48, '24A43CBE2F08', NULL, NULL, NULL, NULL, 'Import warnings: asset tag was generated because none was provided.', 0, '2026-04-22 07:26:21', '2026-04-22 07:26:21'),
(132, 'IMP-24A43CBE2DE8', 'UniFi AP LR', 46, 15, 2, 13, 49, '24A43CBE2DE8', NULL, NULL, NULL, NULL, 'Import warnings: asset tag was generated because none was provided.', 0, '2026-04-22 07:26:21', '2026-04-22 07:26:21'),
(133, 'IMP-24A43C988621', 'UniFi AP LR', 46, 15, 2, 13, 50, '24A43C988621', NULL, NULL, NULL, NULL, 'Import warnings: asset tag was generated because none was provided.', 0, '2026-04-22 07:26:21', '2026-04-22 07:26:21'),
(134, 'IMP-24A43C9880D7', 'UniFi AP LR', 46, 15, 2, 13, 50, '24A43C9880D7', NULL, NULL, NULL, NULL, 'Import warnings: asset tag was generated because none was provided.', 0, '2026-04-22 07:26:21', '2026-04-22 07:26:21'),
(135, 'IMP-002722B2E69C', 'UniFi AP', 45, 15, 2, 13, 51, '002722B2E69C', NULL, NULL, NULL, NULL, 'Import warnings: asset tag was generated because none was provided.', 0, '2026-04-22 07:26:21', '2026-04-22 07:26:21'),
(136, 'IMP-24A43CBE2DEB', 'UniFi AP LR', 46, 15, 2, 13, 51, '24A43CBE2DEB', NULL, NULL, NULL, NULL, 'Import warnings: asset tag was generated because none was provided.', 0, '2026-04-22 07:26:21', '2026-04-22 07:26:21'),
(137, 'IMP-002722B2E626', 'UniFi AP', 45, 15, 2, 13, 52, '002722B2E626', NULL, NULL, NULL, NULL, 'Import warnings: asset tag was generated because none was provided.', 0, '2026-04-22 07:26:21', '2026-04-22 07:26:21'),
(138, 'IMP-DC9FDB3E30B5', 'UniFi AP Outdoor+', 44, 15, 2, 13, 51, 'dc9fdb3e30b5', NULL, NULL, NULL, NULL, 'Import warnings: asset tag was generated because none was provided.', 0, '2026-04-22 07:26:21', '2026-04-22 07:26:21'),
(139, 'IMP-24A43C988633', 'UniFi AP LR', 46, 15, 8, 13, 36, '24A43C988633', NULL, NULL, NULL, NULL, 'Import warnings: asset tag was generated because none was provided.', 0, '2026-04-22 07:26:21', '2026-04-22 07:26:21'),
(140, 'IMP-002722B2E5D1', 'UniFi AP', 45, 15, 8, 13, 28, '002722B2E5D1', NULL, NULL, NULL, NULL, 'Import warnings: asset tag was generated because none was provided.', 0, '2026-04-22 07:26:21', '2026-04-22 07:26:21'),
(141, 'IMP-DC9FDB3E325D', 'UniFi AP Outdoor', 47, 15, 8, 13, 28, 'DC9FDB3E325D', NULL, NULL, NULL, NULL, 'Import warnings: asset tag was generated because none was provided.', 0, '2026-04-22 07:26:22', '2026-04-22 07:26:22'),
(142, 'IMP-DC9FDB3E3238', 'UniFi AP Outdoor', 47, 15, 8, 13, 36, 'DC9FDB3E3238', NULL, NULL, NULL, NULL, 'Import warnings: asset tag was generated because none was provided.', 0, '2026-04-22 07:26:22', '2026-04-22 07:26:22'),
(143, 'IMP-0418D6E8DE1A', 'NanoBeam AC NBE-5AC-19', 48, 15, 2, 13, 53, '0418D6E8DE1A', NULL, NULL, NULL, NULL, 'Import warnings: asset tag was generated because none was provided.', 0, '2026-04-22 07:26:22', '2026-04-22 07:26:22'),
(144, 'IMP-0418D6E8DEFD', 'NanoBeam AC NBE-5AC-19', 48, 15, 2, 13, 54, '0418D6E8DEFD', NULL, NULL, NULL, NULL, 'Import warnings: asset tag was generated because none was provided.', 0, '2026-04-22 07:26:22', '2026-04-22 07:26:22'),
(145, 'IMP-GEN650076740', 'UniFi AP AC Pro', 49, 15, 2, 13, 55, 'GEN6500767401', NULL, NULL, NULL, NULL, 'Import warnings: asset tag was generated because none was provided.', 0, '2026-04-22 07:26:22', '2026-04-22 07:26:22'),
(146, 'IMP-GEN650076720', 'UniFi AP AC Pro', 49, 15, 2, 13, 56, 'GEN6500767201', NULL, NULL, NULL, NULL, 'Import warnings: asset tag was generated because none was provided.', 0, '2026-04-22 07:26:22', '2026-04-22 07:26:22'),
(147, 'IMP-44D9E7C6A9BA', 'Ubiquiti UAP-Outdoor', 50, 15, 2, 13, 57, '44D9E7C6A9BA', NULL, NULL, NULL, NULL, 'Import warnings: asset tag was generated because none was provided.', 0, '2026-04-22 07:26:22', '2026-04-22 07:26:22'),
(148, 'IMP-FCECDAA0D5FA', 'Ubiquiti UAP-AC-PRO', 51, 15, 2, 13, NULL, 'FCECDAA0D5FA', NULL, NULL, NULL, NULL, 'Import warnings: asset tag was generated because none was provided.', 0, '2026-04-22 07:26:22', '2026-04-22 07:26:22'),
(149, 'IMP-FCECDAA0F53D', 'Ubiquiti UAP-AC-PRO', 51, 15, 2, 13, NULL, 'FCECDAA0F53D', NULL, NULL, NULL, NULL, 'Import warnings: asset tag was generated because none was provided.', 0, '2026-04-22 07:26:22', '2026-04-22 07:26:22'),
(150, 'IMP-FCECDAA0F566', 'Ubiquiti UAP-AC-PRO', 51, 15, 2, 13, 58, 'FCECDAA0F566', NULL, NULL, NULL, NULL, 'Import warnings: asset tag was generated because none was provided.', 0, '2026-04-22 07:26:22', '2026-04-22 07:26:22'),
(151, 'IMP-FCECDAA0FCE7', 'Ubiquiti UAP-AC-PRO', 51, 15, 2, 13, 36, 'FCECDAA0FCE7', NULL, NULL, NULL, NULL, 'Import warnings: asset tag was generated because none was provided.', 0, '2026-04-22 07:26:22', '2026-04-22 07:26:22'),
(152, 'IMP-FCECDAA0CA95', 'Ubiquiti UAP-AC-PRO', 51, 15, 2, 13, NULL, 'FCECDAA0CA95', NULL, NULL, NULL, NULL, 'Import warnings: asset tag was generated because none was provided.', 0, '2026-04-22 07:26:22', '2026-04-22 07:26:22'),
(153, 'IMP-FCECDAF06748', 'Unifi AP-AC-Pro', 52, 15, 2, 13, 59, 'fcecdaf06748', NULL, NULL, NULL, NULL, 'Import warnings: asset tag was generated because none was provided.', 0, '2026-04-22 07:26:22', '2026-04-22 07:26:22'),
(154, 'IMP-18E829602673', 'Unifi AP-AC-Pro', 52, 15, 2, 13, 60, '18E829602673', NULL, NULL, NULL, NULL, 'Import warnings: asset tag was generated because none was provided.', 0, '2026-04-22 07:26:22', '2026-04-22 07:26:22'),
(155, 'IMP-18E829601180', 'Unifi AP-AC-Pro', 52, 15, 6, 13, 7, '18E829601180', NULL, NULL, NULL, NULL, 'Import warnings: asset tag was generated because none was provided.', 0, '2026-04-22 07:26:22', '2026-04-22 07:26:22'),
(156, 'IMP-18E829601188', 'Unifi AP-AC-Pro', 52, 15, 6, 13, 7, '18E829601188', NULL, NULL, NULL, NULL, 'Import warnings: asset tag was generated because none was provided.', 0, '2026-04-22 07:26:22', '2026-04-22 07:26:22'),
(157, 'IMP-18E82960156D', 'Unifi AP-AC-Pro', 52, 15, 6, 13, 7, '18E82960156D', NULL, NULL, NULL, NULL, 'Import warnings: asset tag was generated because none was provided.', 0, '2026-04-22 07:26:22', '2026-04-22 07:26:22'),
(158, 'IMP-18E8296012A5', 'Unifi AP-AC-Pro', 52, 15, 6, 13, 7, '18E8296012A5', NULL, NULL, NULL, NULL, 'Import warnings: asset tag was generated because none was provided.', 0, '2026-04-22 07:26:22', '2026-04-22 07:26:22'),
(159, 'IMP-18E829601236', 'Unifi AP-AC-Pro', 52, 15, 6, 13, 7, '18E829601236', NULL, NULL, NULL, NULL, 'Import warnings: asset tag was generated because none was provided.', 0, '2026-04-22 07:26:22', '2026-04-22 07:26:22'),
(160, 'IMP-18E829600967', 'Unifi AP-AC-Pro', 52, 15, 2, 13, 61, '18E829600967', NULL, NULL, NULL, NULL, 'Import warnings: asset tag was generated because none was provided.', 0, '2026-04-22 07:26:22', '2026-04-22 07:26:22'),
(161, 'IMP-18E829601182', 'Unifi AP-AC-Pro', 52, 15, 6, 13, NULL, '18E829601182', NULL, NULL, NULL, NULL, 'Import warnings: asset tag was generated because none was provided.', 0, '2026-04-22 07:26:22', '2026-04-22 07:26:22'),
(162, 'IMP-1845KB4FBE4E', 'Unifi Cloud Key', 53, 13, 2, 13, 28, '1845KB4FBE4E27C09-DNuWcZ', NULL, NULL, NULL, NULL, 'Import warnings: asset tag was generated because none was provided.', 0, '2026-04-22 07:26:22', '2026-04-22 07:26:22'),
(163, 'IMP-1745K788A20C', 'Unifi Cloud Key', 53, 13, 2, 13, 62, '1745K788A20C526A4-QIVMCI', NULL, NULL, NULL, NULL, 'Import warnings: asset tag was generated because none was provided.', 0, '2026-04-22 07:26:22', '2026-04-22 07:26:22'),
(164, 'IMP-B4FBE45345D8', 'Edge Router X', 54, 16, 2, 13, 28, 'B4FBE45345D8', NULL, NULL, NULL, NULL, 'Import warnings: asset tag was generated because none was provided.', 0, '2026-04-22 07:26:22', '2026-04-22 07:26:22'),
(165, 'IMP-B4FBE4534554', 'Edge Router X', 54, 16, 2, 13, 63, 'B4FBE4534554', NULL, NULL, NULL, NULL, 'Import warnings: asset tag was generated because none was provided.', 0, '2026-04-22 07:26:22', '2026-04-22 07:26:22'),
(166, 'IMP-18E829E9D6AD', 'UAP AC-PRO', 55, 15, 2, 13, 64, '18E829E9D6AD', NULL, NULL, NULL, NULL, 'Import warnings: asset tag was generated because none was provided.', 0, '2026-04-22 07:26:22', '2026-04-22 07:26:22'),
(167, 'IMP-18E829E9D62E', 'UAP AC-PRO', 55, 15, 2, 13, 65, '18E829E9D62E', NULL, NULL, NULL, NULL, 'Import warnings: asset tag was generated because none was provided.', 0, '2026-04-22 07:26:22', '2026-04-22 07:26:22'),
(168, 'IMP-18E829E9D37E', 'UAP AC-PRO', 55, 15, 2, 13, 66, '18E829E9D37E', NULL, NULL, NULL, NULL, 'Import warnings: asset tag was generated because none was provided.', 0, '2026-04-22 07:26:22', '2026-04-22 07:26:22'),
(169, 'IMP-18E829E9D398', 'UAP AC-PRO', 55, 15, 2, 13, 67, '18E829E9D398', NULL, NULL, NULL, NULL, 'Import warnings: asset tag was generated because none was provided.', 0, '2026-04-22 07:26:22', '2026-04-22 07:26:22'),
(170, 'IMP-18E829E9D575', 'UAP AC-PRO', 55, 15, 2, 13, 68, '18E829E9D575', NULL, NULL, NULL, NULL, 'Import warnings: asset tag was generated because none was provided.', 0, '2026-04-22 07:26:22', '2026-04-22 07:26:22'),
(171, 'IMP-18E829E9D92B', 'UAP AC-PRO', 55, 15, 6, 13, NULL, '18E829E9D92B', NULL, NULL, NULL, NULL, 'Import warnings: asset tag was generated because none was provided.', 0, '2026-04-22 07:26:22', '2026-04-22 07:26:22'),
(172, 'IMP-18E829E9DF66', 'UAP AC-PRO', 55, 15, 2, 13, 69, '18E829E9DF66', NULL, NULL, NULL, NULL, 'Import warnings: asset tag was generated because none was provided.', 0, '2026-04-22 07:26:22', '2026-04-22 07:26:22'),
(173, 'IMP-18E829E9DC2D', 'UAP AC-PRO', 55, 15, 6, 13, NULL, '18E829E9DC2D', NULL, NULL, NULL, NULL, 'Import warnings: asset tag was generated because none was provided.', 0, '2026-04-22 07:26:22', '2026-04-22 07:26:22'),
(174, 'IMP-18E829E9DF64', 'UAP AC-PRO', 55, 15, 2, 13, 63, '18E829E9DF64', NULL, NULL, NULL, NULL, 'Import warnings: asset tag was generated because none was provided.', 0, '2026-04-22 07:26:22', '2026-04-22 07:26:22'),
(175, 'IMP-18E829E9DF0D', 'UAP AC-PRO', 55, 15, 2, 13, 70, '18E829E9DF0D', NULL, NULL, NULL, NULL, 'Import warnings: asset tag was generated because none was provided.', 0, '2026-04-22 07:26:22', '2026-04-22 07:26:22'),
(176, 'IMP-18E829E9DDB0', 'UAP AC-PRO', 55, 15, 6, 13, NULL, '18E829E9DDB0', NULL, NULL, NULL, NULL, 'Import warnings: asset tag was generated because none was provided.', 0, '2026-04-22 07:26:22', '2026-04-22 07:26:22'),
(177, 'IMP-18E829E9E17F', 'UAP AC-PRO', 55, 15, 6, 13, NULL, '18E829E9E17F', NULL, NULL, NULL, NULL, 'Import warnings: asset tag was generated because none was provided.', 0, '2026-04-22 07:26:22', '2026-04-22 07:26:22'),
(178, 'IMP-18E829E9D74F', 'UAP AC-PRO', 55, 15, 6, 13, NULL, '18E829E9D74F', NULL, NULL, NULL, NULL, 'Import warnings: asset tag was generated because none was provided.', 0, '2026-04-22 07:26:22', '2026-04-22 07:26:22'),
(179, 'IMP-18E829E9D6EE', 'UAP AC-PRO', 55, 15, 6, 13, NULL, '18E829E9D6EE', NULL, NULL, NULL, NULL, 'Import warnings: asset tag was generated because none was provided.', 0, '2026-04-22 07:26:22', '2026-04-22 07:26:22'),
(180, 'IMP-18E829E9D6E5', 'UAP AC-PRO', 55, 15, 6, 13, NULL, '18E829E9D6E5', NULL, NULL, NULL, NULL, 'Import warnings: asset tag was generated because none was provided.', 0, '2026-04-22 07:26:22', '2026-04-22 07:26:22'),
(181, 'IMP-1930K18E829B', 'Unifi Cloud Key', 53, 13, 2, 13, NULL, '1930K18E829B647CB-3QmhVR', NULL, NULL, NULL, NULL, 'Import warnings: asset tag was generated because none was provided.', 0, '2026-04-22 07:26:22', '2026-04-22 07:26:22'),
(182, 'IMP-1903K18E829B', 'Unifi Cloud Key', 53, 13, 2, 13, NULL, '1903K18E829B65ED5-9fZuVj', NULL, NULL, NULL, NULL, 'Import warnings: asset tag was generated because none was provided.', 0, '2026-04-22 07:26:22', '2026-04-22 07:26:22'),
(183, 'IMP-B4FBE413A256', 'Unifi AC Mesh Pro', 56, 15, 2, 13, NULL, 'b4fbe413a256', NULL, NULL, NULL, NULL, 'Import warnings: asset tag was generated because none was provided.', 0, '2026-04-22 07:26:22', '2026-04-22 07:26:22'),
(184, 'IMP-18E8292B20E2', 'Unifi Switch 16 150W', 57, 8, 2, 13, 63, '18e8292B20E2', NULL, NULL, NULL, NULL, 'Import warnings: asset tag was generated because none was provided.', 0, '2026-04-22 07:26:22', '2026-04-22 07:26:22'),
(185, 'IMP-18E8292B1BE7', 'Unifi Switch 16 150W', 57, 8, 2, 13, NULL, '18E8292B1BE7', NULL, NULL, NULL, NULL, 'Import warnings: asset tag was generated because none was provided.', 0, '2026-04-22 07:26:22', '2026-04-22 07:26:22'),
(186, 'IMP-18E82910413E', 'Unifi AC Mesh Pro', 56, 15, 2, 13, NULL, '18E82910413E', NULL, NULL, NULL, NULL, 'Import warnings: asset tag was generated because none was provided.', 0, '2026-04-22 07:26:22', '2026-04-22 07:26:22'),
(187, 'IMP-18E8291042FC', 'Unifi AC Mesh Pro', 56, 15, 2, 13, NULL, '18E8291042FC', NULL, NULL, NULL, NULL, 'Import warnings: asset tag was generated because none was provided.', 0, '2026-04-22 07:26:22', '2026-04-22 07:26:22'),
(188, 'IMP-E063DAB9D65A', 'Unifi AC Mesh Pro', 56, 15, 2, 13, NULL, 'E063DAB9D65A', NULL, NULL, NULL, NULL, 'Import warnings: asset tag was generated because none was provided.', 0, '2026-04-22 07:26:22', '2026-04-22 07:26:22'),
(189, 'IMP-E063DAB9D7BC', 'Unifi AC Mesh Pro', 56, 15, 2, 13, NULL, 'E063DAB9D7BC', NULL, NULL, NULL, NULL, 'Import warnings: asset tag was generated because none was provided.', 0, '2026-04-22 07:26:22', '2026-04-22 07:26:22'),
(190, 'IMP-E063DAB9D780', 'Unifi AC Mesh Pro', 56, 15, 2, 13, NULL, 'E063DAB9D780', NULL, NULL, NULL, NULL, 'Import warnings: asset tag was generated because none was provided.', 0, '2026-04-22 07:26:22', '2026-04-22 07:26:22'),
(191, 'IMP-E063DAB9D7B6', 'Unifi AC Mesh Pro', 56, 15, 2, 13, NULL, 'E063DAB9D7B6', NULL, NULL, NULL, NULL, 'Import warnings: asset tag was generated because none was provided.', 0, '2026-04-22 07:26:22', '2026-04-22 07:26:22'),
(192, 'IMP-E063DAB9D790', 'Unifi AC Mesh Pro', 56, 15, 2, 13, NULL, 'E063DAB9D790', NULL, NULL, NULL, NULL, 'Import warnings: asset tag was generated because none was provided.', 0, '2026-04-22 07:26:22', '2026-04-22 07:26:22'),
(193, 'IMP-78455870EB20', 'Unifi AC Mesh Pro', 56, 15, 2, 13, NULL, '78455870EB20', NULL, NULL, NULL, NULL, 'Import warnings: asset tag was generated because none was provided.', 0, '2026-04-22 07:26:22', '2026-04-22 07:26:22'),
(194, 'IMP-78455870EE40', 'Unifi AC Mesh Pro', 56, 15, 2, 13, NULL, '78455870EE40', NULL, NULL, NULL, NULL, 'Import warnings: asset tag was generated because none was provided.', 0, '2026-04-22 07:26:22', '2026-04-22 07:26:22'),
(195, 'IMP-78455870F740', 'Unifi AC Mesh Pro', 56, 15, 2, 13, NULL, '78455870F740', NULL, NULL, NULL, NULL, 'Import warnings: asset tag was generated because none was provided.', 0, '2026-04-22 07:26:22', '2026-04-22 07:26:22'),
(196, 'IMP-78455870F6AF', 'Unifi AC Mesh Pro', 56, 15, 2, 13, NULL, '78455870F6AF', NULL, NULL, NULL, NULL, 'Import warnings: asset tag was generated because none was provided.', 0, '2026-04-22 07:26:22', '2026-04-22 07:26:22'),
(197, 'IMP-3B1421X10113', 'APC Back-UPS', 58, 9, 2, NULL, 28, '3B1421X10113', NULL, NULL, NULL, NULL, 'Import warnings: asset tag was generated because none was provided.', 0, '2026-04-22 07:26:22', '2026-04-22 07:26:22'),
(198, 'IMP-FG200A210540', 'Fortigate 200A', 59, 17, 2, NULL, 28, 'FG200A2105402854', NULL, NULL, NULL, NULL, 'Import warnings: asset tag was generated because none was provided.', 0, '2026-04-22 07:26:22', '2026-04-22 07:26:22'),
(199, 'IMP-410381404241', 'Yealink VOIP Phone', 60, 18, 2, NULL, 28, '4103814042418748', NULL, NULL, NULL, NULL, 'Import warnings: asset tag was generated because none was provided.', 0, '2026-04-22 07:26:22', '2026-04-22 07:26:22'),
(200, 'IMP-SENNHEISERMI', 'Sennheiser Microphone (Mic2 FuncRm2)', 61, 19, 2, NULL, 28, NULL, NULL, NULL, NULL, NULL, 'Import warnings: asset tag was generated because none was provided.', 0, '2026-04-22 07:26:22', '2026-04-22 07:26:22'),
(201, 'IMP-ZTOJPXTBCNIH', 'Sennheiser Microphone (Mic1 FuncRm2)', 61, 19, 2, NULL, 28, NULL, NULL, NULL, NULL, NULL, 'Import warnings: asset tag was generated because none was provided.', 0, '2026-04-22 07:26:23', '2026-04-22 07:26:23'),
(202, 'IMP-WDM5XDVUA2ZO', 'Sennheiser Microphone (Mic1 FuncRm1)', 61, 19, 2, NULL, 28, NULL, NULL, NULL, NULL, NULL, 'Import warnings: asset tag was generated because none was provided.', 0, '2026-04-22 07:26:23', '2026-04-22 07:26:23'),
(203, 'IMP-ZBHHN0MI5RMX', 'Sennheiser Microphone (Mic1 FuncRm3)', 61, 19, 2, NULL, 28, NULL, NULL, NULL, NULL, NULL, 'Import warnings: asset tag was generated because none was provided.', 0, '2026-04-22 07:26:23', '2026-04-22 07:26:23'),
(204, 'IMP-N4YXGURIMODP', 'Sennheiser Microphone (Mic2 FuncRm3)', 61, 19, 2, NULL, 28, NULL, NULL, NULL, NULL, NULL, 'Import warnings: asset tag was generated because none was provided.', 0, '2026-04-22 07:26:23', '2026-04-22 07:26:23'),
(205, 'IMP-ERZGGUSSFVKD', 'Sennheiser Microphone', 62, 19, 2, NULL, 28, NULL, NULL, NULL, NULL, NULL, 'Import warnings: asset tag was generated because none was provided.', 0, '2026-04-22 07:26:23', '2026-04-22 07:26:23'),
(206, 'IMP-BL2G2092', 'Samson Microphone Stand', 63, 19, 2, NULL, 28, 'BL2G2092', NULL, NULL, NULL, NULL, 'Import warnings: asset tag was generated because none was provided.', 0, '2026-04-22 07:26:23', '2026-04-22 07:26:23'),
(207, 'IMP-BL2G2089', 'Samson Microphone Stand', 63, 19, 2, NULL, 28, 'BL2G2089', NULL, NULL, NULL, NULL, 'Import warnings: asset tag was generated because none was provided.', 0, '2026-04-22 07:26:23', '2026-04-22 07:26:23'),
(208, 'IMP-BL2G2093', 'Samson Microphone Stand (Mic2 FuncRm2)', 63, 19, 2, NULL, 28, 'BL2G2093', NULL, NULL, NULL, NULL, 'Import warnings: asset tag was generated because none was provided.', 0, '2026-04-22 07:26:23', '2026-04-22 07:26:23'),
(209, 'IMP-BL2G2090', 'Samson Microphone Stand (Mic1 FuncRm1)', 63, 19, 2, NULL, 28, 'BL2G2090', NULL, NULL, NULL, NULL, 'Import warnings: asset tag was generated because none was provided.', 0, '2026-04-22 07:26:23', '2026-04-22 07:26:23'),
(210, 'IMP-BL2G2091', 'Samson Microphone Stand (Mic1 FuncRm3)', 63, 19, 2, NULL, 28, 'BL2G2091', NULL, NULL, NULL, NULL, 'Import warnings: asset tag was generated because none was provided.', 0, '2026-04-22 07:26:23', '2026-04-22 07:26:23'),
(211, 'IMP-BL2G2094', 'Samson Microphone Stand (Mic1 FuncRm1 A)', 63, 19, 2, NULL, 28, 'BL2G2094', NULL, NULL, NULL, NULL, 'Import warnings: asset tag was generated because none was provided.', 0, '2026-04-22 07:26:23', '2026-04-22 07:26:23'),
(212, 'IMP-T6Q131341520', 'ViewSonic Monitor', 64, 20, 2, NULL, 28, 'T6Q131341520', NULL, NULL, NULL, NULL, 'Import warnings: asset tag was generated because none was provided.', 0, '2026-04-22 07:26:23', '2026-04-22 07:26:23'),
(213, 'IMP-CLONESYSTEMU', 'Clone System Unit', 65, 21, 2, NULL, 28, NULL, NULL, NULL, NULL, NULL, 'Import warnings: asset tag was generated because none was provided.', 0, '2026-04-22 07:26:23', '2026-04-22 07:26:23'),
(214, 'IMP-D61010013544', 'Logitech Keyboard', 66, 22, 2, NULL, 28, 'D61010013544', NULL, NULL, NULL, NULL, 'Import warnings: asset tag was generated because none was provided.', 0, '2026-04-22 07:26:23', '2026-04-22 07:26:23'),
(215, 'IMP-IMATIONMOUSE', 'Imation Mouse', 67, 23, 2, NULL, 28, NULL, NULL, NULL, NULL, NULL, 'Import warnings: asset tag was generated because none was provided.', 0, '2026-04-22 07:26:23', '2026-04-22 07:26:23'),
(216, 'IMP-VISIONSPEAKE', 'Vision Speaker', 68, 24, 2, NULL, 28, NULL, NULL, NULL, NULL, NULL, 'Import warnings: asset tag was generated because none was provided.', 0, '2026-04-22 07:26:23', '2026-04-22 07:26:23'),
(217, 'IMP-Z22FXX302107', 'Allen & Heath ZED 22FX', 69, 25, 2, NULL, 28, 'Z22FXX302107', NULL, NULL, NULL, NULL, 'Import warnings: asset tag was generated because none was provided.', 0, '2026-04-22 07:26:23', '2026-04-22 07:26:23'),
(218, 'IMP-1221302063AF', 'Emerson Network Power GXT3-2000RT230', 70, 9, 2, NULL, 28, '1221302063AF433', NULL, NULL, NULL, NULL, 'Import warnings: asset tag was generated because none was provided.', 0, '2026-04-22 07:26:23', '2026-04-22 07:26:23'),
(219, 'IMP-8590962764', 'Lightning to VGA Adapter A1439', 71, 26, 2, NULL, 28, '8590962764', NULL, NULL, NULL, NULL, 'Import warnings: asset tag was generated because none was provided.', 0, '2026-04-22 07:26:23', '2026-04-22 07:26:23'),
(220, 'IMP-8590963101', 'Mini DisplayPort to VGA Adapter A1307', 72, 26, 2, NULL, 28, '8590963101', NULL, NULL, NULL, NULL, 'Import warnings: asset tag was generated because none was provided.', 0, '2026-04-22 07:26:23', '2026-04-22 07:26:23'),
(221, 'IMP-58X8ECAEU371', 'Symnet Express 8x8 Cobra', 73, 27, 2, NULL, 28, '58X8ECAEU3712009248', NULL, NULL, NULL, NULL, 'Import warnings: asset tag was generated because none was provided.', 0, '2026-04-22 07:26:23', '2026-04-22 07:26:23'),
(222, 'IMP-A0RW604E2601', 'Extron Digital Crosspoint Matrix Switcher', 74, 28, 2, NULL, 28, 'A0RW604E26013234851', NULL, NULL, NULL, NULL, 'Import warnings: asset tag was generated because none was provided.', 0, '2026-04-22 07:26:23', '2026-04-22 07:26:23'),
(223, 'IMP-1006900022AF', 'Emerson Network Power GXT3-2000RT230', 70, 9, 8, NULL, 28, '1006900022AF411', NULL, NULL, NULL, NULL, 'Import warnings: asset tag was generated because none was provided.', 0, '2026-04-22 07:26:23', '2026-04-22 07:26:23'),
(224, 'IMP-09198R2151AF', 'Emerson Network Power GXT2-1000RT230', 75, 9, 8, NULL, 28, '09198R2151AF043', NULL, NULL, NULL, NULL, 'Import warnings: asset tag was generated because none was provided.', 0, '2026-04-22 07:26:23', '2026-04-22 07:26:23'),
(225, 'IMP-41263512', 'One Access Networks Digital Modem', 76, 29, 2, NULL, 28, '41263512', NULL, NULL, NULL, NULL, 'Import warnings: asset tag was generated because none was provided.', 0, '2026-04-22 07:26:23', '2026-04-22 07:26:23'),
(226, 'IMP-FCZ102521CS', 'Cisco 1840 Series Router', 77, 16, 2, NULL, 28, 'FCZ102521CS', NULL, NULL, NULL, NULL, 'Import warnings: asset tag was generated because none was provided.', 0, '2026-04-22 07:26:23', '2026-04-22 07:26:23'),
(227, 'IMP-FHK125221GC', 'Cisco 1840 Series Router', 77, 16, 2, NULL, 28, 'FHK125221GC', NULL, NULL, NULL, NULL, 'Import warnings: asset tag was generated because none was provided.', 0, '2026-04-22 07:26:23', '2026-04-22 07:26:23'),
(228, 'IMP-316131170018', 'Carrier Air Conditioner Split 1HP', 78, 10, 2, NULL, 28, '316131170018', NULL, NULL, NULL, NULL, 'Import warnings: asset tag was generated because none was provided.', 0, '2026-04-22 07:26:23', '2026-04-22 07:26:23'),
(229, 'IMP-A938BBAF2202', 'Casio XJ-H1700 DLP Projector', 79, 30, 2, NULL, 28, 'A938BBAF22-022265', NULL, NULL, NULL, NULL, 'Import warnings: asset tag was generated because none was provided.', 0, '2026-04-22 07:26:23', '2026-04-22 07:26:23'),
(230, 'IMP-MMAASYG4IZ0A', 'Casio XJ-H1700 DLP Projector', 79, 30, 2, NULL, 28, 'A938BBAF22-022120', NULL, NULL, NULL, NULL, 'Import warnings: asset tag was generated because none was provided.', 0, '2026-04-22 07:26:23', '2026-04-22 07:26:23'),
(231, 'IMP-Q3KVAK4KMR8U', 'Casio XJ-H1700 DLP Projector', 79, 30, 2, NULL, 28, 'A938BBAF22-022311', NULL, NULL, NULL, NULL, 'Import warnings: asset tag was generated because none was provided.', 0, '2026-04-22 07:26:23', '2026-04-22 07:26:23'),
(232, 'IMP-A0RW60AER260', 'Extron DXP 44 HDMI', 80, 28, 2, NULL, 28, 'A0RW60AER26013', NULL, NULL, NULL, NULL, 'Import warnings: asset tag was generated because none was provided.', 0, '2026-04-22 07:26:23', '2026-04-22 07:26:23'),
(233, 'IMP-A0T7T4UER259', 'Extron DTP HDMI 230 TX', 81, 31, 2, NULL, 28, 'A0T7T4UER25971', NULL, NULL, NULL, NULL, 'Import warnings: asset tag was generated because none was provided.', 0, '2026-04-22 07:26:23', '2026-04-22 07:26:23'),
(234, 'IMP-A0T7TIKER259', 'Extron DTP HDMI 230 TX', 81, 31, 2, NULL, 28, 'A0T7TIKER25971', NULL, NULL, NULL, NULL, 'Import warnings: asset tag was generated because none was provided.', 0, '2026-04-22 07:26:23', '2026-04-22 07:26:23'),
(235, 'IMP-A0T4X0WER259', 'Extron DTP HDMI 230 TX', 81, 31, 2, NULL, 28, 'A0T4X0WER25971', NULL, NULL, NULL, NULL, 'Import warnings: asset tag was generated because none was provided.', 0, '2026-04-22 07:26:23', '2026-04-22 07:26:23'),
(236, 'IMP-A0T7UMQER258', 'Extron DTP HDMI 230 RX', 82, 31, 2, NULL, 28, 'A0T7UMQER25889', NULL, NULL, NULL, NULL, 'Import warnings: asset tag was generated because none was provided.', 0, '2026-04-22 07:26:23', '2026-04-22 07:26:23'),
(237, 'IMP-A0T7UH5ER258', 'Extron DTP HDMI 230 RX', 82, 31, 2, NULL, 28, 'A0T7UH5ER25889', NULL, NULL, NULL, NULL, 'Import warnings: asset tag was generated because none was provided.', 0, '2026-04-22 07:26:23', '2026-04-22 07:26:23'),
(238, 'IMP-A0T7U2VER258', 'Extron DTP HDMI 230 RX', 82, 31, 2, NULL, 28, 'A0T7U2VER25889', NULL, NULL, NULL, NULL, 'Import warnings: asset tag was generated because none was provided.', 0, '2026-04-22 07:26:23', '2026-04-22 07:26:23'),
(239, 'IMP-A0T7U40ER258', 'Extron DTP HDMI 230 RX', 82, 31, 2, NULL, 28, 'A0T7U40ER25889', NULL, NULL, NULL, NULL, 'Import warnings: asset tag was generated because none was provided.', 0, '2026-04-22 07:26:23', '2026-04-22 07:26:23'),
(240, 'IMP-A0T7UU1ER258', 'Extron DTP HDMI 230 RX', 82, 31, 2, NULL, 28, 'A0T7UU1ER25889', NULL, NULL, NULL, NULL, 'Import warnings: asset tag was generated because none was provided.', 0, '2026-04-22 07:26:23', '2026-04-22 07:26:23'),
(241, 'IMP-A0T7UAVER258', 'Extron DTP HDMI 230 RX', 82, 31, 2, NULL, 28, 'A0T7UAVER25889', NULL, NULL, NULL, NULL, 'Import warnings: asset tag was generated because none was provided.', 0, '2026-04-22 07:26:23', '2026-04-22 07:26:23'),
(242, 'IMP-A0Q4VA6ER258', 'Extron RGB HDMI 300A', 83, 32, 2, NULL, 28, 'A0Q4VA6ER258850', NULL, NULL, NULL, NULL, 'Import warnings: asset tag was generated because none was provided.', 0, '2026-04-22 07:26:23', '2026-04-22 07:26:23'),
(243, 'IMP-A0Q4V9UER258', 'Extron RGB HDMI 300A', 83, 32, 2, NULL, 28, 'A0Q4V9UER258850', NULL, NULL, NULL, NULL, 'Import warnings: asset tag was generated because none was provided.', 0, '2026-04-22 07:26:23', '2026-04-22 07:26:23'),
(244, 'IMP-A0Q4VCCER258', 'Extron RGB HDMI 300A', 83, 32, 2, NULL, 28, 'A0Q4VCCER258850', NULL, NULL, NULL, NULL, 'Import warnings: asset tag was generated because none was provided.', 0, '2026-04-22 07:26:23', '2026-04-22 07:26:23'),
(245, 'IMP-PROJECTORCEI', 'Projector Ceiling Bracket', 84, 33, 2, NULL, 28, NULL, NULL, NULL, NULL, NULL, 'Import warnings: asset tag was generated because none was provided.', 0, '2026-04-22 07:26:23', '2026-04-22 07:26:23'),
(246, 'IMP-7KVSUJRGYDKF', 'Projector Ceiling Bracket', 84, 33, 2, NULL, 28, NULL, NULL, NULL, NULL, NULL, 'Import warnings: asset tag was generated because none was provided.', 0, '2026-04-22 07:26:23', '2026-04-22 07:26:23'),
(247, 'IMP-0NHVZR3WMUQ3', 'Projector Ceiling Bracket', 84, 33, 2, NULL, 28, NULL, NULL, NULL, NULL, NULL, 'Import warnings: asset tag was generated because none was provided.', 0, '2026-04-22 07:26:23', '2026-04-22 07:26:23'),
(248, 'IMP-MOTORIZEDSCR', 'Motorized Screen Clearview 6x8', 85, 33, 2, NULL, 28, NULL, NULL, NULL, NULL, NULL, 'Import warnings: asset tag was generated because none was provided.', 0, '2026-04-22 07:26:23', '2026-04-22 07:26:23'),
(249, 'IMP-3UD4OESPT8E0', 'Motorized Screen Clearview 6x8', 85, 33, 2, NULL, 28, NULL, NULL, NULL, NULL, NULL, 'Import warnings: asset tag was generated because none was provided.', 0, '2026-04-22 07:26:23', '2026-04-22 07:26:23'),
(250, 'IMP-HDRSR111', 'Sony Handycam HDR-SR111', 86, 34, 8, NULL, 28, 'HDR-SR111', NULL, NULL, NULL, NULL, 'Import warnings: asset tag was generated because none was provided.', 0, '2026-04-22 07:26:23', '2026-04-22 07:26:23'),
(251, 'IMP-DALITE6X8FAS', 'Dalite 6x8 Fast Fold Screen', 87, 33, 2, NULL, 28, NULL, NULL, NULL, NULL, NULL, 'Import warnings: asset tag was generated because none was provided.', 0, '2026-04-22 07:26:23', '2026-04-22 07:26:23'),
(252, 'IMP-810003416', 'Logitech Clicker/Presenter', 88, 35, 2, NULL, 28, '810-003416', NULL, NULL, NULL, NULL, 'Import warnings: asset tag was generated because none was provided.', 0, '2026-04-22 07:26:23', '2026-04-22 07:26:23'),
(253, 'IMP-9VRECHARGEAB', '9V Rechargeable Battery', 89, 36, 2, NULL, 28, NULL, NULL, NULL, NULL, NULL, 'Import warnings: asset tag was generated because none was provided.', 0, '2026-04-22 07:26:23', '2026-04-22 07:26:23'),
(254, 'IMP-POWERADAPTER', 'Power Adapter', 90, 36, 2, NULL, 28, NULL, NULL, NULL, NULL, NULL, 'Import warnings: asset tag was generated because none was provided.', 0, '2026-04-22 07:26:23', '2026-04-22 07:26:23'),
(255, 'IMP-GFP2IAALQIN9', 'Power Adapter', 90, 36, 2, NULL, 28, NULL, NULL, NULL, NULL, NULL, 'Import warnings: asset tag was generated because none was provided.', 0, '2026-04-22 07:26:23', '2026-04-22 07:26:23'),
(256, 'IMP-3QI2725567', 'SHURE SVX Wireless Lapel Mic', 91, 19, 2, NULL, 28, '3QI2725567', NULL, NULL, NULL, NULL, 'Import warnings: asset tag was generated because none was provided.', 0, '2026-04-22 07:26:23', '2026-04-22 07:26:23'),
(257, 'IMP-3QI2725564', 'SHURE SVX Wireless Lapel Mic', 91, 19, 2, NULL, 28, '3QI2725564', NULL, NULL, NULL, NULL, 'Import warnings: asset tag was generated because none was provided.', 0, '2026-04-22 07:26:23', '2026-04-22 07:26:23'),
(258, 'IMP-1831WD046569', 'Logitech Clicker/Presenter', 88, 35, 2, NULL, 28, '1831WD046569', NULL, NULL, NULL, NULL, 'Import warnings: asset tag was generated because none was provided.', 0, '2026-04-22 07:26:23', '2026-04-22 07:26:23'),
(259, 'IMP-1832WD034999', 'Logitech Clicker/Presenter', 88, 35, 2, NULL, 28, '1832WD034999', NULL, NULL, NULL, NULL, 'Import warnings: asset tag was generated because none was provided.', 0, '2026-04-22 07:26:23', '2026-04-22 07:26:23'),
(260, 'IMP-1832WD03A688', 'Logitech Clicker/Presenter', 88, 35, 2, NULL, 36, '1832WD03A688', NULL, NULL, NULL, NULL, 'Import warnings: asset tag was generated because none was provided.', 0, '2026-04-22 07:26:23', '2026-04-22 07:26:23'),
(261, 'IMP-1832WD0349F9', 'Logitech Clicker/Presenter', 88, 35, 2, NULL, NULL, '1832WD0349F9', NULL, NULL, NULL, NULL, 'Import warnings: asset tag was generated because none was provided.', 0, '2026-04-22 07:26:23', '2026-04-22 07:26:23'),
(262, 'IMP-1832WD046059', 'Logitech Clicker/Presenter', 88, 35, 2, NULL, NULL, '1832WD046059', NULL, NULL, NULL, NULL, 'Import warnings: asset tag was generated because none was provided.', 0, '2026-04-22 07:26:23', '2026-04-22 07:26:23'),
(263, 'IMP-1831WD02B3F9', 'Logitech Clicker/Presenter', 88, 35, 2, NULL, NULL, '1831WD02B3F9', NULL, NULL, NULL, NULL, 'Import warnings: asset tag was generated because none was provided.', 0, '2026-04-22 07:26:23', '2026-04-22 07:26:23'),
(264, 'IMP-D20903897031', 'Carrier Air Conditioner Split Type', 92, 10, 2, NULL, 7, 'D209038970313709170214', NULL, NULL, NULL, NULL, 'Import warnings: asset tag was generated because none was provided.', 0, '2026-04-22 07:26:23', '2026-04-22 07:26:23'),
(265, 'IMP-42BFEFSUCAR0', 'Carrier Air Conditioner Indoor', 93, 10, 2, NULL, 7, '42BFEFSUCAR05TEEE13PC-0174757', NULL, NULL, NULL, NULL, 'Import warnings: asset tag was generated because none was provided.', 0, '2026-04-22 07:26:23', '2026-04-22 07:26:23'),
(266, 'IMP-HC547080YYC', 'Acer Mouse', 94, 23, 2, NULL, 7, 'HC547080YYC', NULL, NULL, NULL, NULL, 'Import warnings: asset tag was generated because none was provided.', 0, '2026-04-22 07:26:23', '2026-04-22 07:26:23'),
(267, 'IMP-WYGZOH7JQCMW', 'Clone System Unit (RUCKUS Wi-Fi Server)', 95, 21, 2, NULL, 7, NULL, NULL, NULL, NULL, NULL, 'Import warnings: asset tag was generated because none was provided.', 0, '2026-04-22 07:26:23', '2026-04-22 07:26:23'),
(268, 'IMP-1612', 'A4Tech Keyboard', 96, 22, 2, NULL, 7, '1612', NULL, NULL, NULL, NULL, 'Import warnings: asset tag was generated because none was provided.', 0, '2026-04-22 07:26:23', '2026-04-22 07:26:23'),
(269, 'IMP-ZZS8H4TH9', 'Samsung Monitor LCD', 97, 20, 2, NULL, 7, 'ZZS8H4TH9', NULL, NULL, NULL, NULL, 'Import warnings: asset tag was generated because none was provided.', 0, '2026-04-22 07:26:23', '2026-04-22 07:26:23'),
(270, 'IMP-00563J', 'Phoenix V 2000 UPS', 98, 9, 9, NULL, 7, '00563J', NULL, NULL, NULL, NULL, 'Defective Battery\r\nImport warnings: asset tag was generated because none was provided.', 0, '2026-04-22 07:26:23', '2026-04-22 07:26:23'),
(271, 'IMP-PB0256BM', 'Lenovo System Unit EDIS', 99, 21, 2, NULL, 7, 'PB0256BM', NULL, NULL, NULL, NULL, 'Import warnings: asset tag was generated because none was provided.', 0, '2026-04-22 07:26:23', '2026-04-22 07:26:23'),
(272, 'IMP-410381310240', 'Yealink VOIP T21P', 100, 18, 2, NULL, 7, '4103813102401448', NULL, NULL, NULL, NULL, 'Import warnings: asset tag was generated because none was provided.', 0, '2026-04-22 07:26:23', '2026-04-22 07:26:23'),
(273, 'IMP-2582B2A06BBF', 'IBM System Unit Server (Library)', 101, 11, 2, NULL, 7, '2582B2A-06BBFXN', NULL, NULL, NULL, NULL, 'Import warnings: asset tag was generated because none was provided.', 0, '2026-04-22 07:26:23', '2026-04-22 07:26:23'),
(274, 'IMP-SGH134XH4W', 'HP Proliant DL380 G7 (Xen Server)', 102, 11, 2, NULL, 7, 'SGH134XH4W', NULL, NULL, NULL, NULL, 'Import warnings: asset tag was generated because none was provided.', 0, '2026-04-22 07:26:23', '2026-04-22 07:26:23'),
(275, 'IMP-SGH251J1DP', 'HP Proliant DL320e Gen8', 19, 11, 2, NULL, 7, 'SGH251J1DP', NULL, NULL, NULL, NULL, 'Import warnings: asset tag was generated because none was provided.', 0, '2026-04-22 07:26:23', '2026-04-22 07:26:23'),
(276, 'IMP-A052305F27', 'Quintum Tenor AX Series', 103, 14, 2, NULL, 7, 'A052-305F27', NULL, NULL, NULL, NULL, 'Import warnings: asset tag was generated because none was provided.', 0, '2026-04-22 07:26:23', '2026-04-22 07:26:23'),
(277, 'IMP-1434003193AF', 'Emerson Network Power UPS', 104, 9, 9, NULL, 7, '1434003193AF433', NULL, NULL, NULL, NULL, 'Defective Battery\r\nImport warnings: asset tag was generated because none was provided.', 0, '2026-04-22 07:26:23', '2026-04-22 07:26:23'),
(278, 'IMP-1434003190AF', 'Emerson Network Power UPS', 104, 9, 9, NULL, 7, '1434003190AF433', NULL, NULL, NULL, NULL, 'Defective Battery\r\nImport warnings: asset tag was generated because none was provided.', 0, '2026-04-22 07:26:23', '2026-04-22 07:26:23'),
(279, 'IMP-CNP3JY0EAA', 'Nortel Network UPS', 105, 9, 9, NULL, 7, 'CNP3JY0EAA', NULL, NULL, NULL, NULL, 'Defective Battery\r\nImport warnings: asset tag was generated because none was provided.', 0, '2026-04-22 07:26:23', '2026-04-22 07:26:23'),
(280, 'IMP-FG600B390960', 'Fortinet 620B', 106, 17, 2, NULL, 7, 'FG600B3909601279', NULL, NULL, NULL, NULL, 'Import warnings: asset tag was generated because none was provided.', 0, '2026-04-22 07:26:23', '2026-04-22 07:26:23'),
(281, 'IMP-FD02107A250', 'Cisco 4351 Series Router', 107, 16, 2, NULL, 7, 'FD02107A250', NULL, '2018-09-14', NULL, NULL, 'Import warnings: asset tag was generated because none was provided.', 0, '2026-04-22 07:26:23', '2026-04-22 07:26:23'),
(282, 'IMP-219801065428', 'Huawei PAC-60WG-L', 108, 37, 2, NULL, 7, '219801065428', NULL, '2018-09-14', NULL, NULL, 'Import warnings: asset tag was generated because none was provided.', 0, '2026-04-22 07:26:23', '2026-04-22 07:26:23'),
(283, 'IMP-J56007101090', 'Emerson GXT10000-MT UPS', 109, 9, 8, NULL, 7, 'J56007101/09072-07180001', NULL, NULL, NULL, NULL, 'Import warnings: asset tag was generated because none was provided.', 0, '2026-04-22 07:26:23', '2026-04-22 07:26:23'),
(284, 'IMP-JAE22170DEL', 'Cisco Catalyst 4500-X Core Switch', 110, 8, 2, NULL, 7, 'JAE22170DEL', NULL, '2018-06-26', NULL, NULL, 'Import warnings: asset tag was generated because none was provided.', 0, '2026-04-22 07:26:23', '2026-04-22 07:26:23'),
(285, 'IMP-QCS21503CC5', 'Catalyst 4500X 750W AC PSU', 111, 37, 2, NULL, 7, 'QCS21503CC5', NULL, NULL, NULL, NULL, 'Import warnings: asset tag was generated because none was provided.', 0, '2026-04-22 07:26:23', '2026-04-22 07:26:23'),
(286, 'IMP-QCS21503CK3', 'Catalyst 4500X 750W AC PSU', 111, 37, 2, NULL, 7, 'QCS21503CK3', NULL, NULL, NULL, NULL, 'Import warnings: asset tag was generated because none was provided.', 0, '2026-04-22 07:26:23', '2026-04-22 07:26:23'),
(287, 'IMP-CATALYST4500', 'Catalyst 4500X Network Module Blank', 112, 12, 2, NULL, 7, NULL, NULL, NULL, NULL, NULL, 'Import warnings: asset tag was generated because none was provided.', 0, '2026-04-22 07:26:23', '2026-04-22 07:26:23'),
(288, 'IMP-NEMA515TOIEC', 'NEMA 5-15 to IEC-C15 Power Cord', 113, 36, 2, NULL, 7, NULL, NULL, NULL, NULL, NULL, 'Import warnings: asset tag was generated because none was provided.', 0, '2026-04-22 07:26:23', '2026-04-22 07:26:23'),
(289, 'IMP-HM568MSBSJPX', 'NEMA 5-15 to IEC-C15 Power Cord', 113, 36, 2, NULL, 7, NULL, NULL, NULL, NULL, NULL, 'Import warnings: asset tag was generated because none was provided.', 0, '2026-04-22 07:26:23', '2026-04-22 07:26:23'),
(290, 'IMP-AN17A00033', 'Socomec NPR-1700-RT UPS', 114, 9, 2, NULL, 7, 'AN17A00033', NULL, NULL, NULL, NULL, 'Import warnings: asset tag was generated because none was provided.', 0, '2026-04-22 07:26:23', '2026-04-22 07:26:23'),
(291, 'IMP-AN17A00046', 'Socomec NPR-1700-RT UPS', 114, 9, 2, NULL, 7, 'AN17A00046', NULL, NULL, NULL, NULL, 'Import warnings: asset tag was generated because none was provided.', 0, '2026-04-22 07:26:23', '2026-04-22 07:26:23'),
(292, 'IMP-882013060461', 'Gigabit Ethernet Media Converter', 115, 12, 2, NULL, 7, '882013060461004', NULL, NULL, NULL, NULL, 'Import warnings: asset tag was generated because none was provided.', 0, '2026-04-22 07:26:23', '2026-04-22 07:26:23'),
(293, 'IMP-I6ZMJK1N6M3W', 'Gigabit Ethernet Media Converter', 115, 12, 2, NULL, 7, '882013060461003', NULL, NULL, NULL, NULL, 'Import warnings: asset tag was generated because none was provided.', 0, '2026-04-22 07:26:23', '2026-04-22 07:26:23'),
(294, 'IMP-M20UAXBKIXJO', 'Gigabit Ethernet Media Converter', 115, 12, 2, NULL, 7, '882013060461005', NULL, NULL, NULL, NULL, 'Import warnings: asset tag was generated because none was provided.', 0, '2026-04-22 07:26:23', '2026-04-22 07:26:23'),
(295, 'IMP-GTUOYD5X0E0D', 'Gigabit Ethernet Media Converter', 115, 12, 2, NULL, 7, '882013060461008', NULL, NULL, NULL, NULL, 'Import warnings: asset tag was generated because none was provided.', 0, '2026-04-22 07:26:23', '2026-04-22 07:26:23'),
(296, 'IMP-O2RE3F0A1WTF', 'Gigabit Ethernet Media Converter', 115, 12, 2, NULL, 7, '882013060461001', NULL, NULL, NULL, NULL, 'Import warnings: asset tag was generated because none was provided.', 0, '2026-04-22 07:26:23', '2026-04-22 07:26:23'),
(297, 'IMP-8JATU003391', 'Panasonic KX-NS100 IP-PBX', 116, 38, 2, NULL, 7, '8JATU003391', NULL, NULL, NULL, NULL, 'Import warnings: asset tag was generated because none was provided.', 0, '2026-04-22 07:26:23', '2026-04-22 07:26:23'),
(298, 'IMP-8FBCF007428', 'Panasonic KX-TDE620 Expansion Shelf', 117, 38, 2, NULL, 7, '8FBCF007428', NULL, NULL, NULL, NULL, 'Import warnings: asset tag was generated because none was provided.', 0, '2026-04-22 07:26:23', '2026-04-22 07:26:23'),
(299, 'IMP-8JATH007480', 'Panasonic KX-NT553X Operator Phone', 118, 18, 2, NULL, 7, '8JATH007480', NULL, NULL, NULL, NULL, 'Import warnings: asset tag was generated because none was provided.', 0, '2026-04-22 07:26:23', '2026-04-22 07:26:23'),
(300, 'IMP-FG6H1ETB1990', 'Fortinet FG-601E Firewall', 119, 17, 2, NULL, 7, 'FG6H1ETB19903644', NULL, '2020-06-01', NULL, NULL, 'Import warnings: asset tag was generated because none was provided.', 0, '2026-04-22 07:26:23', '2026-04-22 07:26:23'),
(301, 'IMP-A2CA2VD', 'FG-TR-AN-SFP+SR Transceiver', 120, 39, 2, NULL, 7, 'A2CA2VD', NULL, NULL, NULL, NULL, 'Import warnings: asset tag was generated because none was provided.', 0, '2026-04-22 07:26:24', '2026-04-22 07:26:24'),
(302, 'IMP-A2CAP44', 'FG-TR-AN-SFP+SR Transceiver', 120, 39, 2, NULL, 7, 'A2CAP44', NULL, NULL, NULL, NULL, 'Import warnings: asset tag was generated because none was provided.', 0, '2026-04-22 07:26:24', '2026-04-22 07:26:24'),
(303, 'IMP-XQ1945RH4578', 'SP-FG300E-PS AC Power Supply', 121, 37, 2, NULL, 7, 'XQ1945RH4578', NULL, NULL, NULL, NULL, 'Import warnings: asset tag was generated because none was provided.', 0, '2026-04-22 07:26:24', '2026-04-22 07:26:24'),
(304, 'IMP-N2JA9G7', 'FTLF8519P3BNL SFP Module', 122, 39, 2, NULL, 7, 'N2JA9G7', NULL, NULL, NULL, NULL, 'Import warnings: asset tag was generated because none was provided.', 0, '2026-04-22 07:26:24', '2026-04-22 07:26:24'),
(305, 'IMP-N2JAB10', 'FTLF8519P3BNL SFP Module', 122, 39, 2, NULL, 7, 'N2JAB10', NULL, NULL, NULL, NULL, 'Import warnings: asset tag was generated because none was provided.', 0, '2026-04-22 07:26:24', '2026-04-22 07:26:24'),
(306, 'IMP-3PZKX53', 'Dell PowerEdge R440 Server', 123, 11, 2, NULL, 7, '3PZKX53', NULL, '2020-09-22', NULL, NULL, 'Import warnings: asset tag was generated because none was provided.', 0, '2026-04-22 07:26:24', '2026-04-22 07:26:24'),
(307, 'IMP-8GBTH035105', 'Panasonic KX-NT551X IP Phone', 124, 18, 2, NULL, 71, '8GBTH035105', NULL, '2019-02-07', NULL, NULL, 'Import warnings: asset tag was generated because none was provided.', 0, '2026-04-22 07:26:24', '2026-04-22 07:26:24'),
(308, 'IMP-8JBTE039570', 'Panasonic KX-NT511-P IP Phone', 125, 18, 2, NULL, 72, '8JBTE039570', NULL, NULL, NULL, NULL, 'Import warnings: asset tag was generated because none was provided.', 0, '2026-04-22 07:26:24', '2026-04-22 07:26:24'),
(309, 'IMP-8KATE039893', 'Panasonic KX-NT511-P IP Phone', 125, 18, 2, NULL, 72, '8KATE039893', NULL, NULL, NULL, NULL, 'Import warnings: asset tag was generated because none was provided.', 0, '2026-04-22 07:26:24', '2026-04-22 07:26:24'),
(310, 'IMP-8JBTE039598', 'Panasonic KX-NT511-P IP Phone', 125, 18, 2, NULL, 72, '8JBTE039598', NULL, NULL, NULL, NULL, 'Import warnings: asset tag was generated because none was provided.', 0, '2026-04-22 07:26:24', '2026-04-22 07:26:24'),
(311, 'IMP-8JBTE039596', 'Panasonic KX-NT511-P IP Phone', 125, 18, 2, NULL, 72, '8JBTE039596', NULL, NULL, NULL, NULL, 'Import warnings: asset tag was generated because none was provided.', 0, '2026-04-22 07:26:24', '2026-04-22 07:26:24'),
(312, 'IMP-8JBTE039639', 'Panasonic KX-NT511-P IP Phone', 125, 18, 2, NULL, 72, '8JBTE039639', NULL, NULL, NULL, NULL, 'Import warnings: asset tag was generated because none was provided.', 0, '2026-04-22 07:26:24', '2026-04-22 07:26:24'),
(313, 'IMP-8JBTE039597', 'Panasonic KX-NT511-P IP Phone', 125, 18, 2, NULL, 72, '8JBTE039597', NULL, NULL, NULL, NULL, 'Import warnings: asset tag was generated because none was provided.', 0, '2026-04-22 07:26:24', '2026-04-22 07:26:24'),
(314, 'IMP-8JBTE039608', 'Panasonic KX-NT511-P IP Phone', 125, 18, 2, NULL, 72, '8JBTE039608', NULL, NULL, NULL, NULL, 'Import warnings: asset tag was generated because none was provided.', 0, '2026-04-22 07:26:24', '2026-04-22 07:26:24'),
(315, 'IMP-8JBTE039637', 'Panasonic KX-NT511-P IP Phone', 125, 18, 2, NULL, 72, '8JBTE039637', NULL, NULL, NULL, NULL, 'Import warnings: asset tag was generated because none was provided.', 0, '2026-04-22 07:26:24', '2026-04-22 07:26:24'),
(316, 'IMP-8JBTE039607', 'Panasonic KX-NT511-P IP Phone', 125, 18, 2, NULL, 72, '8JBTE039607', NULL, NULL, NULL, NULL, 'Import warnings: asset tag was generated because none was provided.', 0, '2026-04-22 07:26:25', '2026-04-22 07:26:25'),
(317, 'IMP-8KATE039904', 'Panasonic KX-NT511-P IP Phone', 125, 18, 2, NULL, 72, '8KATE039904', NULL, NULL, NULL, NULL, 'Import warnings: asset tag was generated because none was provided.', 0, '2026-04-22 07:26:25', '2026-04-22 07:26:25'),
(318, 'IMP-8KATE039898', 'Panasonic KX-NT511-P IP Phone', 125, 18, 2, NULL, 72, '8KATE039898', NULL, NULL, NULL, NULL, 'Import warnings: asset tag was generated because none was provided.', 0, '2026-04-22 07:26:25', '2026-04-22 07:26:25'),
(319, 'IMP-8JBTE039640', 'Panasonic KX-NT511-P IP Phone', 125, 18, 2, NULL, 72, '8JBTE039640', NULL, NULL, NULL, NULL, 'Import warnings: asset tag was generated because none was provided.', 0, '2026-04-22 07:26:25', '2026-04-22 07:26:25'),
(320, 'IMP-8JBTE039599', 'Panasonic KX-NT511-P IP Phone', 125, 18, 2, NULL, 72, '8JBTE039599', NULL, NULL, NULL, NULL, 'Import warnings: asset tag was generated because none was provided.', 0, '2026-04-22 07:26:25', '2026-04-22 07:26:25'),
(321, 'IMP-8KATE039911', 'Panasonic KX-NT511-P IP Phone', 125, 18, 2, NULL, 72, '8KATE039911', NULL, NULL, NULL, NULL, 'Import warnings: asset tag was generated because none was provided.', 0, '2026-04-22 07:26:25', '2026-04-22 07:26:25'),
(322, 'IMP-8KATE039897', 'Panasonic KX-NT511-P IP Phone', 125, 18, 2, NULL, 72, '8KATE039897', NULL, NULL, NULL, NULL, 'Import warnings: asset tag was generated because none was provided.', 0, '2026-04-22 07:26:25', '2026-04-22 07:26:25'),
(323, 'IMP-8JBTE039609', 'Panasonic KX-NT511-P IP Phone', 125, 18, 2, NULL, 72, '8JBTE039609', NULL, NULL, NULL, NULL, 'Import warnings: asset tag was generated because none was provided.', 0, '2026-04-22 07:26:25', '2026-04-22 07:26:25'),
(324, 'IMP-8KATE039908', 'Panasonic KX-NT511-P IP Phone', 125, 18, 2, NULL, 72, '8KATE039908', NULL, NULL, NULL, NULL, 'Import warnings: asset tag was generated because none was provided.', 0, '2026-04-22 07:26:25', '2026-04-22 07:26:25'),
(325, 'IMP-8JBTE039707', 'Panasonic KX-NT511-P IP Phone', 125, 18, 2, NULL, 72, '8JBTE039707', NULL, NULL, NULL, NULL, 'Import warnings: asset tag was generated because none was provided.', 0, '2026-04-22 07:26:25', '2026-04-22 07:26:25'),
(326, 'IMP-8JBTE039705', 'Panasonic KX-NT511-P IP Phone', 125, 18, 2, NULL, 72, '8JBTE039705', NULL, NULL, NULL, NULL, 'Import warnings: asset tag was generated because none was provided.', 0, '2026-04-22 07:26:25', '2026-04-22 07:26:25'),
(327, 'IMP-8JBTE039638', 'Panasonic KX-NT511-P IP Phone', 125, 18, 2, NULL, 72, '8JBTE039638', NULL, NULL, NULL, NULL, 'Import warnings: asset tag was generated because none was provided.', 0, '2026-04-22 07:26:25', '2026-04-22 07:26:25'),
(328, 'IMP-8JBTE039584', 'Panasonic KX-NT511-P IP Phone', 125, 18, 2, NULL, 72, '8JBTE039584', NULL, NULL, NULL, NULL, 'Import warnings: asset tag was generated because none was provided.', 0, '2026-04-22 07:26:25', '2026-04-22 07:26:25'),
(329, 'IMP-9AATE013520', 'Panasonic KX-NT511P IP Phone', 126, 18, 2, NULL, 73, '9AATE013520', NULL, '2019-07-23', NULL, NULL, 'Import warnings: asset tag was generated because none was provided.', 0, '2026-04-22 07:26:25', '2026-04-22 07:26:25'),
(330, 'IMP-9AATE013519', 'Panasonic KX-NT511P IP Phone', 126, 18, 2, NULL, 74, '9AATE013519', NULL, '2019-07-23', NULL, NULL, 'Import warnings: asset tag was generated because none was provided.', 0, '2026-04-22 07:26:25', '2026-04-22 07:26:25'),
(331, 'IMP-8LATE013419', 'Panasonic KX-NT511P IP Phone', 126, 18, 2, NULL, 75, '8LATE013419', NULL, '2019-07-23', NULL, NULL, 'Import warnings: asset tag was generated because none was provided.', 0, '2026-04-22 07:26:25', '2026-04-22 07:26:25'),
(332, 'IMP-8LATE013418', 'Panasonic KX-NT511P IP Phone', 126, 18, 2, NULL, 76, '8LATE013418', NULL, '2019-07-23', NULL, NULL, 'Import warnings: asset tag was generated because none was provided.', 0, '2026-04-22 07:26:25', '2026-04-22 07:26:25'),
(333, 'IMP-9AATE013518', 'Panasonic KX-NT511P IP Phone', 126, 18, 2, NULL, 77, '9AATE013518', NULL, '2019-07-23', NULL, NULL, 'Import warnings: asset tag was generated because none was provided.', 0, '2026-04-22 07:26:25', '2026-04-22 07:26:25'),
(334, 'IMP-8LATE013417', 'Panasonic KX-NT511P IP Phone', 126, 18, 2, NULL, 78, '8LATE013417', NULL, '2019-07-23', NULL, NULL, 'Import warnings: asset tag was generated because none was provided.', 0, '2026-04-22 07:26:25', '2026-04-22 07:26:25'),
(335, 'IMP-9DATE013754', 'Panasonic KX-NT511P IP Phone', 126, 18, 2, NULL, 79, '9DATE013754', NULL, '2019-07-23', NULL, NULL, 'Import warnings: asset tag was generated because none was provided.', 0, '2026-04-22 07:26:25', '2026-04-22 07:26:25'),
(336, 'IMP-POELONGRANGE', 'PoE Long Range Switch WI-PS210G', 127, 8, 2, NULL, 35, NULL, NULL, NULL, NULL, NULL, 'Import warnings: asset tag was generated because none was provided.', 0, '2026-04-22 07:26:25', '2026-04-22 07:26:25'),
(337, 'IMP-251503807021', 'Ruckus Wireless R700', 128, 15, 2, NULL, 80, '251503807021', NULL, NULL, NULL, NULL, 'Import warnings: asset tag was generated because none was provided.', 0, '2026-04-22 07:26:25', '2026-04-22 07:26:25'),
(338, 'IMP-251503907207', 'Ruckus Wireless R700', 128, 15, 6, NULL, 81, '251503907207', NULL, NULL, NULL, NULL, 'Import warnings: asset tag was generated because none was provided.', 0, '2026-04-22 07:26:25', '2026-04-22 07:26:25'),
(339, 'IMP-251503607282', 'Ruckus Wireless R700', 128, 15, 2, NULL, 82, '251503607282', NULL, NULL, NULL, NULL, 'Import warnings: asset tag was generated because none was provided.', 0, '2026-04-22 07:26:25', '2026-04-22 07:26:25'),
(340, 'IMP-251503307371', 'Ruckus Wireless R700', 128, 15, 2, NULL, 83, '251503307371', NULL, NULL, NULL, NULL, 'Import warnings: asset tag was generated because none was provided.', 0, '2026-04-22 07:26:25', '2026-04-22 07:26:25'),
(341, 'IMP-111403005882', 'Ruckus Wireless R700', 128, 15, 2, NULL, 84, '111403005882', NULL, NULL, NULL, NULL, 'Import warnings: asset tag was generated because none was provided.', 0, '2026-04-22 07:26:25', '2026-04-22 07:26:25'),
(342, 'IMP-251503307934', 'Ruckus Wireless R700', 128, 15, 2, NULL, 1, '251503307934', NULL, NULL, NULL, NULL, 'Import warnings: asset tag was generated because none was provided.', 0, '2026-04-22 07:26:25', '2026-04-22 07:26:25'),
(343, 'IMP-251503107799', 'Ruckus Wireless R700', 128, 15, 2, NULL, 4, '251503107799', NULL, NULL, NULL, NULL, 'Import warnings: asset tag was generated because none was provided.', 0, '2026-04-22 07:26:25', '2026-04-22 07:26:25'),
(344, 'IMP-251503707548', 'Ruckus Wireless R700', 128, 15, 2, NULL, 2, '251503707548', NULL, NULL, NULL, NULL, 'Import warnings: asset tag was generated because none was provided.', 0, '2026-04-22 07:26:25', '2026-04-22 07:26:25'),
(345, 'IMP-251503407054', 'Ruckus Wireless R700', 128, 15, 2, NULL, 85, '251503407054', NULL, NULL, NULL, NULL, 'Import warnings: asset tag was generated because none was provided.', 0, '2026-04-22 07:26:25', '2026-04-22 07:26:25'),
(346, 'IMP-251503807614', 'Ruckus Wireless R700', 128, 15, 2, NULL, 86, '251503807614', NULL, NULL, NULL, NULL, 'Import warnings: asset tag was generated because none was provided.', 0, '2026-04-22 07:26:25', '2026-04-22 07:26:25'),
(347, 'IMP-251503907797', 'Ruckus Wireless R700', 128, 15, 2, NULL, 3, '251503907797', NULL, NULL, NULL, NULL, 'Import warnings: asset tag was generated because none was provided.', 0, '2026-04-22 07:26:25', '2026-04-22 07:26:25'),
(348, 'IMP-251503207053', 'Ruckus Wireless R700', 128, 15, 2, NULL, 6, '251503207053', NULL, NULL, NULL, NULL, 'Import warnings: asset tag was generated because none was provided.', 0, '2026-04-22 07:26:25', '2026-04-22 07:26:25'),
(349, 'IMP-251503007549', 'Ruckus Wireless R700', 128, 15, 2, NULL, 5, '251503007549', NULL, NULL, NULL, NULL, 'Import warnings: asset tag was generated because none was provided.', 0, '2026-04-22 07:26:25', '2026-04-22 07:26:25'),
(350, 'IMP-491503111109', 'Ruckus Wireless R700', 128, 15, 2, NULL, 87, '491503111109', NULL, NULL, NULL, NULL, 'Import warnings: asset tag was generated because none was provided.', 0, '2026-04-22 07:26:25', '2026-04-22 07:26:25'),
(351, 'IMP-491503411130', 'Ruckus Wireless R700', 128, 15, 2, NULL, 87, '491503411130', NULL, NULL, NULL, NULL, 'Import warnings: asset tag was generated because none was provided.', 0, '2026-04-22 07:26:25', '2026-04-22 07:26:25'),
(352, 'IMP-491503110991', 'Ruckus Wireless R700', 128, 15, 2, NULL, 87, '491503110991', NULL, NULL, NULL, NULL, 'Import warnings: asset tag was generated because none was provided.', 0, '2026-04-22 07:26:25', '2026-04-22 07:26:25'),
(353, 'IMP-491503810986', 'Ruckus Wireless R700', 128, 15, 2, NULL, 87, '491503810986', NULL, NULL, NULL, NULL, 'Import warnings: asset tag was generated because none was provided.', 0, '2026-04-22 07:26:25', '2026-04-22 07:26:25'),
(354, 'IMP-491503410999', 'Ruckus Wireless R700', 128, 15, 2, NULL, 88, '491503410999', NULL, NULL, NULL, NULL, 'Import warnings: asset tag was generated because none was provided.', 0, '2026-04-22 07:26:25', '2026-04-22 07:26:25'),
(355, 'IMP-491503310994', 'Ruckus Wireless R700', 128, 15, 2, NULL, 87, '491503310994', NULL, NULL, NULL, NULL, 'Import warnings: asset tag was generated because none was provided.', 0, '2026-04-22 07:26:25', '2026-04-22 07:26:25'),
(356, 'IMP-491503411337', 'Ruckus Wireless R700', 128, 15, 2, NULL, 88, '491503411337', NULL, NULL, NULL, NULL, 'Import warnings: asset tag was generated because none was provided.', 0, '2026-04-22 07:26:25', '2026-04-22 07:26:25'),
(357, 'IMP-491503811340', 'Ruckus Wireless R700', 128, 15, 2, NULL, 88, '491503811340', NULL, NULL, NULL, NULL, 'Import warnings: asset tag was generated because none was provided.', 0, '2026-04-22 07:26:25', '2026-04-22 07:26:25'),
(358, 'IMP-491503691132', 'Ruckus Wireless R700', 128, 15, 2, NULL, 88, '4915036911323', NULL, NULL, NULL, NULL, 'Import warnings: asset tag was generated because none was provided.', 0, '2026-04-22 07:26:25', '2026-04-22 07:26:25'),
(359, 'IMP-491503811360', 'Ruckus Wireless R700', 128, 15, 2, NULL, 88, '491503811360', NULL, NULL, NULL, NULL, 'Import warnings: asset tag was generated because none was provided.', 0, '2026-04-22 07:26:25', '2026-04-22 07:26:25'),
(360, 'IMP-491503811224', 'Ruckus Wireless R700', 128, 15, 2, NULL, 88, '491503811224', NULL, NULL, NULL, NULL, 'Import warnings: asset tag was generated because none was provided.', 0, '2026-04-22 07:26:25', '2026-04-22 07:26:25'),
(361, 'IMP-491503511162', 'Ruckus Wireless R700', 128, 15, 2, NULL, 88, '491503511162', NULL, NULL, NULL, NULL, 'Import warnings: asset tag was generated because none was provided.', 0, '2026-04-22 07:26:25', '2026-04-22 07:26:25'),
(362, 'IMP-491503711176', 'Ruckus Wireless R700', 128, 15, 2, NULL, 87, '491503711176', NULL, NULL, NULL, NULL, 'Import warnings: asset tag was generated because none was provided.', 0, '2026-04-22 07:26:25', '2026-04-22 07:26:25'),
(363, 'IMP-491503911359', 'Ruckus Wireless R700', 128, 15, 2, NULL, 87, '491503911359', NULL, NULL, NULL, NULL, 'Import warnings: asset tag was generated because none was provided.', 0, '2026-04-22 07:26:25', '2026-04-22 07:26:25'),
(364, 'IMP-491503311243', 'Ruckus Wireless R700', 128, 15, 2, NULL, 87, '491503311243', NULL, NULL, NULL, NULL, 'Import warnings: asset tag was generated because none was provided.', 0, '2026-04-22 07:26:25', '2026-04-22 07:26:25'),
(365, 'IMP-491503811037', 'Ruckus Wireless R700', 128, 15, 2, NULL, 88, '491503811037', NULL, NULL, NULL, NULL, 'Import warnings: asset tag was generated because none was provided.', 0, '2026-04-22 07:26:25', '2026-04-22 07:26:25'),
(366, 'IMP-491503311205', 'Ruckus Wireless R700', 128, 15, 2, NULL, 88, '491503311205', NULL, NULL, NULL, NULL, 'Import warnings: asset tag was generated because none was provided.', 0, '2026-04-22 07:26:25', '2026-04-22 07:26:25'),
(367, 'IMP-491503311096', 'Ruckus Wireless R700', 128, 15, 2, NULL, 88, '4915033110968', NULL, NULL, NULL, NULL, 'Import warnings: asset tag was generated because none was provided.', 0, '2026-04-22 07:26:25', '2026-04-22 07:26:25'),
(368, 'IMP-ETOCSG52NSA0', 'Nortel Transceiver 1000Base-SX', 129, 39, 6, NULL, NULL, 'ETOCSG52NSA06', NULL, NULL, NULL, NULL, 'Import warnings: asset tag was generated because none was provided.', 0, '2026-04-22 07:26:25', '2026-04-22 07:26:25'),
(369, 'IMP-ETOCSG52FSP3', 'Nortel Transceiver 1000Base-SX', 129, 39, 6, NULL, NULL, 'ETOCSG52FSP31', NULL, NULL, NULL, NULL, 'Import warnings: asset tag was generated because none was provided.', 0, '2026-04-22 07:26:25', '2026-04-22 07:26:25'),
(370, 'IMP-ETOCSG52FSP0', 'Nortel Transceiver 1000Base-SX', 129, 39, 6, NULL, NULL, 'ETOCSG52FSP08', NULL, NULL, NULL, NULL, 'Import warnings: asset tag was generated because none was provided.', 0, '2026-04-22 07:26:25', '2026-04-22 07:26:25'),
(371, 'IMP-ETOCSG52OS63', 'Nortel Transceiver 1000Base-SX', 129, 39, 6, NULL, NULL, 'ETOCSG52OS633', NULL, NULL, NULL, NULL, 'Import warnings: asset tag was generated because none was provided.', 0, '2026-04-22 07:26:25', '2026-04-22 07:26:25'),
(372, 'IMP-ETOCSG52OS24', 'Nortel Transceiver 1000Base-SX', 129, 39, 6, NULL, NULL, 'ETOCSG52OS245', NULL, NULL, NULL, NULL, 'Import warnings: asset tag was generated because none was provided.', 0, '2026-04-22 07:26:25', '2026-04-22 07:26:25'),
(373, 'IMP-ETOCSG52NSM3', 'Nortel Transceiver 1000Base-SX', 129, 39, 6, NULL, NULL, 'ETOCSG52NSM32', NULL, NULL, NULL, NULL, 'Import warnings: asset tag was generated because none was provided.', 0, '2026-04-22 07:26:25', '2026-04-22 07:26:25'),
(374, 'IMP-HPTRANSCEIVE', 'HP Transceiver SFP-GE-550-850-MM', 130, 39, 6, NULL, NULL, NULL, NULL, NULL, NULL, NULL, 'Import warnings: asset tag was generated because none was provided.', 0, '2026-04-22 07:26:25', '2026-04-22 07:26:25'),
(375, 'IMP-CN53DYB0RJ', 'HP Transceiver SFP LX J4859C', 131, 39, 2, 14, 36, 'CN53DYB0RJ', NULL, NULL, NULL, NULL, 'Import warnings: asset tag was generated because none was provided.', 0, '2026-04-22 07:26:25', '2026-04-22 07:26:25'),
(376, 'IMP-MY235VM4R7', 'HP Transceiver SFP SX J4858C', 132, 39, 2, 14, 36, 'MY235VM4R7', NULL, NULL, NULL, NULL, 'Import warnings: asset tag was generated because none was provided.', 0, '2026-04-22 07:26:25', '2026-04-22 07:26:25'),
(377, 'IMP-MY235VM4PB', 'HP Transceiver SFP SX J4858C', 132, 39, 2, 14, 89, 'MY235VM4PB', NULL, '2017-02-17', NULL, NULL, 'Import warnings: asset tag was generated because none was provided.', 0, '2026-04-22 07:26:25', '2026-04-22 07:26:25'),
(378, 'IMP-MY235VM4ZH', 'HP Transceiver SFP SX J4858C', 132, 39, 2, 14, 36, 'MY235VM4ZH', NULL, NULL, NULL, NULL, 'Import warnings: asset tag was generated because none was provided.', 0, '2026-04-22 07:26:25', '2026-04-22 07:26:25'),
(379, 'IMP-CN54DYB1KP', 'HP Transceiver SFP LX J4859C', 131, 39, 2, 14, 36, 'CN54DYB1KP', NULL, NULL, NULL, NULL, 'Import warnings: asset tag was generated because none was provided.', 0, '2026-04-22 07:26:25', '2026-04-22 07:26:25'),
(380, 'IMP-MY235VM50C', 'HP Transceiver SFP SX J4858C', 132, 39, 2, 14, 36, 'MY235VM50C', NULL, NULL, NULL, NULL, 'Import warnings: asset tag was generated because none was provided.', 0, '2026-04-22 07:26:25', '2026-04-22 07:26:25'),
(381, 'IMP-MY235VM56F', 'HP Transceiver SFP SX J4858C', 132, 39, 2, 14, 89, 'MY235VM56F', NULL, '2017-02-17', NULL, NULL, 'Import warnings: asset tag was generated because none was provided.', 0, '2026-04-22 07:26:25', '2026-04-22 07:26:25'),
(382, 'IMP-MY235VM4XQ', 'HP Transceiver SFP SX J4858C', 132, 39, 2, 14, 7, 'MY235VM4XQ', NULL, '2016-06-14', NULL, NULL, 'Import warnings: asset tag was generated because none was provided.', 0, '2026-04-22 07:26:25', '2026-04-22 07:26:25'),
(383, 'IMP-CN54DYB1Y6', 'HP Transceiver SFP LX J4859C', 131, 39, 2, 14, 53, 'CN54DYB1Y6', NULL, NULL, NULL, NULL, 'Import warnings: asset tag was generated because none was provided.', 0, '2026-04-22 07:26:25', '2026-04-22 07:26:25'),
(384, 'IMP-MY26D4D32R', 'HP Transceiver SFP-GE-550-850-MM', 130, 39, 2, 14, 26, 'MY26D4D32R', NULL, NULL, NULL, NULL, 'Import warnings: asset tag was generated because none was provided.', 0, '2026-04-22 07:26:25', '2026-04-22 07:26:25'),
(385, 'IMP-MY26D4D33L', 'HP Transceiver SFP-GE-550-850-MM', 130, 39, 2, 14, 26, 'MY26D4D33L', NULL, NULL, NULL, NULL, 'Import warnings: asset tag was generated because none was provided.', 0, '2026-04-22 07:26:25', '2026-04-22 07:26:25'),
(386, 'IMP-MY26D4D32L', 'HP Transceiver SFP-GE-550-850-MM', 130, 39, 2, 14, 26, 'MY26D4D32L', NULL, NULL, NULL, NULL, 'Import warnings: asset tag was generated because none was provided.', 0, '2026-04-22 07:26:25', '2026-04-22 07:26:25'),
(387, 'IMP-MY26D4D32P', 'HP Transceiver SFP-GE-550-850-MM', 130, 39, 2, 14, 26, 'MY26D4D32P', NULL, NULL, NULL, NULL, 'Import warnings: asset tag was generated because none was provided.', 0, '2026-04-22 07:26:25', '2026-04-22 07:26:25'),
(388, 'IMP-MY26D4D33K', 'HP Transceiver SFP-GE-550-850-MM', 130, 39, 2, 14, 26, 'MY26D4D33K', NULL, NULL, NULL, NULL, 'Import warnings: asset tag was generated because none was provided.', 0, '2026-04-22 07:26:25', '2026-04-22 07:26:25'),
(389, 'IMP-CN54DYB1KJ', 'HP Transceiver SFP LX J4859C', 131, 39, 2, 14, 90, 'CN54DYB1KJ', NULL, NULL, NULL, NULL, 'Import warnings: asset tag was generated because none was provided.', 0, '2026-04-22 07:26:25', '2026-04-22 07:26:25'),
(390, 'IMP-CN54DYB1LD', 'HP Transceiver SFP LX J4859C', 131, 39, 2, 14, 28, 'CN54DYB1LD', NULL, NULL, NULL, NULL, 'Import warnings: asset tag was generated because none was provided.', 0, '2026-04-22 07:26:25', '2026-04-22 07:26:25'),
(391, 'IMP-CN54DYB1J5', 'HP Transceiver SFP LX J4859C', 131, 39, 2, 14, 28, 'CN54DYB1J5', NULL, NULL, NULL, NULL, 'Import warnings: asset tag was generated because none was provided.', 0, '2026-04-22 07:26:25', '2026-04-22 07:26:25'),
(392, 'IMP-CN54DYB1L3', 'HP Transceiver SFP LX J4859C', 131, 39, 2, 14, 7, 'CN54DYB1L3', NULL, NULL, NULL, NULL, 'Import warnings: asset tag was generated because none was provided.', 0, '2026-04-22 07:26:25', '2026-04-22 07:26:25'),
(393, 'IMP-CN54DYB1L8', 'HP Transceiver SFP LX J4859C', 131, 39, 2, 14, 28, 'CN54DYB1L8', NULL, NULL, NULL, NULL, 'Import warnings: asset tag was generated because none was provided.', 0, '2026-04-22 07:26:25', '2026-04-22 07:26:25'),
(394, 'IMP-MY235VM4NF', 'HP Transceiver SFX LX J4858C', 133, 39, 2, 14, 23, 'MY235VM4NF', NULL, NULL, NULL, NULL, 'Import warnings: asset tag was generated because none was provided.', 0, '2026-04-22 07:26:25', '2026-04-22 07:26:25'),
(395, 'IMP-MY235VM4PG', 'HP Transceiver SFX LX J4858C', 133, 39, 2, 14, 23, 'MY235VM4PG', NULL, NULL, NULL, NULL, 'Import warnings: asset tag was generated because none was provided.', 0, '2026-04-22 07:26:25', '2026-04-22 07:26:25'),
(396, 'IMP-MY235VM4QG', 'HP Transceiver SFX LX J4858C', 133, 39, 2, 14, 29, 'MY235VM4QG', NULL, NULL, NULL, NULL, 'Import warnings: asset tag was generated because none was provided.', 0, '2026-04-22 07:26:25', '2026-04-22 07:26:25'),
(397, 'IMP-MY235VM4N7', 'HP Transceiver SFX LX J4858C', 133, 39, 2, 14, 91, 'MY235VM4N7', NULL, NULL, NULL, NULL, 'Import warnings: asset tag was generated because none was provided.', 0, '2026-04-22 07:26:25', '2026-04-22 07:26:25'),
(398, 'IMP-MY235VM4YL', 'HP Transceiver SFX LX J4858C', 133, 39, 2, 14, 91, 'MY235VM4YL', NULL, NULL, NULL, NULL, 'Import warnings: asset tag was generated because none was provided.', 0, '2026-04-22 07:26:25', '2026-04-22 07:26:25'),
(399, 'IMP-MY235VM4RL', 'HP Transceiver SFX LX J4858C', 133, 39, 2, 14, 25, 'MY235VM4RL', NULL, NULL, NULL, NULL, 'Import warnings: asset tag was generated because none was provided.', 0, '2026-04-22 07:26:25', '2026-04-22 07:26:25'),
(400, 'IMP-MY5Q5S26BL', 'HP Transceiver HP Transceiver J4859C', 134, 39, 2, 14, NULL, 'MY5Q5S26BL', NULL, '2018-04-17', NULL, NULL, 'Import warnings: asset tag was generated because none was provided.', 0, '2026-04-22 07:26:25', '2026-04-22 07:26:25'),
(401, 'IMP-MY5Q5S27BL', 'HP Transceiver HP Transceiver J4859C', 134, 39, 2, 14, NULL, 'MY5Q5S27BL', NULL, '2018-04-17', NULL, NULL, 'Import warnings: asset tag was generated because none was provided.', 0, '2026-04-22 07:26:26', '2026-04-22 07:26:26'),
(402, 'IMP-AVJ22053280', 'SFP Transceiver 1000BASE-LX/LH', 135, 39, 2, NULL, 7, 'AVJ22053280', NULL, NULL, NULL, NULL, 'Import warnings: asset tag was generated because none was provided.', 0, '2026-04-22 07:26:26', '2026-04-22 07:26:26'),
(403, 'IMP-AVJ22053281', 'SFP Transceiver 1000BASE-LX/LH', 135, 39, 2, NULL, 7, 'AVJ22053281', NULL, NULL, NULL, NULL, 'Import warnings: asset tag was generated because none was provided.', 0, '2026-04-22 07:26:26', '2026-04-22 07:26:26');
INSERT INTO `assets` (`id`, `asset_tag`, `name`, `asset_model_id`, `category_id`, `status_label_id`, `supplier_id`, `location_id`, `serial`, `purchase_cost`, `purchase_date`, `warranty_expires`, `eol_date`, `notes`, `requestable`, `created_at`, `updated_at`) VALUES
(404, 'IMP-AVJ2205328D', 'SFP Transceiver 1000BASE-LX/LH', 135, 39, 2, NULL, 7, 'AVJ2205328D', NULL, NULL, NULL, NULL, 'Import warnings: asset tag was generated because none was provided.', 0, '2026-04-22 07:26:26', '2026-04-22 07:26:26'),
(405, 'IMP-AVJ2205328E', 'SFP Transceiver 1000BASE-LX/LH', 135, 39, 2, NULL, 7, 'AVJ2205328E', NULL, NULL, NULL, NULL, 'Import warnings: asset tag was generated because none was provided.', 0, '2026-04-22 07:26:26', '2026-04-22 07:26:26'),
(406, 'IMP-AVJ22053295', 'SFP Transceiver 1000BASE-LX/LH', 135, 39, 2, NULL, 7, 'AVJ22053295', NULL, NULL, NULL, NULL, 'Import warnings: asset tag was generated because none was provided.', 0, '2026-04-22 07:26:26', '2026-04-22 07:26:26'),
(407, 'IMP-MY5Q7528BL', 'HP Transceiver J4859C', 136, 39, 2, 14, NULL, 'MY5Q7528BL', NULL, '2018-07-11', NULL, NULL, 'Import warnings: asset tag was generated because none was provided.', 0, '2026-04-22 07:26:26', '2026-04-22 07:26:26'),
(408, 'IMP-CN84KBQ4LQ', 'HP Transceiver J4859C', 136, 39, 2, 14, NULL, 'CN84KBQ4LQ', NULL, '2018-07-11', NULL, NULL, 'Import warnings: asset tag was generated because none was provided.', 0, '2026-04-22 07:26:26', '2026-04-22 07:26:26'),
(409, 'IMP-CN84KBQ4LN', 'HP Transceiver J4859C', 136, 39, 2, 14, NULL, 'CN84KBQ4LN', NULL, '2018-07-11', NULL, NULL, 'Import warnings: asset tag was generated because none was provided.', 0, '2026-04-22 07:26:26', '2026-04-22 07:26:26'),
(410, 'IMP-AVC19442310', 'Transceiver GLC-TE 1000BASE-T SFP', 137, 39, 2, NULL, NULL, 'AVC19442310', NULL, '2019-04-10', NULL, NULL, 'Import warnings: asset tag was generated because none was provided.', 0, '2026-04-22 07:26:26', '2026-04-22 07:26:26'),
(411, 'IMP-AVC19442311', 'Transceiver GLC-TE 1000BASE-T SFP', 137, 39, 2, NULL, NULL, 'AVC19442311', NULL, '2019-04-10', NULL, NULL, 'Import warnings: asset tag was generated because none was provided.', 0, '2026-04-22 07:26:26', '2026-04-22 07:26:26'),
(412, 'IMP-AVC19442312', 'Transceiver GLC-TE 1000BASE-T SFP', 137, 39, 2, NULL, NULL, 'AVC19442312', NULL, '2019-04-10', NULL, NULL, 'Import warnings: asset tag was generated because none was provided.', 0, '2026-04-22 07:26:26', '2026-04-22 07:26:26'),
(413, 'IMP-AVC19442313', 'Transceiver GLC-TE 1000BASE-T SFP', 137, 39, 2, NULL, NULL, 'AVC19442313', NULL, '2019-04-10', NULL, NULL, 'Import warnings: asset tag was generated because none was provided.', 0, '2026-04-22 07:26:26', '2026-04-22 07:26:26'),
(414, 'IMP-AVC19442314', 'Transceiver GLC-TE 1000BASE-T SFP', 137, 39, 2, NULL, NULL, 'AVC19442314', NULL, '2019-04-10', NULL, NULL, 'Import warnings: asset tag was generated because none was provided.', 0, '2026-04-22 07:26:26', '2026-04-22 07:26:26'),
(415, 'IMP-AVC19442315', 'Transceiver GLC-TE 1000BASE-T SFP', 137, 39, 2, NULL, NULL, 'AVC19442315', NULL, '2019-04-10', NULL, NULL, 'Import warnings: asset tag was generated because none was provided.', 0, '2026-04-22 07:26:26', '2026-04-22 07:26:26'),
(416, 'IMP-AVC19442316', 'Transceiver GLC-TE 1000BASE-T SFP', 137, 39, 2, NULL, NULL, 'AVC19442316', NULL, '2019-04-10', NULL, NULL, 'Import warnings: asset tag was generated because none was provided.', 0, '2026-04-22 07:26:26', '2026-04-22 07:26:26'),
(417, 'IMP-CN06KC543Z', 'Aruba Transceiver 1G SFP LC SX 500m', 138, 39, 2, 15, NULL, 'CN06KC543Z', NULL, '2021-04-27', NULL, NULL, 'Import warnings: asset tag was generated because none was provided.', 0, '2026-04-22 07:26:26', '2026-04-22 07:26:26'),
(418, 'IMP-CN06KC54KX', 'Aruba Transceiver 1G SFP LC SX 500m', 138, 39, 2, 15, NULL, 'CN06KC54KX', NULL, '2021-04-27', NULL, NULL, 'Import warnings: asset tag was generated because none was provided.', 0, '2026-04-22 07:26:26', '2026-04-22 07:26:26'),
(419, 'IMP-CN11KC60SH', 'Aruba Transceiver 1G SFP LC SX 10km', 139, 39, 2, 15, NULL, 'CN11KC60SH', NULL, '2021-04-27', NULL, NULL, 'Import warnings: asset tag was generated because none was provided.', 0, '2026-04-22 07:26:26', '2026-04-22 07:26:26'),
(420, 'IMP-215781200204', 'TP-Link Archer T2U AC600 USB Adapter', 140, 40, 6, NULL, 36, '2157812002041', NULL, NULL, NULL, NULL, 'Import warnings: asset tag was generated because none was provided.', 0, '2026-04-22 07:26:26', '2026-04-22 07:26:26'),
(421, 'IMP-OB7YVN5HVOGY', 'TP-Link Archer T2U AC600 USB Adapter', 140, 40, 6, NULL, 36, '2157812002042', NULL, NULL, NULL, NULL, 'Import warnings: asset tag was generated because none was provided.', 0, '2026-04-22 07:26:26', '2026-04-22 07:26:26'),
(422, 'IMP-3SV5SLKUSPEE', 'TP-Link Archer T2U AC600 USB Adapter', 140, 40, 6, NULL, 36, '2157812002043', NULL, NULL, NULL, NULL, 'Import warnings: asset tag was generated because none was provided.', 0, '2026-04-22 07:26:26', '2026-04-22 07:26:26'),
(423, 'IMP-KXFPMPSYYCAR', 'TP-Link Archer T2U AC600 USB Adapter', 140, 40, 6, NULL, 36, '2157812002044', NULL, NULL, NULL, NULL, 'Import warnings: asset tag was generated because none was provided.', 0, '2026-04-22 07:26:26', '2026-04-22 07:26:26'),
(424, 'IMP-AEXUPODAEVSY', 'TP-Link Archer T2U AC600 USB Adapter', 140, 40, 6, NULL, 36, '2157812002045', NULL, NULL, NULL, NULL, 'Import warnings: asset tag was generated because none was provided.', 0, '2026-04-22 07:26:26', '2026-04-22 07:26:26'),
(425, 'IMP-OOATGHOBQGGQ', 'TP-Link Archer T2U AC600 USB Adapter', 140, 40, 6, NULL, 36, '2157812002046', NULL, NULL, NULL, NULL, 'Import warnings: asset tag was generated because none was provided.', 0, '2026-04-22 07:26:26', '2026-04-22 07:26:26'),
(426, 'IMP-EKVEKVQGPSZO', 'TP-Link Archer T2U AC600 USB Adapter', 140, 40, 6, NULL, 36, '2157812002047', NULL, NULL, NULL, NULL, 'Import warnings: asset tag was generated because none was provided.', 0, '2026-04-22 07:26:26', '2026-04-22 07:26:26'),
(427, 'IMP-CSBN2PF90T1U', 'TP-Link Archer T2U AC600 USB Adapter', 140, 40, 6, NULL, 36, '2157812002048', NULL, NULL, NULL, NULL, 'Import warnings: asset tag was generated because none was provided.', 0, '2026-04-22 07:26:26', '2026-04-22 07:26:26'),
(428, 'IMP-7CFQTLME1BQ2', 'TP-Link Archer T2U AC600 USB Adapter', 140, 40, 6, NULL, 36, '2157812002049', NULL, NULL, NULL, NULL, 'Import warnings: asset tag was generated because none was provided.', 0, '2026-04-22 07:26:26', '2026-04-22 07:26:26'),
(429, 'IMP-215781200205', 'TP-Link Archer T2U AC600 USB Adapter', 140, 40, 6, NULL, 36, '2157812002050', NULL, NULL, NULL, NULL, 'Import warnings: asset tag was generated because none was provided.', 0, '2026-04-22 07:26:26', '2026-04-22 07:26:26'),
(430, 'IMP-H4BHIF0GET1B', 'TP-Link Archer T2U AC600 USB Adapter', 140, 40, 6, NULL, 36, '2157812002051', NULL, NULL, NULL, NULL, 'Import warnings: asset tag was generated because none was provided.', 0, '2026-04-22 07:26:26', '2026-04-22 07:26:26'),
(431, 'IMP-OQF2G0UG8WIP', 'TP-Link Archer T2U AC600 USB Adapter', 140, 40, 6, NULL, 36, '2157812002052', NULL, NULL, NULL, NULL, 'Import warnings: asset tag was generated because none was provided.', 0, '2026-04-22 07:26:26', '2026-04-22 07:26:26'),
(432, 'IMP-JV64KAIFJXEQ', 'TP-Link Archer T2U AC600 USB Adapter', 140, 40, 6, NULL, 36, '2157812002053', NULL, NULL, NULL, NULL, 'Import warnings: asset tag was generated because none was provided.', 0, '2026-04-22 07:26:26', '2026-04-22 07:26:26'),
(433, 'IMP-6A56KABEJSME', 'TP-Link Archer T2U AC600 USB Adapter', 140, 40, 6, NULL, 36, '2157812002054', NULL, NULL, NULL, NULL, 'Import warnings: asset tag was generated because none was provided.', 0, '2026-04-22 07:26:26', '2026-04-22 07:26:26'),
(434, 'IMP-E6BYFUTKIE6O', 'TP-Link Archer T2U AC600 USB Adapter', 140, 40, 6, NULL, 36, '2157812002055', NULL, NULL, NULL, NULL, 'Import warnings: asset tag was generated because none was provided.', 0, '2026-04-22 07:26:26', '2026-04-22 07:26:26'),
(435, 'IMP-65IZZTPYCITL', 'TP-Link Archer T2U AC600 USB Adapter', 140, 40, 6, NULL, 36, '2157812002056', NULL, NULL, NULL, NULL, 'Import warnings: asset tag was generated because none was provided.', 0, '2026-04-22 07:26:26', '2026-04-22 07:26:26'),
(436, 'IMP-UIK0C5NOVFW7', 'TP-Link Archer T2U AC600 USB Adapter', 140, 40, 6, NULL, 36, '2157812002057', NULL, NULL, NULL, NULL, 'Import warnings: asset tag was generated because none was provided.', 0, '2026-04-22 07:26:26', '2026-04-22 07:26:26'),
(437, 'IMP-G834SVXXRUI9', 'TP-Link Archer T2U AC600 USB Adapter', 140, 40, 6, NULL, 36, '2157812002058', NULL, NULL, NULL, NULL, 'Import warnings: asset tag was generated because none was provided.', 0, '2026-04-22 07:26:26', '2026-04-22 07:26:26'),
(438, 'IMP-I5UIKPB09YRB', 'TP-Link Archer T2U AC600 USB Adapter', 140, 40, 6, NULL, 36, '2157812002059', NULL, NULL, NULL, NULL, 'Import warnings: asset tag was generated because none was provided.', 0, '2026-04-22 07:26:26', '2026-04-22 07:26:26'),
(439, 'IMP-215781200206', 'TP-Link Archer T2U AC600 USB Adapter', 140, 40, 6, NULL, 36, '2157812002060', NULL, NULL, NULL, NULL, 'Import warnings: asset tag was generated because none was provided.', 0, '2026-04-22 07:26:26', '2026-04-22 07:26:26'),
(440, 'IMP-GOL7WYFWCZQJ', 'TP-Link Archer T2U AC600 USB Adapter', 140, 40, 6, NULL, 36, '2157812002061', NULL, NULL, NULL, NULL, 'Import warnings: asset tag was generated because none was provided.', 0, '2026-04-22 07:26:26', '2026-04-22 07:26:26'),
(441, 'IMP-5VH2W2UWIN3U', 'TP-Link Archer T2U AC600 USB Adapter', 140, 40, 6, NULL, 36, '2157812002062', NULL, NULL, NULL, NULL, 'Import warnings: asset tag was generated because none was provided.', 0, '2026-04-22 07:26:26', '2026-04-22 07:26:26'),
(442, 'IMP-XCOILZUGQNGL', 'TP-Link Archer T2U AC600 USB Adapter', 140, 40, 6, NULL, 36, '2157812002063', NULL, NULL, NULL, NULL, 'Import warnings: asset tag was generated because none was provided.', 0, '2026-04-22 07:26:26', '2026-04-22 07:26:26'),
(443, 'IMP-K8BYSIZQ4PRX', 'TP-Link Archer T2U AC600 USB Adapter', 140, 40, 6, NULL, 36, '2157812002064', NULL, NULL, NULL, NULL, 'Import warnings: asset tag was generated because none was provided.', 0, '2026-04-22 07:26:26', '2026-04-22 07:26:26'),
(444, 'IMP-IDJZGEIVGB49', 'TP-Link Archer T2U AC600 USB Adapter', 140, 40, 6, NULL, 36, '2157812002065', NULL, NULL, NULL, NULL, 'Import warnings: asset tag was generated because none was provided.', 0, '2026-04-22 07:26:26', '2026-04-22 07:26:26'),
(445, 'IMP-ZUIU6TRZUJZO', 'TP-Link Archer T2U AC600 USB Adapter', 140, 40, 6, NULL, 36, '2157812002066', NULL, NULL, NULL, NULL, 'Import warnings: asset tag was generated because none was provided.', 0, '2026-04-22 07:26:26', '2026-04-22 07:26:26'),
(446, 'IMP-4JRCKB1LC0N2', 'TP-Link Archer T2U AC600 USB Adapter', 140, 40, 6, NULL, 36, '2157812002067', NULL, NULL, NULL, NULL, 'Import warnings: asset tag was generated because none was provided.', 0, '2026-04-22 07:26:26', '2026-04-22 07:26:26'),
(447, 'IMP-RVPZKJ2BL5YQ', 'TP-Link Archer T2U AC600 USB Adapter', 140, 40, 6, NULL, 36, '2157812002068', NULL, NULL, NULL, NULL, 'Import warnings: asset tag was generated because none was provided.', 0, '2026-04-22 07:26:26', '2026-04-22 07:26:26'),
(448, 'IMP-LZWWQXOO5UEB', 'TP-Link Archer T2U AC600 USB Adapter', 140, 40, 6, NULL, 36, '2157812002069', NULL, NULL, NULL, NULL, 'Import warnings: asset tag was generated because none was provided.', 0, '2026-04-22 07:26:26', '2026-04-22 07:26:26'),
(449, 'IMP-215781200207', 'TP-Link Archer T2U AC600 USB Adapter', 140, 40, 6, NULL, 36, '2157812002070', NULL, NULL, NULL, NULL, 'Import warnings: asset tag was generated because none was provided.', 0, '2026-04-22 07:26:26', '2026-04-22 07:26:26'),
(450, 'IMP-W27UCABVGA2S', 'TP-Link Archer T2U AC600 USB Adapter', 140, 40, 6, NULL, 36, '2157812002071', NULL, NULL, NULL, NULL, 'Import warnings: asset tag was generated because none was provided.', 0, '2026-04-22 07:26:26', '2026-04-22 07:26:26'),
(451, 'IMP-X4PDGU7Y3C6H', 'TP-Link Archer T2U AC600 USB Adapter', 140, 40, 6, NULL, 36, '2157812002072', NULL, NULL, NULL, NULL, 'Import warnings: asset tag was generated because none was provided.', 0, '2026-04-22 07:26:26', '2026-04-22 07:26:26'),
(452, 'IMP-1ILCHYMBYBC8', 'TP-Link Archer T2U AC600 USB Adapter', 140, 40, 6, NULL, 36, '2157812002073', NULL, NULL, NULL, NULL, 'Import warnings: asset tag was generated because none was provided.', 0, '2026-04-22 07:26:26', '2026-04-22 07:26:26'),
(453, 'IMP-215781200208', 'TP-Link Archer T2U AC600 USB Adapter', 140, 40, 6, NULL, 36, '2157812002080', NULL, NULL, NULL, NULL, 'Import warnings: asset tag was generated because none was provided.', 0, '2026-04-22 07:26:26', '2026-04-22 07:26:26'),
(454, 'IMP-J6T34QRXJDRY', 'TP-Link Archer T2U AC600 USB Adapter', 140, 40, 6, NULL, 36, '2157812002081', NULL, NULL, NULL, NULL, 'Import warnings: asset tag was generated because none was provided.', 0, '2026-04-22 07:26:26', '2026-04-22 07:26:26'),
(455, 'IMP-DGSKKOMTVILA', 'TP-Link Archer T2U AC600 USB Adapter', 140, 40, 6, NULL, 36, '2157812002083', NULL, NULL, NULL, NULL, 'Import warnings: asset tag was generated because none was provided.', 0, '2026-04-22 07:26:26', '2026-04-22 07:26:26'),
(456, 'IMP-UAPWAWKHDCMY', 'TP-Link Archer T2U AC600 USB Adapter', 140, 40, 6, NULL, 36, '2157812002084', NULL, NULL, NULL, NULL, 'Import warnings: asset tag was generated because none was provided.', 0, '2026-04-22 07:26:26', '2026-04-22 07:26:26'),
(457, 'IMP-W27PERGXYBFJ', 'TP-Link Archer T2U AC600 USB Adapter', 140, 40, 6, NULL, 36, '2157812002085', NULL, NULL, NULL, NULL, 'Import warnings: asset tag was generated because none was provided.', 0, '2026-04-22 07:26:26', '2026-04-22 07:26:26'),
(458, 'IMP-QMJ1IBTDADJI', 'TP-Link Archer T2U AC600 USB Adapter', 140, 40, 6, NULL, 36, '2157812002086', NULL, NULL, NULL, NULL, 'Import warnings: asset tag was generated because none was provided.', 0, '2026-04-22 07:26:26', '2026-04-22 07:26:26'),
(459, 'IMP-9F1FYDUOTFQL', 'TP-Link Archer T2U AC600 USB Adapter', 140, 40, 6, NULL, 36, '2157812002087', NULL, NULL, NULL, NULL, 'Import warnings: asset tag was generated because none was provided.', 0, '2026-04-22 07:26:26', '2026-04-22 07:26:26'),
(460, 'IMP-VMPOTPLWVFSD', 'TP-Link Archer T2U AC600 USB Adapter', 140, 40, 6, NULL, 36, '2157812002088', NULL, NULL, NULL, NULL, 'Import warnings: asset tag was generated because none was provided.', 0, '2026-04-22 07:26:26', '2026-04-22 07:26:26'),
(461, 'IMP-VQNQVPPK3LDF', 'TP-Link Archer T2U AC600 USB Adapter', 140, 40, 6, NULL, 36, '2157812002089', NULL, NULL, NULL, NULL, 'Import warnings: asset tag was generated because none was provided.', 0, '2026-04-22 07:26:26', '2026-04-22 07:26:26'),
(462, 'IMP-215781200209', 'TP-Link Archer T2U AC600 USB Adapter', 140, 40, 6, NULL, 36, '2157812002090', NULL, NULL, NULL, NULL, 'Import warnings: asset tag was generated because none was provided.', 0, '2026-04-22 07:26:26', '2026-04-22 07:26:26'),
(463, 'IMP-J1RRYH79DTW6', 'TP-Link Archer T2U AC600 USB Adapter', 140, 40, 6, NULL, 36, '2157812002091', NULL, NULL, NULL, NULL, 'Import warnings: asset tag was generated because none was provided.', 0, '2026-04-22 07:26:26', '2026-04-22 07:26:26'),
(464, 'IMP-TZ8Q3Y26FIZQ', 'TP-Link Archer T2U AC600 USB Adapter', 140, 40, 6, NULL, 36, '2157812002092', NULL, NULL, NULL, NULL, 'Import warnings: asset tag was generated because none was provided.', 0, '2026-04-22 07:26:26', '2026-04-22 07:26:26'),
(465, 'IMP-P8WQQDO3QLKB', 'TP-Link Archer T2U AC600 USB Adapter', 140, 40, 6, NULL, 36, '2157812002097', NULL, NULL, NULL, NULL, 'Import warnings: asset tag was generated because none was provided.', 0, '2026-04-22 07:26:26', '2026-04-22 07:26:26'),
(466, 'IMP-215539000372', 'TP-Link Archer T2U AC600 USB Adapter', 140, 40, 6, NULL, 36, '2155390003720', NULL, NULL, NULL, NULL, 'Import warnings: asset tag was generated because none was provided.', 0, '2026-04-22 07:26:26', '2026-04-22 07:26:26'),
(467, 'IMP-214958800498', 'TP-Link Archer T2U AC600 USB Adapter', 140, 40, 6, NULL, 36, '2149588004982', NULL, NULL, NULL, NULL, 'Import warnings: asset tag was generated because none was provided.', 0, '2026-04-22 07:26:26', '2026-04-22 07:26:26'),
(468, 'IMP-215539000366', 'TP-Link Archer T2U AC600 USB Adapter', 140, 40, 6, NULL, 36, '2155390003667', NULL, NULL, NULL, NULL, 'Import warnings: asset tag was generated because none was provided.', 0, '2026-04-22 07:26:26', '2026-04-22 07:26:26'),
(469, 'IMP-NXVAHOXB3HPD', 'TP-Link Archer T2U AC600 USB Adapter', 140, 40, 6, NULL, 36, '2155390003669', NULL, NULL, NULL, NULL, 'Import warnings: asset tag was generated because none was provided.', 0, '2026-04-22 07:26:26', '2026-04-22 07:26:26'),
(470, 'IMP-215539000369', 'TP-Link Archer T2U AC600 USB Adapter', 140, 40, 6, NULL, 36, '2155390003692', NULL, NULL, NULL, NULL, 'Import warnings: asset tag was generated because none was provided.', 0, '2026-04-22 07:26:26', '2026-04-22 07:26:26'),
(471, 'IMP-215539000370', 'TP-Link Archer T2U AC600 USB Adapter', 140, 40, 6, NULL, 36, '2155390003707', NULL, NULL, NULL, NULL, 'Import warnings: asset tag was generated because none was provided.', 0, '2026-04-22 07:26:26', '2026-04-22 07:26:26'),
(472, 'IMP-HZLBB7N8PKCK', 'TP-Link Archer T2U AC600 USB Adapter', 140, 40, 6, NULL, 36, '2155390003662', NULL, NULL, NULL, NULL, 'Import warnings: asset tag was generated because none was provided.', 0, '2026-04-22 07:26:26', '2026-04-22 07:26:26'),
(473, 'IMP-216A22000446', 'TP-Link 300Mbps Mini Wireless USB Adapter', 141, 40, 6, NULL, 36, '216A220004467', NULL, NULL, NULL, NULL, 'Import warnings: asset tag was generated because none was provided.', 0, '2026-04-22 07:26:26', '2026-04-22 07:26:26'),
(474, 'IMP-EW7711UTN9BC', 'EDIMAX Wireless nLite Mini USB Adapter', 142, 40, 2, NULL, 36, 'EW7711UTN9BCD04209', NULL, NULL, NULL, NULL, 'Import warnings: asset tag was generated because none was provided.', 0, '2026-04-22 07:26:26', '2026-04-22 07:26:26'),
(475, 'IMP-LTFUJ6J59DE8', 'EDIMAX Wireless nLite Mini USB Adapter', 142, 40, 2, NULL, 36, 'EW7711UTN9BCD04222', NULL, NULL, NULL, NULL, 'Import warnings: asset tag was generated because none was provided.', 0, '2026-04-22 07:26:26', '2026-04-22 07:26:26'),
(476, 'IMP-IEBJLEF2LVW9', 'EDIMAX Wireless nLite Mini USB Adapter', 142, 40, 2, NULL, 36, 'EW7711UTN9BCD04208', NULL, NULL, NULL, NULL, 'Import warnings: asset tag was generated because none was provided.', 0, '2026-04-22 07:26:26', '2026-04-22 07:26:26'),
(477, 'IMP-NNYFURXRNIL3', 'EDIMAX Wireless nLite Mini USB Adapter', 142, 40, 2, NULL, 36, 'EW7711UTN9BCD04236', NULL, NULL, NULL, NULL, 'Import warnings: asset tag was generated because none was provided.', 0, '2026-04-22 07:26:26', '2026-04-22 07:26:26'),
(478, 'IMP-216B36400658', 'TP-Link POE Injector TL-POE150S', 143, 12, 6, NULL, 36, '216B364006586', NULL, NULL, NULL, NULL, 'Import warnings: asset tag was generated because none was provided.', 0, '2026-04-22 07:26:26', '2026-04-22 07:26:26'),
(479, 'IMP-216B63400657', 'TP-Link POE Injector TL-POE150S', 143, 12, 6, NULL, 36, '216B634006578', NULL, NULL, NULL, NULL, 'Import warnings: asset tag was generated because none was provided.', 0, '2026-04-22 07:26:26', '2026-04-22 07:26:26'),
(480, 'IMP-0H5BBWSYVUMT', 'TP-Link POE Injector TL-POE150S', 143, 12, 6, NULL, 36, '216B634006575', NULL, NULL, NULL, NULL, 'Import warnings: asset tag was generated because none was provided.', 0, '2026-04-22 07:26:26', '2026-04-22 07:26:26'),
(481, 'IMP-216B36400657', 'TP-Link POE Injector TL-POE150S', 143, 12, 6, NULL, 36, '216B364006579', NULL, NULL, NULL, NULL, 'Import warnings: asset tag was generated because none was provided.', 0, '2026-04-22 07:26:26', '2026-04-22 07:26:26'),
(482, 'IMP-216A32001120', 'TP-Link POE Injector TL-POE150S', 143, 12, 6, NULL, 36, '216A320011200', NULL, NULL, NULL, NULL, 'Import warnings: asset tag was generated because none was provided.', 0, '2026-04-22 07:26:26', '2026-04-22 07:26:26'),
(483, 'IMP-CLONECPU', 'Clone CPU', 144, 21, 2, NULL, 36, NULL, NULL, NULL, NULL, NULL, 'Import warnings: asset tag was generated because none was provided.', 0, '2026-04-22 07:26:26', '2026-04-22 07:26:26'),
(484, 'IMP-T6Q131341113', 'ViewSonic Monitor', 145, 20, 2, NULL, 36, 'T6Q131341113', NULL, NULL, NULL, NULL, 'Import warnings: asset tag was generated because none was provided.', 0, '2026-04-22 07:26:27', '2026-04-22 07:26:27'),
(485, 'IMP-TGQ131341800', 'ViewSonic Monitor', 145, 20, 2, NULL, 36, 'TGQ131341800', NULL, NULL, NULL, NULL, 'Import warnings: asset tag was generated because none was provided.', 0, '2026-04-22 07:26:27', '2026-04-22 07:26:27'),
(486, 'IMP-PH1802058788', 'A4Tech Keyboard', 146, 22, 2, NULL, 36, 'PH1802058788', NULL, NULL, NULL, NULL, 'Import warnings: asset tag was generated because none was provided.', 0, '2026-04-22 07:26:27', '2026-04-22 07:26:27'),
(487, 'IMP-A4TECHMOUSE', 'A4Tech Mouse', 147, 23, 2, NULL, 36, NULL, NULL, NULL, NULL, NULL, 'Import warnings: asset tag was generated because none was provided.', 0, '2026-04-22 07:26:27', '2026-04-22 07:26:27'),
(488, 'IMP-3B1421X09864', 'APC Back-UPS', 148, 9, 2, NULL, 36, '3B1421X09864', NULL, NULL, NULL, NULL, 'Import warnings: asset tag was generated because none was provided.', 0, '2026-04-22 07:26:27', '2026-04-22 07:26:27'),
(489, 'IMP-104INUB91630', 'LG Monitor E1941TX', 149, 20, 2, NULL, 36, '104INUB91630', NULL, NULL, NULL, NULL, 'Import warnings: asset tag was generated because none was provided.', 0, '2026-04-22 07:26:27', '2026-04-22 07:26:27'),
(490, 'IMP-1031ND84538', 'LG Monitor E1941TX', 149, 20, 2, NULL, 36, '1031ND84538', NULL, NULL, NULL, NULL, 'Import warnings: asset tag was generated because none was provided.', 0, '2026-04-22 07:26:27', '2026-04-22 07:26:27'),
(491, 'IMP-0101YLLW6TEB', '3COM Baseline Switch 24 port', 150, 8, 6, NULL, 36, '0101YLLW6TEB05688', NULL, NULL, NULL, NULL, 'Import warnings: asset tag was generated because none was provided.', 0, '2026-04-22 07:26:27', '2026-04-22 07:26:27'),
(492, 'IMP-MMLX3SS00131', 'Acer Monitor', 151, 20, 2, NULL, 36, 'MMLX3SS001313B2B64220', NULL, NULL, NULL, NULL, 'Import warnings: asset tag was generated because none was provided.', 0, '2026-04-22 07:26:27', '2026-04-22 07:26:27'),
(493, 'IMP-ACERMOUSE', 'Acer Mouse', 152, 23, 2, NULL, 36, NULL, NULL, NULL, NULL, NULL, 'Import warnings: asset tag was generated because none was provided.', 0, '2026-04-22 07:26:27', '2026-04-22 07:26:27'),
(494, 'IMP-ACERKEYBOARD', 'Acer Keyboard FLC Key-00025', 153, 22, 2, NULL, 36, NULL, NULL, NULL, NULL, NULL, 'Import warnings: asset tag was generated because none was provided.', 0, '2026-04-22 07:26:27', '2026-04-22 07:26:27'),
(495, 'IMP-7B1208L04133', 'APC Back-UPS', 148, 9, 2, NULL, 36, '7B1208L04133', NULL, NULL, NULL, NULL, 'Import warnings: asset tag was generated because none was provided.', 0, '2026-04-22 07:26:27', '2026-04-22 07:26:27'),
(496, 'IMP-48MTENFEBDVX', 'Clone CPU', 144, 21, 2, NULL, 36, NULL, NULL, NULL, NULL, NULL, 'Import warnings: asset tag was generated because none was provided.', 0, '2026-04-22 07:26:27', '2026-04-22 07:26:27'),
(497, 'IMP-1S10AQ004VPC', 'Lenovo System Unit', 154, 21, 2, NULL, 36, '1S10AQ004VPCPB0256DS', NULL, NULL, NULL, NULL, 'Import warnings: asset tag was generated because none was provided.', 0, '2026-04-22 07:26:27', '2026-04-22 07:26:27'),
(498, 'IMP-V5251408', 'Lenovo Monitor', 155, 20, 2, NULL, 36, 'V5251408', NULL, NULL, NULL, NULL, 'Import warnings: asset tag was generated because none was provided.', 0, '2026-04-22 07:26:27', '2026-04-22 07:26:27'),
(499, 'IMP-V1706006LE61', 'Acer Keyboard', 153, 22, 2, NULL, 36, 'V1706006LE614251', NULL, NULL, NULL, NULL, 'Import warnings: asset tag was generated because none was provided.', 0, '2026-04-22 07:26:27', '2026-04-22 07:26:27'),
(500, 'IMP-1611', 'A4Tech Mouse', 147, 23, 2, NULL, 36, '1611', NULL, NULL, NULL, NULL, 'Import warnings: asset tag was generated because none was provided.', 0, '2026-04-22 07:26:27', '2026-04-22 07:26:27'),
(501, 'IMP-MMZYVHR9T6XF', 'Lenovo System Unit', 154, 21, 2, NULL, 36, '1S10AQ004VPCPB0256CX', NULL, NULL, NULL, NULL, 'Import warnings: asset tag was generated because none was provided.', 0, '2026-04-22 07:26:28', '2026-04-22 07:26:28'),
(502, 'IMP-V5251422', 'Lenovo Monitor', 155, 20, 2, NULL, 36, 'V5251422', NULL, NULL, NULL, NULL, 'Import warnings: asset tag was generated because none was provided.', 0, '2026-04-22 07:26:28', '2026-04-22 07:26:28'),
(503, 'IMP-PH1802058786', 'A4Tech Keyboard', 146, 22, 2, NULL, 36, 'PH1802058786', NULL, NULL, NULL, NULL, 'Import warnings: asset tag was generated because none was provided.', 0, '2026-04-22 07:26:28', '2026-04-22 07:26:28'),
(504, 'IMP-PH1803008085', 'A4Tech Mouse', 147, 23, 2, NULL, 36, 'PH1803008085', NULL, NULL, NULL, NULL, 'Import warnings: asset tag was generated because none was provided.', 0, '2026-04-22 07:26:28', '2026-04-22 07:26:28'),
(505, 'IMP-CARRIERAIRCO', 'Carrier Air Conditioner Window Type', 156, 10, 2, NULL, 36, NULL, NULL, NULL, NULL, NULL, 'Import warnings: asset tag was generated because none was provided.', 0, '2026-04-22 07:26:28', '2026-04-22 07:26:28'),
(506, 'IMP-TKTRXHJR17QZ', 'Carrier Air Conditioner Window Type', 156, 10, 2, NULL, 36, NULL, NULL, NULL, NULL, NULL, 'Import warnings: asset tag was generated because none was provided.', 0, '2026-04-22 07:26:28', '2026-04-22 07:26:28'),
(507, 'IMP-12002092', 'Eureka Water Dispenser', 157, 41, 2, NULL, 36, '1200 2092', NULL, NULL, NULL, NULL, 'Import warnings: asset tag was generated because none was provided.', 0, '2026-04-22 07:26:28', '2026-04-22 07:26:28'),
(508, 'IMP-PLASTICCHAIR', 'Plastic Chair LR-CHA-00223', 158, 42, 2, NULL, 36, NULL, NULL, NULL, NULL, NULL, 'Import warnings: asset tag was generated because none was provided.', 0, '2026-04-22 07:26:28', '2026-04-22 07:26:28'),
(509, 'IMP-WOODENCHAIRW', 'Wooden Chair with Foam', 159, 42, 2, NULL, 36, NULL, NULL, NULL, NULL, NULL, 'Import warnings: asset tag was generated because none was provided.', 0, '2026-04-22 07:26:28', '2026-04-22 07:26:28'),
(510, 'IMP-13185R0045', 'Ridgid Vacuum', 160, 43, 2, NULL, 36, '13185R0045', NULL, NULL, NULL, NULL, 'Import warnings: asset tag was generated because none was provided.', 0, '2026-04-22 07:26:28', '2026-04-22 07:26:28'),
(511, 'IMP-STEELLADDER', 'Steel Ladder', 161, 44, 2, NULL, 36, NULL, NULL, NULL, NULL, NULL, 'Import warnings: asset tag was generated because none was provided.', 0, '2026-04-22 07:26:28', '2026-04-22 07:26:28'),
(512, 'IMP-SOTLD29HQZW2', 'Steel Ladder', 161, 44, 2, NULL, 36, NULL, NULL, NULL, NULL, NULL, 'Import warnings: asset tag was generated because none was provided.', 0, '2026-04-22 07:26:28', '2026-04-22 07:26:28'),
(513, 'IMP-3531407911', 'Canon EOS 60D Camera', 162, 34, 2, NULL, 36, '3531407911', NULL, NULL, NULL, NULL, 'Import warnings: asset tag was generated because none was provided.', 0, '2026-04-22 07:26:28', '2026-04-22 07:26:28'),
(514, 'IMP-R8ZZ250238H', 'Epson Label Printer LW-900P', 163, 45, 2, NULL, 36, 'R8ZZ250238H', NULL, NULL, NULL, NULL, 'Import warnings: asset tag was generated because none was provided.', 0, '2026-04-22 07:26:28', '2026-04-22 07:26:28'),
(515, 'IMP-CN43GS74GF', 'HP Scanjet 3670', 164, 46, 2, NULL, 36, 'CN43GS74GF', NULL, NULL, NULL, NULL, 'Import warnings: asset tag was generated because none was provided.', 0, '2026-04-22 07:26:28', '2026-04-22 07:26:28'),
(516, 'IMP-3B1421X10094', 'APC UPS 625', 165, 9, 2, NULL, 36, '3B1421X10094', NULL, NULL, NULL, NULL, 'Import warnings: asset tag was generated because none was provided.', 0, '2026-04-22 07:26:28', '2026-04-22 07:26:28'),
(517, 'IMP-JMX1OY5X8CLI', 'A4Tech Mouse', 147, 23, 2, NULL, 36, NULL, NULL, NULL, NULL, NULL, 'Import warnings: asset tag was generated because none was provided.', 0, '2026-04-22 07:26:28', '2026-04-22 07:26:28'),
(518, 'IMP-CD90912487', 'HP Keyboard', 166, 22, 2, NULL, 36, 'CD90912487', NULL, NULL, NULL, NULL, 'Import warnings: asset tag was generated because none was provided.', 0, '2026-04-22 07:26:28', '2026-04-22 07:26:28'),
(519, 'IMP-C10DQOSPKEC6', 'Clone System Unit', 65, 21, 2, NULL, 36, NULL, NULL, NULL, NULL, NULL, 'Import warnings: asset tag was generated because none was provided.', 0, '2026-04-22 07:26:28', '2026-04-22 07:26:28'),
(520, 'IMP-0002D10171DA', 'Vivotek CCTV PZ6114', 167, 6, 2, NULL, 36, '0002D10171DA', NULL, NULL, NULL, NULL, 'Import warnings: asset tag was generated because none was provided.', 0, '2026-04-22 07:26:28', '2026-04-22 07:26:28'),
(521, 'IMP-VNC4C56942', 'HP LaserJet P1006', 168, 45, 2, NULL, 36, 'VNC4C56942', NULL, NULL, NULL, NULL, 'Import warnings: asset tag was generated because none was provided.', 0, '2026-04-22 07:26:28', '2026-04-22 07:26:28'),
(522, 'IMP-135725962', 'SOYAL Access Control AR-727 CM-V3', 169, 47, 2, NULL, 36, '135725962', NULL, NULL, NULL, NULL, 'Import warnings: asset tag was generated because none was provided.', 0, '2026-04-22 07:26:28', '2026-04-22 07:26:28'),
(523, 'IMP-1357032788', 'SOYAL Access Control AR-727 CM-V3', 169, 47, 2, NULL, 36, '1357032788', NULL, NULL, NULL, NULL, 'Import warnings: asset tag was generated because none was provided.', 0, '2026-04-22 07:26:28', '2026-04-22 07:26:28'),
(524, 'IMP-SOYALMIFAREC', 'SOYAL MIFARE Card Reader AR-731', 170, 47, 2, NULL, 36, NULL, NULL, NULL, NULL, NULL, 'Import warnings: asset tag was generated because none was provided.', 0, '2026-04-22 07:26:28', '2026-04-22 07:26:28'),
(525, 'IMP-MKBSPEFUDLGN', 'SOYAL MIFARE Card Reader AR-731', 170, 47, 2, NULL, 36, NULL, NULL, NULL, NULL, NULL, 'Import warnings: asset tag was generated because none was provided.', 0, '2026-04-22 07:26:28', '2026-04-22 07:26:28'),
(526, 'IMP-MH8BKQXR2GGR', 'SOYAL MIFARE Card Reader AR-725', 171, 47, 2, NULL, 36, NULL, NULL, NULL, NULL, NULL, 'Import warnings: asset tag was generated because none was provided.', 0, '2026-04-22 07:26:28', '2026-04-22 07:26:28'),
(527, 'IMP-STARSCREWDRI', 'Star Screwdriver 610T', 172, 44, 2, NULL, 36, NULL, NULL, NULL, NULL, NULL, 'Import warnings: asset tag was generated because none was provided.', 0, '2026-04-22 07:26:28', '2026-04-22 07:26:28'),
(528, 'IMP-HTDTJROUDRLP', 'Star Screwdriver 610T', 172, 44, 2, NULL, 36, NULL, NULL, NULL, NULL, NULL, 'Import warnings: asset tag was generated because none was provided.', 0, '2026-04-22 07:26:28', '2026-04-22 07:26:28'),
(529, 'IMP-CABLETRACERT', 'Cable Tracer TONE GEN 100', 173, 44, 2, NULL, 36, NULL, NULL, NULL, NULL, NULL, 'Import warnings: asset tag was generated because none was provided.', 0, '2026-04-22 07:26:28', '2026-04-22 07:26:28'),
(530, 'IMP-310944331082', 'Fluke Intellitone Pro 200 LAN', 174, 44, 2, NULL, 36, '3109443/3108242', NULL, NULL, NULL, NULL, 'Import warnings: asset tag was generated because none was provided.', 0, '2026-04-22 07:26:28', '2026-04-22 07:26:28'),
(531, 'IMP-2991373', 'Fluke MicroScanner 2', 175, 44, 2, NULL, 36, '2991373', NULL, NULL, NULL, NULL, 'Import warnings: asset tag was generated because none was provided.', 0, '2026-04-22 07:26:28', '2026-04-22 07:26:28'),
(532, 'IMP-SIEMONCABLET', 'Siemon Cable Tester STM8', 176, 44, 2, NULL, 36, NULL, NULL, NULL, NULL, NULL, 'Import warnings: asset tag was generated because none was provided.', 0, '2026-04-22 07:26:28', '2026-04-22 07:26:28'),
(533, 'IMP-ALANTEKIMPAC', 'Alantek Impact Tool', 177, 44, 2, NULL, 36, NULL, NULL, NULL, NULL, NULL, 'Import warnings: asset tag was generated because none was provided.', 0, '2026-04-22 07:26:28', '2026-04-22 07:26:28'),
(534, 'IMP-OVQRNAYAUNFR', 'Alantek Impact Tool', 177, 44, 2, NULL, 36, NULL, NULL, NULL, NULL, NULL, 'Import warnings: asset tag was generated because none was provided.', 0, '2026-04-22 07:26:28', '2026-04-22 07:26:28'),
(535, 'IMP-CRIMPINGTOOL', 'Crimping Tool RJ45', 178, 44, 2, NULL, 36, NULL, NULL, NULL, NULL, NULL, 'Import warnings: asset tag was generated because none was provided.', 0, '2026-04-22 07:26:28', '2026-04-22 07:26:28'),
(536, 'IMP-DESOLDERINGP', 'De-soldering Pump', 179, 44, 2, NULL, 36, NULL, NULL, NULL, NULL, NULL, 'Import warnings: asset tag was generated because none was provided.', 0, '2026-04-22 07:26:28', '2026-04-22 07:26:28'),
(537, 'IMP-STANLEYSIDEC', 'Stanley Side Cutting Plier 6\"', 180, 44, 2, NULL, 36, NULL, NULL, NULL, NULL, NULL, 'Import warnings: asset tag was generated because none was provided.', 0, '2026-04-22 07:26:28', '2026-04-22 07:26:28'),
(538, 'IMP-MECHANICALPL', 'Mechanical Pliers', 181, 44, 2, NULL, 36, NULL, NULL, NULL, NULL, NULL, 'Import warnings: asset tag was generated because none was provided.', 0, '2026-04-22 07:26:28', '2026-04-22 07:26:28'),
(539, 'IMP-ZEWLFUTWNGBE', 'Mechanical Pliers', 181, 44, 2, NULL, 36, NULL, NULL, NULL, NULL, NULL, 'Import warnings: asset tag was generated because none was provided.', 0, '2026-04-22 07:26:28', '2026-04-22 07:26:28'),
(540, 'IMP-PHILIPANDNEG', 'Philip and Negative Screwdriver Set', 182, 44, 2, NULL, 36, NULL, NULL, NULL, NULL, NULL, 'Import warnings: asset tag was generated because none was provided.', 0, '2026-04-22 07:26:28', '2026-04-22 07:26:28'),
(541, 'IMP-DVDRWEXTERNA', 'DVD-RW External Drive SE-184', 183, 48, 2, NULL, 36, NULL, NULL, NULL, NULL, NULL, 'Import warnings: asset tag was generated because none was provided.', 0, '2026-04-22 07:26:28', '2026-04-22 07:26:28'),
(542, 'IMP-SATAHDDEXTER', 'SATA HDD External Drive', 184, 48, 2, NULL, 36, NULL, NULL, NULL, NULL, NULL, 'Import warnings: asset tag was generated because none was provided.', 0, '2026-04-22 07:26:28', '2026-04-22 07:26:28'),
(543, 'IMP-03007MFF0404', '3Com Baseline Switch 2250 Plus', 185, 8, 6, NULL, 36, '0300/7MFF040451', NULL, NULL, NULL, NULL, 'Import warnings: asset tag was generated because none was provided.', 0, '2026-04-22 07:26:28', '2026-04-22 07:26:28'),
(544, 'IMP-CABLESPLICER', 'Cable Splicer UTP/Coaxial', 186, 44, 2, NULL, 36, NULL, NULL, NULL, NULL, NULL, 'Import warnings: asset tag was generated because none was provided.', 0, '2026-04-22 07:26:28', '2026-04-22 07:26:28'),
(545, 'IMP-MAKITAELECTR', 'Makita Electric Drill HP1500', 187, 44, 2, NULL, 36, NULL, NULL, NULL, NULL, NULL, 'Import warnings: asset tag was generated because none was provided.', 0, '2026-04-22 07:26:28', '2026-04-22 07:26:28'),
(546, 'IMP-ARROWGUNTACK', 'Arrow Gun Tacker T59P', 188, 44, 2, NULL, 36, NULL, NULL, NULL, NULL, NULL, 'Import warnings: asset tag was generated because none was provided.', 0, '2026-04-22 07:26:28', '2026-04-22 07:26:28'),
(547, 'IMP-WIRESTRIPPER', 'Wire Stripper', 189, 44, 2, NULL, 36, NULL, NULL, NULL, NULL, NULL, 'Import warnings: asset tag was generated because none was provided.', 0, '2026-04-22 07:26:28', '2026-04-22 07:26:28'),
(548, 'IMP-OBQVQYUPM1SD', 'Wire Stripper', 189, 44, 2, NULL, 36, NULL, NULL, NULL, NULL, NULL, 'Import warnings: asset tag was generated because none was provided.', 0, '2026-04-22 07:26:28', '2026-04-22 07:26:28'),
(549, 'IMP-G0OUYSCL5T7Z', 'Wire Stripper', 189, 44, 2, NULL, 36, NULL, NULL, NULL, NULL, NULL, 'Import warnings: asset tag was generated because none was provided.', 0, '2026-04-22 07:26:28', '2026-04-22 07:26:28'),
(550, 'IMP-LLGKUWKLZ05E', 'Wire Stripper', 189, 44, 2, NULL, 36, NULL, NULL, NULL, NULL, NULL, 'Import warnings: asset tag was generated because none was provided.', 0, '2026-04-22 07:26:28', '2026-04-22 07:26:28'),
(551, 'IMP-ANTISTATICWR', 'Anti Static Wrist Band', 190, 44, 2, NULL, 36, NULL, NULL, NULL, NULL, NULL, 'Import warnings: asset tag was generated because none was provided.', 0, '2026-04-22 07:26:28', '2026-04-22 07:26:28'),
(552, 'IMP-ZUEILMB1EYJD', 'Anti Static Wrist Band', 190, 44, 2, NULL, 36, NULL, NULL, NULL, NULL, NULL, 'Import warnings: asset tag was generated because none was provided.', 0, '2026-04-22 07:26:28', '2026-04-22 07:26:28'),
(553, 'IMP-XOKWTAKTNUEU', 'Anti Static Wrist Band', 190, 44, 2, NULL, 36, NULL, NULL, NULL, NULL, NULL, 'Import warnings: asset tag was generated because none was provided.', 0, '2026-04-22 07:26:28', '2026-04-22 07:26:28'),
(554, 'IMP-LBOSCDM4TW44', 'Anti Static Wrist Band', 190, 44, 2, NULL, 36, NULL, NULL, NULL, NULL, NULL, 'Import warnings: asset tag was generated because none was provided.', 0, '2026-04-22 07:26:28', '2026-04-22 07:26:28'),
(555, 'IMP-LONGNOSEPLIE', 'Long Nose Plier 6\"', 191, 44, 2, NULL, 36, NULL, NULL, NULL, NULL, NULL, 'Import warnings: asset tag was generated because none was provided.', 0, '2026-04-22 07:26:28', '2026-04-22 07:26:28'),
(556, 'IMP-TH5THSRBIVQY', 'Long Nose Plier 6\"', 191, 44, 2, NULL, 36, NULL, NULL, NULL, NULL, NULL, 'Import warnings: asset tag was generated because none was provided.', 0, '2026-04-22 07:26:28', '2026-04-22 07:26:28'),
(557, 'IMP-SOLDERINGSTA', 'Soldering Stand', 192, 44, 2, NULL, 36, NULL, NULL, NULL, NULL, NULL, 'Import warnings: asset tag was generated because none was provided.', 0, '2026-04-22 07:26:28', '2026-04-22 07:26:28'),
(558, 'IMP-SOLDERINGIRO', 'Soldering Iron 30W Goot', 193, 44, 2, NULL, 36, NULL, NULL, NULL, NULL, NULL, 'Import warnings: asset tag was generated because none was provided.', 0, '2026-04-22 07:26:28', '2026-04-22 07:26:28'),
(559, 'IMP-WMLO5TMK9DQR', 'Soldering Iron 30W Goot', 193, 44, 2, NULL, 36, NULL, NULL, NULL, NULL, NULL, 'Import warnings: asset tag was generated because none was provided.', 0, '2026-04-22 07:26:28', '2026-04-22 07:26:28'),
(560, 'IMP-SOLDERINGGUN', 'Soldering Gun LTQ 30W-70W', 194, 44, 2, NULL, 36, NULL, NULL, NULL, NULL, NULL, 'Import warnings: asset tag was generated because none was provided.', 0, '2026-04-22 07:26:28', '2026-04-22 07:26:28'),
(561, 'IMP-2SPOUWMI8SFM', 'Soldering Gun LTQ 30W-70W', 194, 44, 2, NULL, 36, NULL, NULL, NULL, NULL, NULL, 'Import warnings: asset tag was generated because none was provided.', 0, '2026-04-22 07:26:28', '2026-04-22 07:26:28'),
(562, 'IMP-7QFOQANTS7U7', 'Long Nose Plier 5\"', 195, 44, 2, NULL, 36, NULL, NULL, NULL, NULL, NULL, 'Import warnings: asset tag was generated because none was provided.', 0, '2026-04-22 07:26:28', '2026-04-22 07:26:28'),
(563, 'IMP-STANLEYSCREW', 'Stanley Screwdriver', 196, 44, 2, NULL, 36, NULL, NULL, NULL, NULL, NULL, 'Import warnings: asset tag was generated because none was provided.', 0, '2026-04-22 07:26:28', '2026-04-22 07:26:28'),
(564, 'IMP-SACC170LCM', 'Nortel Bay Stack Switch 470-24T', 197, 8, 6, NULL, 36, 'SACC170LCM', NULL, NULL, NULL, NULL, 'From GS G/F\r\nImport warnings: asset tag was generated because none was provided.', 0, '2026-04-22 07:26:28', '2026-04-22 07:26:28'),
(565, 'IMP-1006900004AF', 'Emerson GXT3-1000RT230', 198, 9, 6, NULL, 36, '1006900004AF411', NULL, NULL, NULL, NULL, 'From OLC 2/F LIB\r\nImport warnings: asset tag was generated because none was provided.', 0, '2026-04-22 07:26:28', '2026-04-22 07:26:28'),
(566, 'IMP-PUSHCARTSTEE', 'Push Cart Steel', 199, 49, 2, NULL, 36, NULL, NULL, NULL, NULL, NULL, 'Import warnings: asset tag was generated because none was provided.', 0, '2026-04-22 07:26:28', '2026-04-22 07:26:28'),
(567, 'IMP-710007069', '3M Patch Panel 24 port', 200, 12, 6, NULL, 36, '710007069', NULL, NULL, NULL, NULL, 'Import warnings: asset tag was generated because none was provided.', 0, '2026-04-22 07:26:28', '2026-04-22 07:26:28'),
(568, 'IMP-BAOFENGBF888', 'Baofeng BF-888s Two-way Radio', 201, 50, 2, NULL, 36, NULL, NULL, NULL, NULL, NULL, 'Import warnings: asset tag was generated because none was provided.', 0, '2026-04-22 07:26:28', '2026-04-22 07:26:28'),
(569, 'IMP-6CGVACLVTEMI', 'Baofeng BF-888s Two-way Radio', 201, 50, 2, NULL, 36, NULL, NULL, NULL, NULL, NULL, 'Import warnings: asset tag was generated because none was provided.', 0, '2026-04-22 07:26:28', '2026-04-22 07:26:28'),
(570, 'IMP-V0LKFNUDQUL5', 'Baofeng BF-888s Two-way Radio', 201, 50, 2, NULL, 36, NULL, NULL, NULL, NULL, NULL, 'Import warnings: asset tag was generated because none was provided.', 0, '2026-04-22 07:26:28', '2026-04-22 07:26:28'),
(571, 'IMP-GTDIIY4DMVFG', 'Baofeng BF-888s Two-way Radio', 201, 50, 2, NULL, 36, NULL, NULL, NULL, NULL, NULL, 'Import warnings: asset tag was generated because none was provided.', 0, '2026-04-22 07:26:28', '2026-04-22 07:26:28'),
(572, 'IMP-2186013R0014', 'TP-Link Archer C5400 Router', 202, 16, 2, NULL, 35, '2186013R00140', NULL, NULL, NULL, NULL, 'Import warnings: asset tag was generated because none was provided.', 0, '2026-04-22 07:26:28', '2026-04-22 07:26:28'),
(573, 'IMP-S2PFF63TLWPM', 'TP-Link Archer C5400 Router', 202, 16, 6, NULL, 36, '2186013R00148', NULL, NULL, NULL, NULL, 'Import warnings: asset tag was generated because none was provided.', 0, '2026-04-22 07:26:28', '2026-04-22 07:26:28'),
(574, 'IMP-VJLY099039', 'Epson L565 Printer', 203, 45, 2, NULL, 36, 'VJLY099039', NULL, NULL, NULL, NULL, 'Import warnings: asset tag was generated because none was provided.', 0, '2026-04-22 07:26:28', '2026-04-22 07:26:28'),
(575, 'IMP-B8F40A953B44', 'MikroTik RouterBoard RB4011', 204, 16, 2, NULL, 36, 'B8F40A953B44/919', NULL, NULL, NULL, NULL, 'Import warnings: asset tag was generated because none was provided.', 0, '2026-04-22 07:26:28', '2026-04-22 07:26:28'),
(576, 'IMP-1195B3600363', 'TP-Link Router AC2600 TL-WDR8690', 205, 16, 2, NULL, 92, '1195B36003636', NULL, NULL, NULL, NULL, 'Donated by Chinese Students\r\nImport warnings: asset tag was generated because none was provided.', 0, '2026-04-22 07:26:28', '2026-04-22 07:26:28'),
(577, 'IMP-1195B3600662', 'TP-Link Router AC2600 TL-WDR8690', 205, 16, 2, NULL, 92, '1195B36006624', NULL, NULL, NULL, NULL, 'Donated by Chinese Students\r\nImport warnings: asset tag was generated because none was provided.', 0, '2026-04-22 07:26:28', '2026-04-22 07:26:28'),
(578, 'IMP-AUCASDUALMOD', 'Aucas Dual Modular Crimping Tool', 206, 44, 2, NULL, 36, NULL, NULL, NULL, NULL, NULL, 'Import warnings: asset tag was generated because none was provided.', 0, '2026-04-22 07:26:28', '2026-04-22 07:26:28'),
(579, 'IMP-219565800503', 'TP-Link Desktop Switch TL-SG1008D', 207, 8, 2, NULL, 36, '2195658005033', NULL, NULL, NULL, NULL, 'Import warnings: asset tag was generated because none was provided.', 0, '2026-04-22 07:26:28', '2026-04-22 07:26:28'),
(580, 'IMP-217232800133', 'TP-Link 8-Port Gigabit Switch TL-SG1008D', 207, 8, 2, NULL, 36, '2172328001332', NULL, NULL, NULL, NULL, 'Import warnings: asset tag was generated because none was provided.', 0, '2026-04-22 07:26:28', '2026-04-22 07:26:28'),
(581, 'IMP-216128000536', 'TP-Link 450Mbps Wireless N Router', 208, 16, 2, NULL, 36, '2161280005364', NULL, NULL, NULL, NULL, 'Import warnings: asset tag was generated because none was provided.', 0, '2026-04-22 07:26:28', '2026-04-22 07:26:28'),
(582, 'IMP-APCBACKUPSES', 'APC Back-UPS ES 500', 209, 9, 2, NULL, 36, NULL, NULL, NULL, NULL, NULL, 'Import warnings: asset tag was generated because none was provided.', 0, '2026-04-22 07:26:28', '2026-04-22 07:26:28'),
(583, 'IMP-44D244DD758F', 'Epson Projector Wireless LAN', 210, 30, 6, NULL, 93, '44D244DD758F', NULL, NULL, NULL, NULL, 'Import warnings: asset tag was generated because none was provided.', 0, '2026-04-22 07:26:28', '2026-04-22 07:26:28'),
(584, 'IMP-NA97LHKL', 'Seagate 2TB External Drive', 211, 48, 9, NULL, 36, 'NA97LHKL', NULL, NULL, NULL, NULL, 'Not Functional\r\nImport warnings: asset tag was generated because none was provided.', 0, '2026-04-22 07:26:28', '2026-04-22 07:26:28'),
(585, 'IMP-MEMORYCARDRE', 'Memory Card Reader All-in-One', 212, 35, 2, NULL, 36, NULL, NULL, NULL, NULL, NULL, 'Import warnings: asset tag was generated because none was provided.', 0, '2026-04-22 07:26:28', '2026-04-22 07:26:28'),
(586, 'IMP-VGASPLITTER4', 'VGA Splitter 4 Port', 213, 35, 2, NULL, 36, NULL, NULL, NULL, NULL, NULL, 'Import warnings: asset tag was generated because none was provided.', 0, '2026-04-22 07:26:28', '2026-04-22 07:26:28'),
(587, 'IMP-17020405393', 'Sanwa Multitester YX360TRF', 214, 44, 2, NULL, 36, '17020405393', NULL, NULL, NULL, NULL, 'Import warnings: asset tag was generated because none was provided.', 0, '2026-04-22 07:26:28', '2026-04-22 07:26:28'),
(588, 'IMP-HBD0AP007923', 'ASUS External DVD-RW SDRW-08D2S-U Lite', 215, 48, 2, NULL, 36, 'HBD0AP007923', NULL, NULL, NULL, NULL, 'Import warnings: asset tag was generated because none was provided.', 0, '2026-04-22 07:26:28', '2026-04-22 07:26:28'),
(589, 'IMP-217854900963', 'TP-Link WiFi Range Extender', 216, 51, 2, NULL, 36, '2178549009632', NULL, NULL, NULL, NULL, 'Import warnings: asset tag was generated because none was provided.', 0, '2026-04-22 07:26:28', '2026-04-22 07:26:28'),
(590, 'IMP-217854900962', 'TP-Link WiFi Range Extender', 216, 51, 2, NULL, 36, '2178549009621', NULL, NULL, NULL, NULL, 'Import warnings: asset tag was generated because none was provided.', 0, '2026-04-22 07:26:28', '2026-04-22 07:26:28'),
(591, 'IMP-MAWKMI6IC1WQ', 'TP-Link WiFi Range Extender', 216, 51, 2, NULL, 36, '2178549009628', NULL, NULL, NULL, NULL, 'Import warnings: asset tag was generated because none was provided.', 0, '2026-04-22 07:26:28', '2026-04-22 07:26:28'),
(592, 'IMP-WMQOWTCKVLCD', 'TP-Link WiFi Range Extender', 216, 51, 2, NULL, 36, '2178549009624', NULL, NULL, NULL, NULL, 'Import warnings: asset tag was generated because none was provided.', 0, '2026-04-22 07:26:28', '2026-04-22 07:26:28'),
(593, 'IMP-XL202BV2261', 'Hand Vacuum Blast Vac 2', 217, 43, 2, NULL, 36, 'XL202B-V2261', NULL, NULL, NULL, NULL, 'Import warnings: asset tag was generated because none was provided.', 0, '2026-04-22 07:26:28', '2026-04-22 07:26:28'),
(594, 'IMP-HANDVACUUMBL', 'Hand Vacuum Blast Vac 2', 217, 43, 6, NULL, NULL, NULL, NULL, NULL, NULL, NULL, 'Import warnings: asset tag was generated because none was provided.', 0, '2026-04-22 07:26:28', '2026-04-22 07:26:28'),
(595, 'IMP-218165101123', 'TP-Link LAN Card TG-3468', 218, 52, 6, NULL, NULL, '2181651011235', NULL, NULL, NULL, NULL, 'Import warnings: asset tag was generated because none was provided.', 0, '2026-04-22 07:26:28', '2026-04-22 07:26:28'),
(596, 'IMP-218637200225', 'TP-Link LAN Card TG-3468', 218, 52, 6, NULL, NULL, '2186372002256', NULL, NULL, NULL, NULL, 'Import warnings: asset tag was generated because none was provided.', 0, '2026-04-22 07:26:28', '2026-04-22 07:26:28'),
(597, 'IMP-218637200220', 'TP-Link LAN Card TG-3468', 218, 52, 6, NULL, NULL, '2186372002202', NULL, NULL, NULL, NULL, 'Import warnings: asset tag was generated because none was provided.', 0, '2026-04-22 07:26:28', '2026-04-22 07:26:28'),
(598, 'IMP-GLUEGUNBIG', 'Glue Gun Big', 219, 44, 2, NULL, 36, NULL, NULL, NULL, NULL, NULL, 'Import warnings: asset tag was generated because none was provided.', 0, '2026-04-22 07:26:28', '2026-04-22 07:26:28'),
(599, 'IMP-ERGONOMICOFF', 'Ergonomic Office Chair', 220, 42, 2, NULL, 36, NULL, NULL, NULL, NULL, NULL, 'Import warnings: asset tag was generated because none was provided.', 0, '2026-04-22 07:26:28', '2026-04-22 07:26:28'),
(600, 'IMP-STANDFAN', 'Stand Fan', 221, 53, 2, NULL, 36, NULL, NULL, NULL, NULL, NULL, 'Import warnings: asset tag was generated because none was provided.', 0, '2026-04-22 07:26:28', '2026-04-22 07:26:28'),
(601, 'IMP-HANABISHIDES', 'Hanabishi Desk Fan', 222, 53, 2, NULL, 36, NULL, NULL, NULL, NULL, NULL, 'Import warnings: asset tag was generated because none was provided.', 0, '2026-04-22 07:26:29', '2026-04-22 07:26:29');
INSERT INTO `assets` (`id`, `asset_tag`, `name`, `asset_model_id`, `category_id`, `status_label_id`, `supplier_id`, `location_id`, `serial`, `purchase_cost`, `purchase_date`, `warranty_expires`, `eol_date`, `notes`, `requestable`, `created_at`, `updated_at`) VALUES
(602, 'IMP-USB20FLASHDR', 'USB 2.0 Flash Drive 32GB ScanDisk', 223, 48, 2, NULL, NULL, NULL, NULL, NULL, NULL, NULL, 'Import warnings: asset tag was generated because none was provided.', 0, '2026-04-22 07:26:29', '2026-04-22 07:26:29'),
(603, 'IMP-LCUOBADQBTND', 'USB 2.0 Flash Drive 32GB ScanDisk', 223, 48, 2, NULL, NULL, NULL, NULL, NULL, NULL, NULL, 'Import warnings: asset tag was generated because none was provided.', 0, '2026-04-22 07:26:29', '2026-04-22 07:26:29'),
(604, 'IMP-OPTICALPOWER', 'Optical Power Meter', 224, 44, 2, NULL, NULL, NULL, NULL, NULL, NULL, NULL, 'Import warnings: asset tag was generated because none was provided.', 0, '2026-04-22 07:26:29', '2026-04-22 07:26:29'),
(605, 'IMP-VISUALFAULTL', 'Visual Fault Locator', 225, 44, 2, NULL, NULL, NULL, NULL, NULL, NULL, NULL, 'Import warnings: asset tag was generated because none was provided.', 0, '2026-04-22 07:26:29', '2026-04-22 07:26:29'),
(606, 'IMP-220B4R900638', 'TP-Link Gigabit PoE Injector', 226, 12, 2, NULL, NULL, '220B4R9006382', NULL, NULL, NULL, NULL, 'Import warnings: asset tag was generated because none was provided.', 0, '2026-04-22 07:26:29', '2026-04-22 07:26:29'),
(607, 'IMP-220B4R900637', 'TP-Link Gigabit PoE Injector', 226, 12, 6, NULL, NULL, '220B4R9006372', NULL, NULL, NULL, NULL, 'Import warnings: asset tag was generated because none was provided.', 0, '2026-04-22 07:26:29', '2026-04-22 07:26:29'),
(608, 'IMP-VGAHDMIADAPT', 'VGA/HDMI Adapter USB 3.0', 227, 35, 2, NULL, NULL, NULL, NULL, NULL, NULL, NULL, 'Import warnings: asset tag was generated because none was provided.', 0, '2026-04-22 07:26:29', '2026-04-22 07:26:29'),
(609, 'IMP-2037LZ52S2B9', 'Logitech Webcam', 228, 35, 2, NULL, NULL, '2037LZ52S2B9', NULL, NULL, NULL, NULL, 'Import warnings: asset tag was generated because none was provided.', 0, '2026-04-22 07:26:29', '2026-04-22 07:26:29'),
(610, 'IMP-7RV02B8H', 'Seagate SSD 480GB/500GB', 229, 48, 2, NULL, NULL, '7RV02B8H', NULL, NULL, NULL, NULL, 'Import warnings: asset tag was generated because none was provided.', 0, '2026-04-22 07:26:29', '2026-04-22 07:26:29'),
(611, 'IMP-7RV02BC9', 'Seagate SSD 480GB/500GB', 229, 48, 2, NULL, NULL, '7RV02BC9', NULL, NULL, NULL, NULL, 'Import warnings: asset tag was generated because none was provided.', 0, '2026-04-22 07:26:29', '2026-04-22 07:26:29'),
(612, 'IMP-7RV02BA7', 'Seagate SSD 480GB/500GB', 229, 48, 2, NULL, NULL, '7RV02BA7', NULL, NULL, NULL, NULL, 'Import warnings: asset tag was generated because none was provided.', 0, '2026-04-22 07:26:29', '2026-04-22 07:26:29'),
(613, 'IMP-37C10M1CA078', 'Linksys E5600 Router', 230, 16, 2, NULL, NULL, '37C10M1CA07865', NULL, NULL, NULL, NULL, 'Import warnings: asset tag was generated because none was provided.', 0, '2026-04-22 07:26:29', '2026-04-22 07:26:29'),
(614, 'IMP-37C10M1CA068', 'Linksys E5600 Router', 230, 16, 2, NULL, NULL, '37C10M1CA06863', NULL, NULL, NULL, NULL, 'Import warnings: asset tag was generated because none was provided.', 0, '2026-04-22 07:26:29', '2026-04-22 07:26:29'),
(615, 'IMP-37C10M1CA077', 'Linksys E5600 Router', 230, 16, 2, NULL, NULL, '37C10M1CA07779', NULL, NULL, NULL, NULL, 'Import warnings: asset tag was generated because none was provided.', 0, '2026-04-22 07:26:29', '2026-04-22 07:26:29'),
(616, 'IMP-37C10M1CA075', 'Linksys E5600 Router', 230, 16, 2, NULL, NULL, '37C10M1CA07509', NULL, NULL, NULL, NULL, 'Import warnings: asset tag was generated because none was provided.', 0, '2026-04-22 07:26:29', '2026-04-22 07:26:29'),
(617, 'IMP-H805550294', 'Transcend SSD220Q Solid State Drive', 231, 48, 2, NULL, NULL, 'H80555-0294', NULL, NULL, NULL, NULL, 'Import warnings: asset tag was generated because none was provided.', 0, '2026-04-22 07:26:29', '2026-04-22 07:26:29'),
(618, 'IMP-H805550333', 'Transcend SSD220Q Solid State Drive', 231, 48, 2, NULL, NULL, 'H80555-0333', NULL, NULL, NULL, NULL, 'Import warnings: asset tag was generated because none was provided.', 0, '2026-04-22 07:26:29', '2026-04-22 07:26:29'),
(619, 'IMP-H805550334', 'Transcend SSD220Q Solid State Drive', 231, 48, 2, NULL, NULL, 'H80555-0334', NULL, NULL, NULL, NULL, 'Import warnings: asset tag was generated because none was provided.', 0, '2026-04-22 07:26:29', '2026-04-22 07:26:29'),
(620, 'IMP-H805550335', 'Transcend SSD220Q Solid State Drive', 231, 48, 2, NULL, NULL, 'H80555-0335', NULL, NULL, NULL, NULL, 'Import warnings: asset tag was generated because none was provided.', 0, '2026-04-22 07:26:29', '2026-04-22 07:26:29'),
(621, 'IMP-H805550336', 'Transcend SSD220Q Solid State Drive', 231, 48, 2, NULL, NULL, 'H80555-0336', NULL, NULL, NULL, NULL, 'Import warnings: asset tag was generated because none was provided.', 0, '2026-04-22 07:26:29', '2026-04-22 07:26:29'),
(622, 'IMP-A4TECHKEYBOA', 'A4Tech Keyboard and Mouse KK-3330', 232, 35, 2, NULL, NULL, NULL, NULL, NULL, NULL, NULL, 'Import warnings: asset tag was generated because none was provided.', 0, '2026-04-22 07:26:29', '2026-04-22 07:26:29'),
(623, 'IMP-ISEADJUMRLDW', 'A4Tech Keyboard and Mouse KK-3330', 232, 35, 2, NULL, NULL, NULL, NULL, NULL, NULL, NULL, 'Import warnings: asset tag was generated because none was provided.', 0, '2026-04-22 07:26:29', '2026-04-22 07:26:29'),
(624, 'IMP-Z0ILKXEGGEWV', 'A4Tech Keyboard and Mouse KK-3330', 232, 35, 2, NULL, NULL, NULL, NULL, NULL, NULL, NULL, 'Import warnings: asset tag was generated because none was provided.', 0, '2026-04-22 07:26:29', '2026-04-22 07:26:29'),
(625, 'IMP-Q8PDJJ6G2MX3', 'A4Tech Keyboard and Mouse KK-3330', 232, 35, 2, NULL, NULL, NULL, NULL, NULL, NULL, NULL, 'Import warnings: asset tag was generated because none was provided.', 0, '2026-04-22 07:26:29', '2026-04-22 07:26:29'),
(626, 'IMP-STPBECPZWFPV', 'A4Tech Keyboard and Mouse KK-3330', 232, 35, 2, NULL, NULL, NULL, NULL, NULL, NULL, NULL, 'Import warnings: asset tag was generated because none was provided.', 0, '2026-04-22 07:26:29', '2026-04-22 07:26:29'),
(627, 'IMP-692279472824', 'Vention HDMI Switcher 5-In-1', 233, 35, 2, NULL, NULL, '6922794728240', NULL, NULL, NULL, NULL, 'Import warnings: asset tag was generated because none was provided.', 0, '2026-04-22 07:26:29', '2026-04-22 07:26:29'),
(628, 'IMP-FX28L1A02638', 'Elgato Cam Link 4K', 234, 35, 2, NULL, NULL, 'FX28L1A02638', NULL, NULL, NULL, NULL, 'Import warnings: asset tag was generated because none was provided.', 0, '2026-04-22 07:26:29', '2026-04-22 07:26:29'),
(629, 'IMP-A29YB3192034', 'Elgato Cam Link 4K', 234, 35, 2, NULL, NULL, 'A29YB31920343X', NULL, NULL, NULL, NULL, 'Import warnings: asset tag was generated because none was provided.', 0, '2026-04-22 07:26:29', '2026-04-22 07:26:29'),
(630, 'IMP-Y8MN2MT116AB', 'Focusrite Scarlett 2i2 3rd Gen', 235, 54, 2, NULL, NULL, 'Y8MN2MT116ABCE', NULL, NULL, NULL, NULL, 'Import warnings: asset tag was generated because none was provided.', 0, '2026-04-22 07:26:29', '2026-04-22 07:26:29'),
(631, 'IMP-Y89FH0V0B5F9', 'Focusrite Scarlett 2i2 3rd Gen', 235, 54, 2, NULL, NULL, 'Y89FH0V0B5F986', NULL, NULL, NULL, NULL, 'Import warnings: asset tag was generated because none was provided.', 0, '2026-04-22 07:26:29', '2026-04-22 07:26:29'),
(632, 'IMP-Y8JQX0K116AB', 'Focusrite Scarlett 2i2 3rd Gen', 235, 54, 2, NULL, NULL, 'Y8JQX0K116ABC1', NULL, NULL, NULL, NULL, 'Import warnings: asset tag was generated because none was provided.', 0, '2026-04-22 07:26:29', '2026-04-22 07:26:29'),
(633, 'IMP-SR2304221026', 'Saramonic WiTalk Headset System', 236, 54, 2, NULL, NULL, 'SR23042210264', NULL, NULL, NULL, NULL, 'Import warnings: asset tag was generated because none was provided.', 0, '2026-04-22 07:26:29', '2026-04-22 07:26:29'),
(634, 'IMP-EGDK01349', 'Yamaha MG10XU Mixing Console', 237, 54, 2, NULL, NULL, 'EGDK01349', NULL, NULL, NULL, NULL, 'Import warnings: asset tag was generated because none was provided.', 0, '2026-04-22 07:26:29', '2026-04-22 07:26:29'),
(635, 'IMP-50230F822042', 'CCTV IP Camera Tester', 238, 44, 2, NULL, NULL, '50230F8220426038', NULL, NULL, NULL, NULL, 'Import warnings: asset tag was generated because none was provided.', 0, '2026-04-22 07:26:29', '2026-04-22 07:26:29'),
(636, 'IMP-WNK232322083', 'ViewSonic Monitor VA2215-h', 239, 20, 2, NULL, NULL, 'WNK232322083', NULL, NULL, NULL, NULL, 'Import warnings: asset tag was generated because none was provided.', 0, '2026-04-22 07:26:29', '2026-04-22 07:26:29'),
(637, 'IMP-TRENDSONICCP', 'Trendsonic CPU AMD Ryzen', 240, 21, 2, NULL, NULL, NULL, NULL, NULL, NULL, NULL, 'Import warnings: asset tag was generated because none was provided.', 0, '2026-04-22 07:26:29', '2026-04-22 07:26:29'),
(638, 'IMP-ZIUOVK3U495B', 'A4Tech Keyboard/Mouse KK-3330', 232, 35, 2, NULL, NULL, NULL, NULL, NULL, NULL, NULL, 'Import warnings: asset tag was generated because none was provided.', 0, '2026-04-22 07:26:29', '2026-04-22 07:26:29'),
(639, 'IMP-SOCOMECNETYS', 'Socomec Netys PE UPS', 241, 9, 2, NULL, NULL, NULL, NULL, NULL, NULL, NULL, 'Import warnings: asset tag was generated because none was provided.', 0, '2026-04-22 07:26:29', '2026-04-22 07:26:29'),
(640, 'IMP-R6YVNC013284', 'Asus Dual GeForce RTX GPU', 242, 55, 2, NULL, NULL, 'R6YVNC013284SL7', NULL, NULL, NULL, NULL, 'Import warnings: asset tag was generated because none was provided.', 0, '2026-04-22 07:26:29', '2026-04-22 07:26:29'),
(641, 'IMP-R1M0CS02K921', 'ASUS ROG STRIX B760-R Motherboard', 243, 56, 2, NULL, NULL, 'R1M0CS02K9217JA', NULL, NULL, NULL, NULL, 'Import warnings: asset tag was generated because none was provided.', 0, '2026-04-22 07:26:29', '2026-04-22 07:26:29'),
(642, 'IMP-NACN4W7J', 'Seagate One Touch 2TB SSD', 244, 48, 2, NULL, NULL, 'NACN4W7J', NULL, NULL, NULL, NULL, 'Import warnings: asset tag was generated because none was provided.', 0, '2026-04-22 07:26:29', '2026-04-22 07:26:29'),
(643, 'IMP-BOVBOXWIRELE', 'BovBox Wireless HDMI Extender', 245, 35, 2, NULL, NULL, NULL, NULL, NULL, NULL, NULL, 'Import warnings: asset tag was generated because none was provided.', 0, '2026-04-22 07:26:29', '2026-04-22 07:26:29'),
(644, 'IMP-TB2SB0PWXUMJ', 'BovBox Wireless HDMI Extender', 245, 35, 2, NULL, NULL, NULL, NULL, NULL, NULL, NULL, 'Import warnings: asset tag was generated because none was provided.', 0, '2026-04-22 07:26:29', '2026-04-22 07:26:29'),
(645, 'IMP-OMNIUNIVERSA', 'Omni Universal Extension Wheel', 246, 35, 2, NULL, NULL, NULL, NULL, NULL, NULL, NULL, 'Import warnings: asset tag was generated because none was provided.', 0, '2026-04-22 07:26:29', '2026-04-22 07:26:29');
INSERT INTO `assets` (`id`, `asset_tag`, `name`, `asset_model_id`, `category_id`, `status_label_id`, `supplier_id`, `location_id`, `serial`, `purchase_cost`, `purchase_date`, `warranty_expires`, `eol_date`, `notes`, `requestable`, `created_at`, `updated_at`) VALUES
(646, 'IMP-USB30GIGABIT', 'USB 3.0 Gigabit Ethernet Adapter', 247, 52, 2, NULL, NULL, NULL, NULL, NULL, NULL, NULL, 'Import warnings: asset tag was generated because none was provided.', 0, '2026-04-22 07:26:29', '2026-04-22 07:26:29'),
(647, 'IMP-3XAGVD7GBYOU', 'USB 3.0 Gigabit Ethernet Adapter', 247, 52, 2, NULL, NULL, NULL, NULL, NULL, NULL, NULL, 'Import warnings: asset tag was generated because none was provided.', 0, '2026-04-22 07:26:29', '2026-04-22 07:26:29'),
(648, 'IMP-CG20217151HT', 'Sugon T26D Soldering Station', 248, 44, 2, NULL, NULL, 'CG20217151HT', NULL, NULL, NULL, NULL, 'Import warnings: asset tag was generated because none was provided.', 0, '2026-04-22 07:26:29', '2026-04-22 07:26:29'),
(649, 'IMP-FN00298951', 'Rode Wireless Go', 249, 54, 2, NULL, NULL, 'FN00298951', NULL, NULL, NULL, NULL, 'Import warnings: asset tag was generated because none was provided.', 0, '2026-04-22 07:26:29', '2026-04-22 07:26:29'),
(650, 'IMP-230030050364', 'Ugreen USB 2.0 Sound Adapter', 250, 54, 2, NULL, NULL, '2300300503641', NULL, NULL, NULL, NULL, 'Import warnings: asset tag was generated because none was provided.', 0, '2026-04-22 07:26:29', '2026-04-22 07:26:29'),
(651, 'IMP-230030050421', 'Ugreen USB 2.0 Sound Adapter', 250, 54, 2, NULL, NULL, '2300300504210', NULL, NULL, NULL, NULL, 'Import warnings: asset tag was generated because none was provided.', 0, '2026-04-22 07:26:29', '2026-04-22 07:26:29'),
(652, 'IMP-230030050368', 'Ugreen USB 2.0 Sound Adapter', 250, 54, 2, NULL, NULL, '2300300503680', NULL, NULL, NULL, NULL, 'Import warnings: asset tag was generated because none was provided.', 0, '2026-04-22 07:26:29', '2026-04-22 07:26:29'),
(653, 'IMP-230030052210', 'Ugreen USB 2.0 Sound Adapter', 250, 54, 2, NULL, NULL, '2300300522106', NULL, NULL, NULL, NULL, 'Import warnings: asset tag was generated because none was provided.', 0, '2026-04-22 07:26:29', '2026-04-22 07:26:29'),
(654, 'IMP-230030050287', 'Ugreen USB 2.0 Sound Adapter', 250, 54, 2, NULL, NULL, '2300300502870', NULL, NULL, NULL, NULL, 'Import warnings: asset tag was generated because none was provided.', 0, '2026-04-22 07:26:29', '2026-04-22 07:26:29'),
(655, 'IMP-HH0385082', 'Rode Wireless Go II', 251, 54, 2, NULL, NULL, 'HH0385082', NULL, NULL, NULL, NULL, 'Import warnings: asset tag was generated because none was provided.', 0, '2026-04-22 07:26:29', '2026-04-22 07:26:29'),
(656, 'IMP-HH0385074', 'Rode Wireless Go II', 251, 54, 2, NULL, NULL, 'HH0385074', NULL, NULL, NULL, NULL, 'Import warnings: asset tag was generated because none was provided.', 0, '2026-04-22 07:26:29', '2026-04-22 07:26:29'),
(657, 'IMP-HH0385080', 'Rode Wireless Go II', 251, 54, 2, NULL, NULL, 'HH0385080', NULL, NULL, NULL, NULL, 'Import warnings: asset tag was generated because none was provided.', 0, '2026-04-22 07:26:29', '2026-04-22 07:26:29'),
(658, 'IMP-HH0385091', 'Rode Wireless Go II', 251, 54, 2, NULL, NULL, 'HH0385091', NULL, NULL, NULL, NULL, 'Import warnings: asset tag was generated because none was provided.', 0, '2026-04-22 07:26:29', '2026-04-22 07:26:29'),
(659, 'IMP-HA7HA000110N', 'HP Omen 16 Laptop', 252, 57, 2, NULL, 36, 'HA7HA000110/N24099-A01', NULL, NULL, NULL, NULL, 'Import warnings: asset tag was generated because none was provided.', 0, '2026-04-22 07:26:29', '2026-04-22 07:26:29'),
(660, 'IMP-DQVUYSP00N20', 'Acer Veriton VZ4880G PC 01', 253, 21, 2, NULL, 1, 'DQVUYSP00N20102D803000', NULL, NULL, NULL, NULL, 'Import warnings: asset tag was generated because none was provided.', 0, '2026-04-22 07:26:29', '2026-04-22 07:26:29'),
(661, 'IMP-CYEB8WTLFHLM', 'Acer Veriton VZ4880G PC 02', 253, 21, 2, NULL, 1, 'DQVUYSP00N20102DB03000', NULL, NULL, NULL, NULL, 'Import warnings: asset tag was generated because none was provided.', 0, '2026-04-22 07:26:29', '2026-04-22 07:26:29'),
(662, 'IMP-8WEPDJTF39JF', 'Acer Veriton VZ4880G PC 03', 253, 21, 2, NULL, 1, 'DQVUYSP00N20102DAC3000', NULL, NULL, NULL, NULL, 'Import warnings: asset tag was generated because none was provided.', 0, '2026-04-22 07:26:29', '2026-04-22 07:26:29'),
(663, 'IMP-JSC2ZM1IUEGP', 'Acer Veriton VZ4880G PC 04', 253, 21, 2, NULL, 1, 'DQVUYSP00N20102D7C3000', NULL, NULL, NULL, NULL, 'Import warnings: asset tag was generated because none was provided.', 0, '2026-04-22 07:26:29', '2026-04-22 07:26:29'),
(664, 'IMP-VMYVOJOBCVTT', 'Acer Veriton VZ4880G PC 05', 253, 21, 2, NULL, 1, 'DQVUYSP00N20102D943000', NULL, NULL, NULL, NULL, 'Import warnings: asset tag was generated because none was provided.', 0, '2026-04-22 07:26:30', '2026-04-22 07:26:30'),
(665, 'IMP-BGMSRGORI3PQ', 'Acer Veriton VZ4880G PC 06', 253, 21, 2, NULL, 1, 'DQVUYSP00N20102D9C3000', NULL, NULL, NULL, NULL, 'Import warnings: asset tag was generated because none was provided.', 0, '2026-04-22 07:26:30', '2026-04-22 07:26:30'),
(666, 'IMP-KYJGIK68LW6Z', 'Acer Veriton VZ4880G PC 07', 253, 21, 2, NULL, 1, 'DQVUYSP00N20102D873000', NULL, NULL, NULL, NULL, 'Import warnings: asset tag was generated because none was provided.', 0, '2026-04-22 07:26:30', '2026-04-22 07:26:30'),
(667, 'IMP-6UWQHGFHPRJH', 'Acer Veriton VZ4880G PC 08', 253, 21, 2, NULL, 1, 'DQVUYSP00N20102D8D3000', NULL, NULL, NULL, NULL, 'Import warnings: asset tag was generated because none was provided.', 0, '2026-04-22 07:26:30', '2026-04-22 07:26:30'),
(668, 'IMP-UP0BCLQIRI9M', 'Acer Veriton VZ4880G PC 09', 253, 21, 2, NULL, 1, 'DQVUYSP00N20102D8C3000', NULL, NULL, NULL, NULL, 'Import warnings: asset tag was generated because none was provided.', 0, '2026-04-22 07:26:30', '2026-04-22 07:26:30'),
(669, 'IMP-DQVUYSP00N21', 'Acer Veriton VZ4880G PC 10', 253, 21, 2, NULL, 1, 'DQVUYSP00N2100384A3000', NULL, NULL, NULL, NULL, 'Import warnings: asset tag was generated because none was provided.', 0, '2026-04-22 07:26:30', '2026-04-22 07:26:30'),
(670, 'IMP-XUFVIHMXJH68', 'Acer Veriton VZ4880G PC 11', 253, 21, 2, NULL, 1, 'DQVUYSP00N2010384A3000', NULL, NULL, NULL, NULL, 'Import warnings: asset tag was generated because none was provided.', 0, '2026-04-22 07:26:30', '2026-04-22 07:26:30'),
(671, 'IMP-IZ7LIE0FOBDG', 'Acer Veriton VZ4880G PC 12', 253, 21, 2, NULL, 1, 'DQVUYSP00N2100384D3000', NULL, NULL, NULL, NULL, 'Import warnings: asset tag was generated because none was provided.', 0, '2026-04-22 07:26:30', '2026-04-22 07:26:30'),
(672, 'IMP-JXFP8D5ZBUEP', 'Acer Veriton VZ4880G PC 13', 253, 21, 2, NULL, 1, 'DQVUYSP00N2100386D3000', NULL, NULL, NULL, NULL, 'Import warnings: asset tag was generated because none was provided.', 0, '2026-04-22 07:26:30', '2026-04-22 07:26:30'),
(673, 'IMP-HLZIB57ME0VH', 'Acer Veriton VZ4880G PC 14', 253, 21, 2, NULL, 1, 'DQVUYSP00N210038503000', NULL, NULL, NULL, NULL, 'Import warnings: asset tag was generated because none was provided.', 0, '2026-04-22 07:26:30', '2026-04-22 07:26:30'),
(674, 'IMP-KEI1H5FLGTGZ', 'Acer Veriton VZ4880G PC 15', 253, 21, 2, NULL, 1, 'DQVUYSP00N2010DB13000', NULL, NULL, NULL, NULL, 'Import warnings: asset tag was generated because none was provided.', 0, '2026-04-22 07:26:30', '2026-04-22 07:26:30'),
(675, 'IMP-PLO6K1AVFFR2', 'Acer Veriton VZ4880G PC 16', 253, 21, 2, NULL, 1, 'DQVUYSP00N20102DAB3000', NULL, NULL, NULL, NULL, 'Import warnings: asset tag was generated because none was provided.', 0, '2026-04-22 07:26:30', '2026-04-22 07:26:30'),
(676, 'IMP-DI0LSLGBZG68', 'Acer Veriton VZ4880G PC 17', 253, 21, 2, NULL, 1, 'DQVUYSP00N210038553000', NULL, NULL, NULL, NULL, 'Import warnings: asset tag was generated because none was provided.', 0, '2026-04-22 07:26:30', '2026-04-22 07:26:30'),
(677, 'IMP-K8JJ8B1I2SFA', 'Acer Veriton VZ4880G PC 18', 253, 21, 2, NULL, 1, 'DQVUYSP00N20102D783000', NULL, NULL, NULL, NULL, 'Import warnings: asset tag was generated because none was provided.', 0, '2026-04-22 07:26:30', '2026-04-22 07:26:30'),
(678, 'IMP-YSJEGUHE2YN5', 'Acer Veriton VZ4880G PC 19', 253, 21, 2, NULL, 1, 'DQVUYSP00N20102D8B3000', NULL, NULL, NULL, NULL, 'Import warnings: asset tag was generated because none was provided.', 0, '2026-04-22 07:26:30', '2026-04-22 07:26:30'),
(679, 'IMP-JBX7JGB4OSS7', 'Acer Veriton VZ4880G PC 20', 253, 21, 2, NULL, 1, 'DQVUYSP00N20102DA03000', NULL, NULL, NULL, NULL, 'Import warnings: asset tag was generated because none was provided.', 0, '2026-04-22 07:26:30', '2026-04-22 07:26:30'),
(680, 'IMP-EKEIRXWT6VJA', 'Acer Veriton VZ4880G PC 21', 253, 21, 2, NULL, 1, 'DQVUYSP00N2100385E3000', NULL, NULL, NULL, NULL, 'Import warnings: asset tag was generated because none was provided.', 0, '2026-04-22 07:26:30', '2026-04-22 07:26:30'),
(681, 'IMP-QZRPXBEINEYQ', 'Acer Veriton VZ4880G PC 22', 253, 21, 2, NULL, 1, 'DQVUYSP00N20102D853000', NULL, NULL, NULL, NULL, 'Import warnings: asset tag was generated because none was provided.', 0, '2026-04-22 07:26:30', '2026-04-22 07:26:30'),
(682, 'IMP-FBJYYRLS1TPT', 'Acer Veriton VZ4880G PC 23', 253, 21, 2, NULL, 1, 'DQVUYSP00N20102D8A3000', NULL, NULL, NULL, NULL, 'Import warnings: asset tag was generated because none was provided.', 0, '2026-04-22 07:26:30', '2026-04-22 07:26:30'),
(683, 'IMP-OZLYWDC06PZH', 'Acer Veriton VZ4880G PC 24', 253, 21, 2, NULL, 1, 'DQVUYSP00N20102DA43000', NULL, NULL, NULL, NULL, 'Import warnings: asset tag was generated because none was provided.', 0, '2026-04-22 07:26:30', '2026-04-22 07:26:30'),
(684, 'IMP-JW0XMHKP1ZV6', 'Acer Veriton VZ4880G PC 25', 253, 21, 2, NULL, 1, 'DQVUYSP00N20102D843000', NULL, NULL, NULL, NULL, 'Import warnings: asset tag was generated because none was provided.', 0, '2026-04-22 07:26:30', '2026-04-22 07:26:30'),
(685, 'IMP-V440VAK23929', 'ASUS V440VA PC 26', 254, 21, 2, NULL, 1, 'V440VAK239297', NULL, NULL, NULL, NULL, 'Import warnings: asset tag was generated because none was provided.', 0, '2026-04-22 07:26:30', '2026-04-22 07:26:30'),
(686, 'IMP-V440VAK26829', 'ASUS V440VA PC 27', 254, 21, 2, NULL, 1, 'V440VAK268294', NULL, NULL, NULL, NULL, 'Import warnings: asset tag was generated because none was provided.', 0, '2026-04-22 07:26:30', '2026-04-22 07:26:30'),
(687, 'IMP-V440VAK24129', 'ASUS V440VA PC 28', 254, 21, 2, NULL, 1, 'V440VAK24129A', NULL, NULL, NULL, NULL, 'Import warnings: asset tag was generated because none was provided.', 0, '2026-04-22 07:26:30', '2026-04-22 07:26:30'),
(688, 'IMP-V440VAK29829', 'ASUS V440VA PC 29', 254, 21, 2, NULL, 1, 'V440VAK298293', NULL, NULL, NULL, NULL, 'Import warnings: asset tag was generated because none was provided.', 0, '2026-04-22 07:26:30', '2026-04-22 07:26:30'),
(689, 'IMP-V440VAK67025', 'ASUS V440VA PC 30', 254, 21, 2, NULL, 1, 'V440VAK67025F', NULL, NULL, NULL, NULL, 'Import warnings: asset tag was generated because none was provided.', 0, '2026-04-22 07:26:30', '2026-04-22 07:26:30'),
(690, 'IMP-V440VAK68825', 'ASUS V440VA PC 31', 254, 21, 2, NULL, 1, 'V440VAK68825B', NULL, NULL, NULL, NULL, 'Import warnings: asset tag was generated because none was provided.', 0, '2026-04-22 07:26:30', '2026-04-22 07:26:30'),
(691, 'IMP-2121116080D0', 'Yealink SIP-T21P E2', 255, 18, 2, NULL, 1, '2121116080D04945', NULL, NULL, NULL, NULL, 'Import warnings: asset tag was generated because none was provided.', 0, '2026-04-22 07:26:30', '2026-04-22 07:26:30'),
(692, 'IMP-EPSONPROJECT', 'Epson Projector EB-S18', 256, 30, 2, NULL, 1, NULL, NULL, NULL, NULL, NULL, 'Import warnings: asset tag was generated because none was provided.', 0, '2026-04-22 07:26:30', '2026-04-22 07:26:30'),
(693, 'IMP-EPSONELPAP07', 'Epson ELPAP07 Wireless LAN', 257, 58, 2, NULL, 1, NULL, NULL, NULL, NULL, NULL, 'Import warnings: asset tag was generated because none was provided.', 0, '2026-04-22 07:26:30', '2026-04-22 07:26:30'),
(694, 'IMP-UT1804112412', 'Alto Professional Speaker', 258, 24, 2, NULL, 1, 'UT1804112412446', NULL, NULL, NULL, NULL, 'Import warnings: asset tag was generated because none was provided.', 0, '2026-04-22 07:26:30', '2026-04-22 07:26:30'),
(695, 'IMP-EF24030108', '3D Stand Fan', 259, 53, 2, NULL, 1, 'EF-24030108', NULL, NULL, NULL, NULL, 'Import warnings: asset tag was generated because none was provided.', 0, '2026-04-22 07:26:30', '2026-04-22 07:26:30'),
(696, 'IMP-FPDCFBV0LLWW', 'Carrier Air Conditioner Indoor', 260, 10, 2, NULL, 1, '42BFEFSUCAR05TEEC16PC-0371682', NULL, NULL, NULL, NULL, 'Import warnings: asset tag was generated because none was provided.', 0, '2026-04-22 07:26:30', '2026-04-22 07:26:30'),
(697, 'IMP-IWXE5KGNHHX0', 'Acer Veriton VZ4880G PC 01', 253, 21, 2, NULL, 2, 'DQVUYSP00N21003086B3000', NULL, NULL, NULL, NULL, 'Import warnings: asset tag was generated because none was provided.', 0, '2026-04-22 07:26:30', '2026-04-22 07:26:30'),
(698, 'IMP-CJTXPQ4XIOQ0', 'Acer Veriton VZ4880G PC 02', 253, 21, 2, NULL, 2, 'DQVUYSP00N2100308763000', NULL, NULL, NULL, NULL, 'Import warnings: asset tag was generated because none was provided.', 0, '2026-04-22 07:26:30', '2026-04-22 07:26:30'),
(699, 'IMP-CYWIBUEPSMZM', 'Acer Veriton VZ4880G PC 03', 253, 21, 2, NULL, 2, 'DQVUYSP00N2010386E3000', NULL, NULL, NULL, NULL, 'Import warnings: asset tag was generated because none was provided.', 0, '2026-04-22 07:26:30', '2026-04-22 07:26:30'),
(700, 'IMP-02UQJFDSX6MP', 'Acer Veriton VZ4880G PC 04', 253, 21, 2, NULL, 2, 'DQVUYSP00N201038613000', NULL, NULL, NULL, NULL, 'Import warnings: asset tag was generated because none was provided.', 0, '2026-04-22 07:26:30', '2026-04-22 07:26:30'),
(701, 'IMP-SS7ZMGIXDKSL', 'Acer Veriton VZ4880G PC 05', 253, 21, 2, NULL, 2, 'DQVUYSP00N210038693000', NULL, NULL, NULL, NULL, 'Import warnings: asset tag was generated because none was provided.', 0, '2026-04-22 07:26:31', '2026-04-22 07:26:31'),
(702, 'IMP-27IDQIZCMBIC', 'Acer Veriton VZ4880G PC 06', 253, 21, 2, NULL, 2, 'DQVUYSP00N210038683000', NULL, NULL, NULL, NULL, 'Import warnings: asset tag was generated because none was provided.', 0, '2026-04-22 07:26:31', '2026-04-22 07:26:31'),
(703, 'IMP-S0RII8KNB6CL', 'Acer Veriton VZ4880G PC 07', 253, 21, 2, NULL, 2, 'DQVUYSP00N20102D993000', NULL, NULL, NULL, NULL, 'Import warnings: asset tag was generated because none was provided.', 0, '2026-04-22 07:26:31', '2026-04-22 07:26:31'),
(704, 'IMP-66YDWKNWJK0K', 'Acer Veriton VZ4880G PC 09', 253, 21, 2, NULL, 2, 'DQVUYSP00N20100384B3000', NULL, NULL, NULL, NULL, 'Import warnings: asset tag was generated because none was provided.', 0, '2026-04-22 07:26:31', '2026-04-22 07:26:31'),
(705, 'IMP-IUWWPU7LFWZR', 'Acer Veriton VZ4880G PC 10', 253, 21, 2, NULL, 2, 'DQVUYSP00N210038793000', NULL, NULL, NULL, NULL, 'Import warnings: asset tag was generated because none was provided.', 0, '2026-04-22 07:26:31', '2026-04-22 07:26:31'),
(706, 'IMP-4EKCVSGWWKUX', 'Acer Veriton VZ4880G PC 11', 253, 21, 2, NULL, 2, 'DQVUYSP00N20102D7B3000', NULL, NULL, NULL, NULL, 'Import warnings: asset tag was generated because none was provided.', 0, '2026-04-22 07:26:31', '2026-04-22 07:26:31'),
(707, 'IMP-WSUISOL8PY9K', 'Acer Veriton VZ4880G PC 13', 253, 21, 2, NULL, 2, 'DQVUYSP00N20102DA23000', NULL, NULL, NULL, NULL, 'Import warnings: asset tag was generated because none was provided.', 0, '2026-04-22 07:26:31', '2026-04-22 07:26:31'),
(708, 'IMP-MJ1LTM3VKNT7', 'Acer Veriton VZ4880G PC 14', 253, 21, 2, NULL, 2, 'DQVUYSP00N210102D53000', NULL, NULL, NULL, NULL, 'Import warnings: asset tag was generated because none was provided.', 0, '2026-04-22 07:26:31', '2026-04-22 07:26:31'),
(709, 'IMP-Z7VKZED631RA', 'Acer Veriton VZ4880G PC 15', 253, 21, 2, NULL, 2, 'DQVUYSP00N20102D933000', NULL, NULL, NULL, NULL, 'Import warnings: asset tag was generated because none was provided.', 0, '2026-04-22 07:26:31', '2026-04-22 07:26:31'),
(710, 'IMP-JJOI7PWZHXIJ', 'Acer Veriton VZ4880G PC 16', 253, 21, 2, NULL, 2, 'DQVUYSP00N20102DAF3000', NULL, NULL, NULL, NULL, 'Import warnings: asset tag was generated because none was provided.', 0, '2026-04-22 07:26:31', '2026-04-22 07:26:31'),
(711, 'IMP-B6ZDAL7YIPUI', 'Acer Veriton VZ4880G PC 17', 253, 21, 2, NULL, 2, 'DQVUYSP00N20102D9D3000', NULL, NULL, NULL, NULL, 'Import warnings: asset tag was generated because none was provided.', 0, '2026-04-22 07:26:31', '2026-04-22 07:26:31'),
(712, 'IMP-MLQQ2IR4RWVK', 'Acer Veriton VZ4880G PC 19', 253, 21, 2, NULL, 2, 'DQVUYSP00N20102D833000', NULL, NULL, NULL, NULL, 'Import warnings: asset tag was generated because none was provided.', 0, '2026-04-22 07:26:31', '2026-04-22 07:26:31'),
(713, 'IMP-PYWELMNGBOUZ', 'Acer Veriton VZ4880G PC 20', 253, 21, 2, NULL, 2, 'DQVUYSP00N210038443000', NULL, NULL, NULL, NULL, 'Import warnings: asset tag was generated because none was provided.', 0, '2026-04-22 07:26:31', '2026-04-22 07:26:31'),
(714, 'IMP-KFZQKPIBEOXQ', 'Acer Veriton VZ4880G PC 21', 253, 21, 2, NULL, 2, 'DQVUYSP00N20102D763000', NULL, NULL, NULL, NULL, 'Import warnings: asset tag was generated because none was provided.', 0, '2026-04-22 07:26:31', '2026-04-22 07:26:31'),
(715, 'IMP-BTPUPIXYQXBY', 'Acer Veriton VZ4880G PC 25', 253, 21, 2, NULL, 2, 'DQVUYSP00N20102D8F3000', NULL, NULL, NULL, NULL, 'Import warnings: asset tag was generated because none was provided.', 0, '2026-04-22 07:26:31', '2026-04-22 07:26:31'),
(716, 'IMP-V440VA28429D', 'ASUS V440VA PC 26', 254, 21, 2, NULL, 2, 'V440VA28429D', NULL, NULL, NULL, NULL, 'Import warnings: asset tag was generated because none was provided.', 0, '2026-04-22 07:26:31', '2026-04-22 07:26:31'),
(717, 'IMP-V440VA30929F', 'ASUS V440VA PC 27', 254, 21, 2, NULL, 2, 'V440VA30929F', NULL, NULL, NULL, NULL, 'Import warnings: asset tag was generated because none was provided.', 0, '2026-04-22 07:26:31', '2026-04-22 07:26:31'),
(718, 'IMP-V440VA31029A', 'ASUS V440VA PC 28', 254, 21, 2, NULL, 2, 'V440VA31029A', NULL, NULL, NULL, NULL, 'Import warnings: asset tag was generated because none was provided.', 0, '2026-04-22 07:26:31', '2026-04-22 07:26:31'),
(719, 'IMP-V440VA302298', 'ASUS V440VA PC 29', 254, 21, 2, NULL, 2, 'V440VA302298', NULL, NULL, NULL, NULL, 'Import warnings: asset tag was generated because none was provided.', 0, '2026-04-22 07:26:31', '2026-04-22 07:26:31'),
(720, 'IMP-V440VA856277', 'ASUS V440VA PC 30', 254, 21, 2, NULL, 2, 'V440VA856277', NULL, NULL, NULL, NULL, 'Import warnings: asset tag was generated because none was provided.', 0, '2026-04-22 07:26:31', '2026-04-22 07:26:31'),
(721, 'IMP-V440VA272299', 'ASUS V440VA PC 31', 254, 21, 2, NULL, 2, 'V440VA272299', NULL, NULL, NULL, NULL, 'Import warnings: asset tag was generated because none was provided.', 0, '2026-04-22 07:26:31', '2026-04-22 07:26:31'),
(722, 'IMP-V440VA30029H', 'ASUS V440VA PC 32', 254, 21, 2, NULL, 2, 'V440VA30029H', NULL, NULL, NULL, NULL, 'Import warnings: asset tag was generated because none was provided.', 0, '2026-04-22 07:26:31', '2026-04-22 07:26:31'),
(723, 'IMP-V440VA24329B', 'ASUS V440VA PC 33', 254, 21, 2, NULL, 2, 'V440VA24329B', NULL, NULL, NULL, NULL, 'Import warnings: asset tag was generated because none was provided.', 0, '2026-04-22 07:26:31', '2026-04-22 07:26:31'),
(724, 'IMP-V440VA296296', 'ASUS V440VA PC 34', 254, 21, 2, NULL, 2, 'V440VA296296', NULL, NULL, NULL, NULL, 'Import warnings: asset tag was generated because none was provided.', 0, '2026-04-22 07:26:31', '2026-04-22 07:26:31'),
(725, 'IMP-V440VA249284', 'ASUS V440VA PC 35', 254, 21, 2, NULL, 2, 'V440VA249284', NULL, NULL, NULL, NULL, 'Import warnings: asset tag was generated because none was provided.', 0, '2026-04-22 07:26:31', '2026-04-22 07:26:31'),
(726, 'IMP-V440VA304297', 'ASUS V440VA PC 36', 254, 21, 2, NULL, 2, 'V440VA304297', NULL, NULL, NULL, NULL, 'Import warnings: asset tag was generated because none was provided.', 0, '2026-04-22 07:26:31', '2026-04-22 07:26:31'),
(727, 'IMP-WDWK5600939', 'Epson Projector EB-S31', 261, 30, 2, NULL, 2, 'WDWK5600939', NULL, NULL, NULL, NULL, 'Import warnings: asset tag was generated because none was provided.', 0, '2026-04-22 07:26:31', '2026-04-22 07:26:31'),
(728, 'IMP-LCEC38DJYFPK', 'Epson ELPAP07 Wireless LAN', 257, 58, 2, NULL, 2, NULL, NULL, NULL, NULL, NULL, 'Import warnings: asset tag was generated because none was provided.', 0, '2026-04-22 07:26:31', '2026-04-22 07:26:31'),
(729, 'IMP-JRIQOFUGEWYW', 'Alto Professional Speaker', 258, 24, 2, NULL, 2, 'UT1804112412548', NULL, NULL, NULL, NULL, 'Import warnings: asset tag was generated because none was provided.', 0, '2026-04-22 07:26:31', '2026-04-22 07:26:31'),
(730, 'IMP-EF24029822', '3D Stand Fan', 259, 53, 2, NULL, 2, 'EF-24029822', NULL, NULL, NULL, NULL, 'Import warnings: asset tag was generated because none was provided.', 0, '2026-04-22 07:26:31', '2026-04-22 07:26:31'),
(731, 'IMP-SC86008382', 'Scuola Smart Board', 262, 59, 2, NULL, 2, 'SC86008382', NULL, NULL, NULL, NULL, 'Import warnings: asset tag was generated because none was provided.', 0, '2026-04-22 07:26:31', '2026-04-22 07:26:31'),
(732, 'IMP-QOFCKSFF1QTN', 'Acer Veriton VZ4880G PC 01', 253, 21, 2, NULL, 3, 'DQVUYSP00N2100385B3000', NULL, NULL, NULL, NULL, 'Import warnings: asset tag was generated because none was provided.', 0, '2026-04-22 07:26:31', '2026-04-22 07:26:31'),
(733, 'IMP-4YVJQWUYGEKR', 'Acer Veriton VZ4880G PC 02', 253, 21, 2, NULL, 3, 'DQVUYSP00N21002D793000', NULL, NULL, NULL, NULL, 'Import warnings: asset tag was generated because none was provided.', 0, '2026-04-22 07:26:31', '2026-04-22 07:26:31'),
(734, 'IMP-9WYZFS4HKHXO', 'Acer Veriton VZ4880G PC 03', 253, 21, 2, NULL, 3, 'DQVUYSP00N210038463000', NULL, NULL, NULL, NULL, 'Import warnings: asset tag was generated because none was provided.', 0, '2026-04-22 07:26:31', '2026-04-22 07:26:31'),
(735, 'IMP-OZSJGGVDM0ZO', 'Acer Veriton VZ4880G PC 04', 253, 21, 2, NULL, 3, 'DQVUYSP00N210038673000', NULL, NULL, NULL, NULL, 'Import warnings: asset tag was generated because none was provided.', 0, '2026-04-22 07:26:31', '2026-04-22 07:26:31'),
(736, 'IMP-HVWSHQZ0WPSX', 'Acer Veriton VZ4880G PC 05', 253, 21, 2, NULL, 3, 'DQVUYSP00N210038623000', NULL, NULL, NULL, NULL, 'Import warnings: asset tag was generated because none was provided.', 0, '2026-04-22 07:26:31', '2026-04-22 07:26:31'),
(737, 'IMP-8CYHRKTZMNLU', 'Acer Veriton VZ4880G PC 06', 253, 21, 2, NULL, 3, 'DQVUYSP00N210038713000', NULL, NULL, NULL, NULL, 'Import warnings: asset tag was generated because none was provided.', 0, '2026-04-22 07:26:31', '2026-04-22 07:26:31'),
(738, 'IMP-E0742YQYE5PL', 'Acer Veriton VZ4880G PC 07', 253, 21, 2, NULL, 3, 'DQVUYSP00N20102DA13000', NULL, NULL, NULL, NULL, 'Import warnings: asset tag was generated because none was provided.', 0, '2026-04-22 07:26:31', '2026-04-22 07:26:31'),
(739, 'IMP-DLZSXCDRMZZE', 'Acer Veriton VZ4880G PC 08', 253, 21, 2, NULL, 3, 'DQVUYSP00N210038 7D3000', NULL, NULL, NULL, NULL, 'Import warnings: asset tag was generated because none was provided.', 0, '2026-04-22 07:26:31', '2026-04-22 07:26:31'),
(740, 'IMP-ZNPLFMNHLNZF', 'Acer Veriton VZ4880G PC 09', 253, 21, 2, NULL, 3, 'DQVUYSP00N210038453000', NULL, NULL, NULL, NULL, 'Import warnings: asset tag was generated because none was provided.', 0, '2026-04-22 07:26:31', '2026-04-22 07:26:31'),
(741, 'IMP-HXAZAWWGKP7M', 'Acer Veriton VZ4880G PC 10', 253, 21, 2, NULL, 3, 'DQVUYSP00N210038653000', NULL, NULL, NULL, NULL, 'Import warnings: asset tag was generated because none was provided.', 0, '2026-04-22 07:26:31', '2026-04-22 07:26:31'),
(742, 'IMP-9EBPDU5T0DHF', 'Acer Veriton VZ4880G PC 11', 253, 21, 2, NULL, 3, 'DQVUYSP00N210038743000', NULL, NULL, NULL, NULL, 'Import warnings: asset tag was generated because none was provided.', 0, '2026-04-22 07:26:31', '2026-04-22 07:26:31'),
(743, 'IMP-TBQYOZG7KXOP', 'Acer Veriton VZ4880G PC 12', 253, 21, 2, NULL, 3, 'DQVUYSP00N20102DA63000', NULL, NULL, NULL, NULL, 'Import warnings: asset tag was generated because none was provided.', 0, '2026-04-22 07:26:31', '2026-04-22 07:26:31'),
(744, 'IMP-SK5ZCYPVJPQ1', 'Acer Veriton VZ4880G PC 13', 253, 21, 2, NULL, 3, 'DQVUYSP00N210038 6F3000', NULL, NULL, NULL, NULL, 'Import warnings: asset tag was generated because none was provided.', 0, '2026-04-22 07:26:31', '2026-04-22 07:26:31'),
(745, 'IMP-ENXXEWVL6CZB', 'Acer Veriton VZ4880G PC 14', 253, 21, 2, NULL, 3, 'DQVUYSP00N210038663000', NULL, NULL, NULL, NULL, 'Import warnings: asset tag was generated because none was provided.', 0, '2026-04-22 07:26:31', '2026-04-22 07:26:31'),
(746, 'IMP-LN10JG0NOIDY', 'Acer Veriton VZ4880G PC 15', 253, 21, 2, NULL, 3, 'DQVUYSP00N210038603000', NULL, NULL, NULL, NULL, 'Import warnings: asset tag was generated because none was provided.', 0, '2026-04-22 07:26:31', '2026-04-22 07:26:31'),
(747, 'IMP-DRNU5XH3VWWA', 'Acer Veriton VZ4880G PC 16', 253, 21, 2, NULL, 3, 'DQVUYSP00N210038 5D3000', NULL, NULL, NULL, NULL, 'Import warnings: asset tag was generated because none was provided.', 0, '2026-04-22 07:26:31', '2026-04-22 07:26:31'),
(748, 'IMP-QH4QQOGVE991', 'Acer Veriton VZ4880G PC 17', 253, 21, 2, NULL, 3, 'DQVUYSP00N210038643000', NULL, NULL, NULL, NULL, 'Import warnings: asset tag was generated because none was provided.', 0, '2026-04-22 07:26:31', '2026-04-22 07:26:31'),
(749, 'IMP-MWR8WIKS4ZNO', 'Acer Veriton VZ4880G PC 18', 253, 21, 2, NULL, 3, 'DQVUYSP00N20102D913000', NULL, NULL, NULL, NULL, 'Import warnings: asset tag was generated because none was provided.', 0, '2026-04-22 07:26:31', '2026-04-22 07:26:31'),
(750, 'IMP-PLIAEO4KEXNJ', 'Acer Veriton VZ4880G PC 19', 253, 21, 2, NULL, 3, 'DQVUYSP00N210038 6A3000', NULL, NULL, NULL, NULL, 'Import warnings: asset tag was generated because none was provided.', 0, '2026-04-22 07:26:31', '2026-04-22 07:26:31'),
(751, 'IMP-DA7EWLOZVNFI', 'Acer Veriton VZ4880G PC 20', 253, 21, 2, NULL, 3, 'DQVUYSP00N210038493000', NULL, NULL, NULL, NULL, 'Import warnings: asset tag was generated because none was provided.', 0, '2026-04-22 07:26:31', '2026-04-22 07:26:31'),
(752, 'IMP-CQXCV2HCRHK7', 'Acer Veriton VZ4880G PC 21', 253, 21, 2, NULL, 3, 'DQVUYSP00N210038 5A3000', NULL, NULL, NULL, NULL, 'Import warnings: asset tag was generated because none was provided.', 0, '2026-04-22 07:26:31', '2026-04-22 07:26:31'),
(753, 'IMP-KWHSRDXMP6RT', 'Acer Veriton VZ4880G PC 22', 253, 21, 2, NULL, 3, 'DQVUYSP00N210038733000', NULL, NULL, NULL, NULL, 'Import warnings: asset tag was generated because none was provided.', 0, '2026-04-22 07:26:31', '2026-04-22 07:26:31'),
(754, 'IMP-EVPWN5STDYV1', 'Acer Veriton VZ4880G PC 23', 253, 21, 2, NULL, 3, 'DQVUYSP00N210038 4E3000', NULL, NULL, NULL, NULL, 'Import warnings: asset tag was generated because none was provided.', 0, '2026-04-22 07:26:31', '2026-04-22 07:26:31'),
(755, 'IMP-BWEHCVT2HQUZ', 'Acer Veriton VZ4880G PC 24', 253, 21, 2, NULL, 3, 'DQVUYSP00N210038 7A3000', NULL, NULL, NULL, NULL, 'Import warnings: asset tag was generated because none was provided.', 0, '2026-04-22 07:26:31', '2026-04-22 07:26:31'),
(756, 'IMP-NQ5DJ1E6RZI7', 'Acer Veriton VZ4880G PC 25', 253, 21, 2, NULL, 3, 'DQVUYSP00N210038633000', NULL, NULL, NULL, NULL, 'Import warnings: asset tag was generated because none was provided.', 0, '2026-04-22 07:26:31', '2026-04-22 07:26:31'),
(757, 'IMP-V440VA697254', 'ASUS V440VA PC 26', 254, 21, 2, NULL, 3, 'V440VA697254', NULL, NULL, NULL, NULL, 'Import warnings: asset tag was generated because none was provided.', 0, '2026-04-22 07:26:31', '2026-04-22 07:26:31'),
(758, 'IMP-V440VA665255', 'ASUS V440VA PC 27', 254, 21, 2, NULL, 3, 'V440VA665255', NULL, NULL, NULL, NULL, 'Import warnings: asset tag was generated because none was provided.', 0, '2026-04-22 07:26:31', '2026-04-22 07:26:31'),
(759, 'IMP-V440VA70225D', 'ASUS V440VA PC 28', 254, 21, 2, NULL, 3, 'V440VA70225D', NULL, NULL, NULL, NULL, 'Import warnings: asset tag was generated because none was provided.', 0, '2026-04-22 07:26:31', '2026-04-22 07:26:31'),
(760, 'IMP-V440VA652259', 'ASUS V440VA PC 29', 254, 21, 2, NULL, 3, 'V440VA652259', NULL, NULL, NULL, NULL, 'Import warnings: asset tag was generated because none was provided.', 0, '2026-04-22 07:26:31', '2026-04-22 07:26:31'),
(761, 'IMP-V440VA659257', 'ASUS V440VA PC 30', 254, 21, 2, NULL, 3, 'V440VA659257', NULL, NULL, NULL, NULL, 'Import warnings: asset tag was generated because none was provided.', 0, '2026-04-22 07:26:31', '2026-04-22 07:26:31'),
(762, 'IMP-V440VA27829A', 'ASUS V440VA PC 31', 254, 21, 2, NULL, 3, 'V440VA27829A', NULL, NULL, NULL, NULL, 'Import warnings: asset tag was generated because none was provided.', 0, '2026-04-22 07:26:31', '2026-04-22 07:26:31'),
(763, 'IMP-HKLZ0BEBI4JC', 'Epson Projector EB-S18', 256, 30, 2, NULL, 3, NULL, NULL, NULL, NULL, NULL, 'Import warnings: asset tag was generated because none was provided.', 0, '2026-04-22 07:26:31', '2026-04-22 07:26:31'),
(764, 'IMP-VCN3921804', 'HP LaserJet P1102', 263, 45, 2, NULL, 3, 'VCN3921804', NULL, NULL, NULL, NULL, 'Import warnings: asset tag was generated because none was provided.', 0, '2026-04-22 07:26:31', '2026-04-22 07:26:31'),
(765, 'IMP-E2X0KXDAWX5Q', 'Epson ELPAP07 Wireless LAN', 257, 58, 2, NULL, 3, NULL, NULL, NULL, NULL, NULL, 'Import warnings: asset tag was generated because none was provided.', 0, '2026-04-22 07:26:31', '2026-04-22 07:26:31'),
(766, 'IMP-0485336', 'Carrier Air Conditioner Indoor', 264, 10, 2, NULL, 3, '0485336', NULL, NULL, NULL, NULL, 'Import warnings: asset tag was generated because none was provided.', 0, '2026-04-22 07:26:31', '2026-04-22 07:26:31'),
(767, 'IMP-0485305', 'Carrier Air Conditioner Indoor', 264, 10, 2, NULL, 3, '0485305', NULL, NULL, NULL, NULL, 'Import warnings: asset tag was generated because none was provided.', 0, '2026-04-22 07:26:31', '2026-04-22 07:26:31'),
(768, 'IMP-PW3SRXF4PRAE', 'Alto Professional Speaker', 258, 24, 2, NULL, 3, 'UT1804112412447', NULL, NULL, NULL, NULL, 'Import warnings: asset tag was generated because none was provided.', 0, '2026-04-22 07:26:31', '2026-04-22 07:26:31'),
(769, 'IMP-EF24029658', '3D Stand Fan', 259, 53, 2, NULL, 3, 'EF-24029658', NULL, NULL, NULL, NULL, 'Import warnings: asset tag was generated because none was provided.', 0, '2026-04-22 07:26:31', '2026-04-22 07:26:31'),
(770, 'IMP-SC86008378', 'Scuola Smart Board', 262, 59, 2, NULL, 3, 'SC86008378', NULL, NULL, NULL, NULL, 'Import warnings: asset tag was generated because none was provided.', 0, '2026-04-22 07:26:31', '2026-04-22 07:26:31'),
(771, 'IMP-0TCBQBIBRX8J', 'Acer Veriton VZ4880G PC 01', 253, 21, 2, NULL, 4, 'DQVUYSP00N210038523000', NULL, NULL, NULL, NULL, 'Import warnings: asset tag was generated because none was provided.', 0, '2026-04-22 07:26:31', '2026-04-22 07:26:31'),
(772, 'IMP-1CUXO6C9DP42', 'Acer Veriton VZ4880G PC 02', 253, 21, 2, NULL, 4, 'DQVUYSP00N210038753000', NULL, NULL, NULL, NULL, 'Import warnings: asset tag was generated because none was provided.', 0, '2026-04-22 07:26:31', '2026-04-22 07:26:31'),
(773, 'IMP-ZQBIVJMA2WUI', 'Acer Veriton VZ4880G PC 03', 253, 21, 2, NULL, 4, 'DQVUYSP00N2100387B3000', NULL, NULL, NULL, NULL, 'Import warnings: asset tag was generated because none was provided.', 0, '2026-04-22 07:26:31', '2026-04-22 07:26:31'),
(774, 'IMP-3GQTMDICMNSF', 'Acer Veriton VZ4880G PC 04', 253, 21, 2, NULL, 4, 'DQVUYSP00N20102D903000', NULL, NULL, NULL, NULL, 'Import warnings: asset tag was generated because none was provided.', 0, '2026-04-22 07:26:31', '2026-04-22 07:26:31'),
(775, 'IMP-VAFIXZPPRFBK', 'Acer Veriton VZ4880G PC 05', 253, 21, 2, NULL, 4, 'DQVUYSP00N210038723000', NULL, NULL, NULL, NULL, 'Import warnings: asset tag was generated because none was provided.', 0, '2026-04-22 07:26:31', '2026-04-22 07:26:31'),
(776, 'IMP-OAZBWWBODZTY', 'Acer Veriton VZ4880G PC 06', 253, 21, 2, NULL, 4, 'DQVUYSP00N20102D863000', NULL, NULL, NULL, NULL, 'Import warnings: asset tag was generated because none was provided.', 0, '2026-04-22 07:26:31', '2026-04-22 07:26:31'),
(777, 'IMP-OEXLUS9PF6I2', 'Acer Veriton VZ4880G PC 07', 253, 21, 2, NULL, 4, 'DQVUYSP00N20102DA73000', NULL, NULL, NULL, NULL, 'Import warnings: asset tag was generated because none was provided.', 0, '2026-04-22 07:26:31', '2026-04-22 07:26:31'),
(778, 'IMP-SXSTJGQYZLFO', 'Acer Veriton VZ4880G PC 08', 253, 21, 2, NULL, 4, 'DQVUYSP00N2100385C3000', NULL, NULL, NULL, NULL, 'Import warnings: asset tag was generated because none was provided.', 0, '2026-04-22 07:26:31', '2026-04-22 07:26:31'),
(779, 'IMP-QZY0EOTEEIMH', 'Acer Veriton VZ4880G PC 09', 253, 21, 2, NULL, 4, 'DQVUYSP00N20102D7E3000', NULL, NULL, NULL, NULL, 'Import warnings: asset tag was generated because none was provided.', 0, '2026-04-22 07:26:31', '2026-04-22 07:26:31'),
(780, 'IMP-CYDD2NWWIXOG', 'Acer Veriton VZ4880G PC 10', 253, 21, 2, NULL, 4, 'DQVUYSP00N210038593000', NULL, NULL, NULL, NULL, 'Import warnings: asset tag was generated because none was provided.', 0, '2026-04-22 07:26:31', '2026-04-22 07:26:31'),
(781, 'IMP-HGRWJILLRGMN', 'Acer Veriton VZ4880G PC 11', 253, 21, 2, NULL, 4, 'DQVUYSP00N20102D8E3000', NULL, NULL, NULL, NULL, 'Import warnings: asset tag was generated because none was provided.', 0, '2026-04-22 07:26:31', '2026-04-22 07:26:31'),
(782, 'IMP-I1LTQMZR4V87', 'Acer Veriton VZ4880G PC 12', 253, 21, 2, NULL, 4, 'DQVUYSP00N20102D7D3000', NULL, NULL, NULL, NULL, 'Import warnings: asset tag was generated because none was provided.', 0, '2026-04-22 07:26:31', '2026-04-22 07:26:31'),
(783, 'IMP-MWRUXELGR20V', 'Acer Veriton VZ4880G PC 13', 253, 21, 2, NULL, 4, 'DQVUYSP00N20102D9E3000', NULL, NULL, NULL, NULL, 'Import warnings: asset tag was generated because none was provided.', 0, '2026-04-22 07:26:31', '2026-04-22 07:26:31'),
(784, 'IMP-XFOURJRTCMXF', 'Acer Veriton VZ4880G PC 14', 253, 21, 2, NULL, 4, 'DQVUYSP00N20102D823000', NULL, NULL, NULL, NULL, 'Import warnings: asset tag was generated because none was provided.', 0, '2026-04-22 07:26:31', '2026-04-22 07:26:31'),
(785, 'IMP-GVGSFCFERWO8', 'Acer Veriton VZ4880G PC 15', 253, 21, 2, NULL, 4, 'DQVUYSP00N210038563000', NULL, NULL, NULL, NULL, 'Import warnings: asset tag was generated because none was provided.', 0, '2026-04-22 07:26:31', '2026-04-22 07:26:31'),
(786, 'IMP-VB1IRCIUCMLX', 'Acer Veriton VZ4880G PC 16', 253, 21, 2, NULL, 4, 'DQVUYSP00N210038703000', NULL, NULL, NULL, NULL, 'Import warnings: asset tag was generated because none was provided.', 0, '2026-04-22 07:26:31', '2026-04-22 07:26:31'),
(787, 'IMP-5HY6MPHT1MTW', 'Acer Veriton VZ4880G PC 17', 253, 21, 2, NULL, 4, 'DQVUYSP00N20102DAA3000', NULL, NULL, NULL, NULL, 'Import warnings: asset tag was generated because none was provided.', 0, '2026-04-22 07:26:31', '2026-04-22 07:26:31'),
(788, 'IMP-0RCHC98Q5LXY', 'Acer Veriton VZ4880G PC 18', 253, 21, 2, NULL, 4, 'DQVUYSP00N20102D983000', NULL, NULL, NULL, NULL, 'Import warnings: asset tag was generated because none was provided.', 0, '2026-04-22 07:26:31', '2026-04-22 07:26:31'),
(789, 'IMP-DNQXCYHKQNLO', 'Acer Veriton VZ4880G PC 19', 253, 21, 2, NULL, 4, 'DQVUYSP00N20102DAE3000', NULL, NULL, NULL, NULL, 'Import warnings: asset tag was generated because none was provided.', 0, '2026-04-22 07:26:31', '2026-04-22 07:26:31'),
(790, 'IMP-G1FIYABQVMY9', 'Acer Veriton VZ4880G PC 20', 253, 21, 2, NULL, 4, 'DQVUYSP00N2100385F3000', NULL, NULL, NULL, NULL, 'Import warnings: asset tag was generated because none was provided.', 0, '2026-04-22 07:26:31', '2026-04-22 07:26:31'),
(791, 'IMP-9ZAHNCFJCCFC', 'Acer Veriton VZ4880G PC 21', 253, 21, 2, NULL, 4, 'DQVUYSP00N20102D7F3000', NULL, NULL, NULL, NULL, 'Import warnings: asset tag was generated because none was provided.', 0, '2026-04-22 07:26:31', '2026-04-22 07:26:31'),
(792, 'IMP-FYC46UMTH4WJ', 'Acer Veriton VZ4880G PC 22', 253, 21, 2, NULL, 4, 'DQVUYSP00N201028883000', NULL, NULL, NULL, NULL, 'Import warnings: asset tag was generated because none was provided.', 0, '2026-04-22 07:26:31', '2026-04-22 07:26:31'),
(793, 'IMP-57AARWMWDNPM', 'Acer Veriton VZ4880G PC 23', 253, 21, 2, NULL, 4, 'DQVUYSP00N20102D923000', NULL, NULL, NULL, NULL, 'Import warnings: asset tag was generated because none was provided.', 0, '2026-04-22 07:26:31', '2026-04-22 07:26:31'),
(794, 'IMP-3MENZ4GOXDHK', 'Acer Veriton VZ4880G PC 24', 253, 21, 2, NULL, 4, 'DQVUYSP00N20102DA53000', NULL, NULL, NULL, NULL, 'Import warnings: asset tag was generated because none was provided.', 0, '2026-04-22 07:26:31', '2026-04-22 07:26:31'),
(795, 'IMP-LCAHJHGAKAEX', 'Acer Veriton VZ4880G PC 25', 253, 21, 2, NULL, 4, 'DQVUYSP00N20102D813000', NULL, NULL, NULL, NULL, 'Import warnings: asset tag was generated because none was provided.', 0, '2026-04-22 07:26:31', '2026-04-22 07:26:31'),
(796, 'IMP-V440VA288297', 'ASUS V440VA PC 26', 254, 21, 2, NULL, 4, 'V440VA288297', NULL, NULL, NULL, NULL, 'Import warnings: asset tag was generated because none was provided.', 0, '2026-04-22 07:26:31', '2026-04-22 07:26:31'),
(797, 'IMP-WDWK7202881', 'Epson Projector EB-S31', 261, 30, 2, NULL, 4, 'WDWK7202881', NULL, NULL, NULL, NULL, 'Import warnings: asset tag was generated because none was provided.', 0, '2026-04-22 07:26:31', '2026-04-22 07:26:31'),
(798, 'IMP-FS4OKS6B02DG', 'Epson ELPAP07 Wireless LAN', 257, 58, 2, NULL, 4, NULL, NULL, NULL, NULL, NULL, 'Import warnings: asset tag was generated because none was provided.', 0, '2026-04-22 07:26:31', '2026-04-22 07:26:31'),
(799, 'IMP-D20019215011', 'Everest Air Conditioner Indoor', 265, 10, 2, NULL, 4, 'D200192150115704160055', NULL, NULL, NULL, NULL, 'Import warnings: asset tag was generated because none was provided.', 0, '2026-04-22 07:26:31', '2026-04-22 07:26:31'),
(800, 'IMP-4F9DX5JHB271', 'Everest Air Conditioner Indoor', 265, 10, 2, NULL, 4, 'D200192150115704160011', NULL, NULL, NULL, NULL, 'Import warnings: asset tag was generated because none was provided.', 0, '2026-04-22 07:26:31', '2026-04-22 07:26:31'),
(801, 'IMP-1031900187AF', 'Emerson Network Power UPS', 104, 9, 2, NULL, 4, '1031900187AF413', NULL, NULL, NULL, NULL, 'Import warnings: asset tag was generated because none was provided.', 0, '2026-04-22 07:26:33', '2026-04-22 07:26:33'),
(802, 'IMP-LXFAXZPKXETB', 'Alto Professional Speaker', 258, 24, 2, NULL, 4, 'UT1804112412434', NULL, NULL, NULL, NULL, 'Import warnings: asset tag was generated because none was provided.', 0, '2026-04-22 07:26:33', '2026-04-22 07:26:33'),
(803, 'IMP-EF24030220', '3D Stand Fan', 259, 53, 2, NULL, 4, 'EF-24030220', NULL, NULL, NULL, NULL, 'Import warnings: asset tag was generated because none was provided.', 0, '2026-04-22 07:26:33', '2026-04-22 07:26:33'),
(804, 'IMP-SC86000509', 'Scuola Smart Board', 262, 59, 2, NULL, 4, 'SC86000509', NULL, NULL, NULL, NULL, 'Import warnings: asset tag was generated because none was provided.', 0, '2026-04-22 07:26:33', '2026-04-22 07:26:33'),
(805, 'IMP-DQVUWSP1B211', 'Acer Veriton VZ4680G PC 01', 266, 21, 2, NULL, 5, 'DQVUWSP1B2110168E3000', NULL, NULL, NULL, NULL, 'Import warnings: asset tag was generated because none was provided.', 0, '2026-04-22 07:26:33', '2026-04-22 07:26:33'),
(806, 'IMP-TAZMQDKFMUM7', 'Acer Veriton VZ4680G PC 02', 266, 21, 2, NULL, 5, 'DQVUWSP1B211016943000', NULL, NULL, NULL, NULL, 'Import warnings: asset tag was generated because none was provided.', 0, '2026-04-22 07:26:33', '2026-04-22 07:26:33'),
(807, 'IMP-ITS7JEOTPBSY', 'Acer Veriton VZ4680G PC 03', 266, 21, 2, NULL, 5, 'DQVUWSP1B2110168F3000', NULL, NULL, NULL, NULL, 'Import warnings: asset tag was generated because none was provided.', 0, '2026-04-22 07:26:33', '2026-04-22 07:26:33'),
(808, 'IMP-MXOPEZVZX5HT', 'Acer Veriton VZ4680G PC 04', 266, 21, 2, NULL, 5, 'DQVUWSP1B211016A13000', NULL, NULL, NULL, NULL, 'Import warnings: asset tag was generated because none was provided.', 0, '2026-04-22 07:26:33', '2026-04-22 07:26:33'),
(809, 'IMP-49NV03F6OA1L', 'Acer Veriton VZ4680G PC 05', 266, 21, 2, NULL, 5, 'DQVUWSP1B211016873000', NULL, NULL, NULL, NULL, 'Import warnings: asset tag was generated because none was provided.', 0, '2026-04-22 07:26:33', '2026-04-22 07:26:33'),
(810, 'IMP-UHO4ZROOCS79', 'Acer Veriton VZ4680G PC 06', 266, 21, 2, NULL, 5, 'DQVUWSP1B211016773000', NULL, NULL, NULL, NULL, 'Import warnings: asset tag was generated because none was provided.', 0, '2026-04-22 07:26:33', '2026-04-22 07:26:33'),
(811, 'IMP-T28QBOSJMXCU', 'Acer Veriton VZ4680G PC 07', 266, 21, 2, NULL, 5, 'DQVUWSP1B211016723000', NULL, NULL, NULL, NULL, 'Import warnings: asset tag was generated because none was provided.', 0, '2026-04-22 07:26:33', '2026-04-22 07:26:33'),
(812, 'IMP-AS2A5KLZAZ1B', 'Acer Veriton VZ4680G PC 08', 266, 21, 2, NULL, 5, 'DQVUWSP1B211016913000', NULL, NULL, NULL, NULL, 'Import warnings: asset tag was generated because none was provided.', 0, '2026-04-22 07:26:33', '2026-04-22 07:26:33'),
(813, 'IMP-THWPUZGPFKPC', 'Acer Veriton VZ4680G PC 09', 266, 21, 2, NULL, 5, 'DQVUWSP1B211016853000', NULL, NULL, NULL, NULL, 'Import warnings: asset tag was generated because none was provided.', 0, '2026-04-22 07:26:33', '2026-04-22 07:26:33'),
(814, 'IMP-YBQS5MKRULQP', 'Acer Veriton VZ4680G PC 10', 266, 21, 2, NULL, 5, 'DQVUWSP1B211016743000', NULL, NULL, NULL, NULL, 'Import warnings: asset tag was generated because none was provided.', 0, '2026-04-22 07:26:33', '2026-04-22 07:26:33'),
(815, 'IMP-I5QRL7PSBDKE', 'Acer Veriton VZ4680G PC 11', 266, 21, 2, NULL, 5, 'DQVUWSP1B2110169E3000', NULL, NULL, NULL, NULL, 'Import warnings: asset tag was generated because none was provided.', 0, '2026-04-22 07:26:33', '2026-04-22 07:26:33'),
(816, 'IMP-NWFUS3EADHFO', 'Acer Veriton VZ4680G PC 12', 266, 21, 2, NULL, 5, 'DQVUWSP1B2110167B3000', NULL, NULL, NULL, NULL, 'Import warnings: asset tag was generated because none was provided.', 0, '2026-04-22 07:26:33', '2026-04-22 07:26:33'),
(817, 'IMP-MM9WGR6XXL8Q', 'Acer Veriton VZ4680G PC 13', 266, 21, 2, NULL, 5, 'DQVUWSP1B211016933000', NULL, NULL, NULL, NULL, 'Import warnings: asset tag was generated because none was provided.', 0, '2026-04-22 07:26:33', '2026-04-22 07:26:33'),
(818, 'IMP-UAGR8WVT7UPO', 'Acer Veriton VZ4680G PC 14', 266, 21, 2, NULL, 5, 'DQVUWSP1B211016793000', NULL, NULL, NULL, NULL, 'Import warnings: asset tag was generated because none was provided.', 0, '2026-04-22 07:26:33', '2026-04-22 07:26:33'),
(819, 'IMP-KSFTKTCSVAVP', 'Acer Veriton VZ4680G PC 15', 266, 21, 2, NULL, 5, 'DQVUWSP1B211016953000', NULL, NULL, NULL, NULL, 'Import warnings: asset tag was generated because none was provided.', 0, '2026-04-22 07:26:33', '2026-04-22 07:26:33'),
(820, 'IMP-E64DJGXSPHO6', 'Acer Veriton VZ4680G PC 16', 266, 21, 2, NULL, 5, 'DQVUWSP1B2110167A3000', NULL, NULL, NULL, NULL, 'Import warnings: asset tag was generated because none was provided.', 0, '2026-04-22 07:26:33', '2026-04-22 07:26:33'),
(821, 'IMP-HKHNQCVMMFQE', 'Acer Veriton VZ4680G PC 17', 266, 21, 2, NULL, 5, 'DQVUWSP1B211016AO3000', NULL, NULL, NULL, NULL, 'Import warnings: asset tag was generated because none was provided.', 0, '2026-04-22 07:26:33', '2026-04-22 07:26:33'),
(822, 'IMP-DOVOTECNK5CT', 'Acer Veriton VZ4680G PC 18', 266, 21, 2, NULL, 5, 'DQVUWSP1B211016863000', NULL, NULL, NULL, NULL, 'Import warnings: asset tag was generated because none was provided.', 0, '2026-04-22 07:26:33', '2026-04-22 07:26:33'),
(823, 'IMP-VYNXCATQUBWU', 'Acer Veriton VZ4680G PC 19', 266, 21, 2, NULL, 5, 'DQVUWSP1B2110169D3000', NULL, NULL, NULL, NULL, 'Import warnings: asset tag was generated because none was provided.', 0, '2026-04-22 07:26:33', '2026-04-22 07:26:33'),
(824, 'IMP-PAJLWEHQWHMH', 'Acer Veriton VZ4680G PC 20', 266, 21, 2, NULL, 5, 'DQVUWSP1B211016783000', NULL, NULL, NULL, NULL, 'Import warnings: asset tag was generated because none was provided.', 0, '2026-04-22 07:26:33', '2026-04-22 07:26:33'),
(825, 'IMP-NNRHA5OM3IOL', 'Acer Veriton VZ4680G PC 21', 266, 21, 2, NULL, 5, 'DQVUWSP1B211016983000', NULL, NULL, NULL, NULL, 'Import warnings: asset tag was generated because none was provided.', 0, '2026-04-22 07:26:33', '2026-04-22 07:26:33'),
(826, 'IMP-MACHZETJTT7W', 'Acer Veriton VZ4680G PC 22', 266, 21, 2, NULL, 5, 'DQVUWSP1B211016893000', NULL, NULL, NULL, NULL, 'Import warnings: asset tag was generated because none was provided.', 0, '2026-04-22 07:26:33', '2026-04-22 07:26:33'),
(827, 'IMP-DRCRI6VSLK9O', 'Acer Veriton VZ4680G PC 23', 266, 21, 2, NULL, 5, 'DQVUWSP1B211016923000', NULL, NULL, NULL, NULL, 'Import warnings: asset tag was generated because none was provided.', 0, '2026-04-22 07:26:33', '2026-04-22 07:26:33'),
(828, 'IMP-RFSSRTFOMTR2', 'Acer Veriton VZ4680G PC 24', 266, 21, 2, NULL, 5, 'DQVUWSP1B2110168A3000', NULL, NULL, NULL, NULL, 'Import warnings: asset tag was generated because none was provided.', 0, '2026-04-22 07:26:33', '2026-04-22 07:26:33'),
(829, 'IMP-V440VA259298', 'ASUS V440VA PC 26', 254, 21, 2, NULL, 5, 'V440VA259298', NULL, NULL, NULL, NULL, 'Import warnings: asset tag was generated because none was provided.', 0, '2026-04-22 07:26:33', '2026-04-22 07:26:33'),
(830, 'IMP-WDWK5500939', 'Epson Projector EB-S31', 261, 30, 2, NULL, 5, 'WDWK5500939', NULL, NULL, NULL, NULL, 'Import warnings: asset tag was generated because none was provided.', 0, '2026-04-22 07:26:33', '2026-04-22 07:26:33'),
(831, 'IMP-VNC6W25680', 'HP LaserJet P1102', 263, 45, 2, NULL, 5, 'VNC6W25680', NULL, NULL, NULL, NULL, 'Import warnings: asset tag was generated because none was provided.', 0, '2026-04-22 07:26:33', '2026-04-22 07:26:33'),
(832, 'IMP-CXL2EZGDQFME', 'Epson ELPAP07 Wireless LAN', 257, 58, 2, NULL, 5, NULL, NULL, NULL, NULL, NULL, 'Import warnings: asset tag was generated because none was provided.', 0, '2026-04-22 07:26:33', '2026-04-22 07:26:33'),
(833, 'IMP-WWZFZOEUWL2R', 'Everest Air Conditioner Indoor', 265, 10, 2, NULL, 5, 'D200192150115704160024', NULL, NULL, NULL, NULL, 'Import warnings: asset tag was generated because none was provided.', 0, '2026-04-22 07:26:33', '2026-04-22 07:26:33'),
(834, 'IMP-NCABVWGQDKLF', 'Alto Professional Speaker', 258, 24, 2, NULL, 5, 'UT1804112412549', NULL, NULL, NULL, NULL, 'Import warnings: asset tag was generated because none was provided.', 0, '2026-04-22 07:26:33', '2026-04-22 07:26:33'),
(835, 'IMP-EF24030138', '3D Stand Fan', 259, 53, 2, NULL, 5, 'EF-24030138', NULL, NULL, NULL, NULL, 'Import warnings: asset tag was generated because none was provided.', 0, '2026-04-22 07:26:33', '2026-04-22 07:26:33'),
(836, 'IMP-SC86008370', 'Scuola Smart Board', 262, 59, 2, NULL, 5, 'SC86008370', NULL, NULL, NULL, NULL, 'Import warnings: asset tag was generated because none was provided.', 0, '2026-04-22 07:26:33', '2026-04-22 07:26:33'),
(837, 'IMP-2IT5EXDPXOMT', 'Acer Veriton VZ4680G PC 01', 266, 21, 2, NULL, 6, 'DQVUWSP1B211016833000', NULL, NULL, NULL, NULL, 'Import warnings: asset tag was generated because none was provided.', 0, '2026-04-22 07:26:33', '2026-04-22 07:26:33'),
(838, 'IMP-WTEX9SCDPKAG', 'Acer Veriton VZ4680G PC 03', 266, 21, 2, NULL, 6, 'DQVUWSP1B211016813000', NULL, NULL, NULL, NULL, 'Import warnings: asset tag was generated because none was provided.', 0, '2026-04-22 07:26:33', '2026-04-22 07:26:33'),
(839, 'IMP-ZGKDPEQAGBVH', 'Acer Veriton VZ4680G PC 04', 266, 21, 2, NULL, 6, 'DQVUWSP1B211016973000', NULL, NULL, NULL, NULL, 'Import warnings: asset tag was generated because none was provided.', 0, '2026-04-22 07:26:33', '2026-04-22 07:26:33'),
(840, 'IMP-IKUGB44OXUX5', 'Acer Veriton VZ4680G PC 06', 266, 21, 2, NULL, 6, 'DQVUWSP1B211016A23000', NULL, NULL, NULL, NULL, 'Import warnings: asset tag was generated because none was provided.', 0, '2026-04-22 07:26:33', '2026-04-22 07:26:33'),
(841, 'IMP-VNSTFLSFMQ2S', 'Acer Veriton VZ4680G PC 07', 266, 21, 2, NULL, 6, 'DQVUWSP1B211016963000', NULL, NULL, NULL, NULL, 'Import warnings: asset tag was generated because none was provided.', 0, '2026-04-22 07:26:33', '2026-04-22 07:26:33'),
(842, 'IMP-4MBQF8GWD0KQ', 'Acer Veriton VZ4680G PC 08', 266, 21, 2, NULL, 6, 'DQVUWSP1B2110167C3000', NULL, NULL, NULL, NULL, 'Import warnings: asset tag was generated because none was provided.', 0, '2026-04-22 07:26:33', '2026-04-22 07:26:33'),
(843, 'IMP-09OWSVVENWMG', 'Acer Veriton VZ4680G PC 09', 266, 21, 2, NULL, 6, 'DQVUWSP1B211016763000', NULL, NULL, NULL, NULL, 'Import warnings: asset tag was generated because none was provided.', 0, '2026-04-22 07:26:33', '2026-04-22 07:26:33'),
(844, 'IMP-W4CGOYFLJD1Z', 'Acer Veriton VZ4680G PC 10', 266, 21, 2, NULL, 6, 'DQVUWSP1B2110167E3000', NULL, NULL, NULL, NULL, 'Import warnings: asset tag was generated because none was provided.', 0, '2026-04-22 07:26:33', '2026-04-22 07:26:33'),
(845, 'IMP-HPHV4A4PCWQR', 'Acer Veriton VZ4680G PC 11', 266, 21, 2, NULL, 6, 'DQVUWSP1B211016733000', NULL, NULL, NULL, NULL, 'Import warnings: asset tag was generated because none was provided.', 0, '2026-04-22 07:26:33', '2026-04-22 07:26:33'),
(846, 'IMP-HQIWNZS7MVDT', 'Acer Veriton VZ4680G PC 12', 266, 21, 2, NULL, 6, 'DQVUWSP1B2110166B3000', NULL, NULL, NULL, NULL, 'Import warnings: asset tag was generated because none was provided.', 0, '2026-04-22 07:26:33', '2026-04-22 07:26:33'),
(847, 'IMP-JEFGD9ULN2AH', 'Acer Veriton VZ4680G PC 13', 266, 21, 2, NULL, 6, 'DQVUWSP1B211016843000', NULL, NULL, NULL, NULL, 'Import warnings: asset tag was generated because none was provided.', 0, '2026-04-22 07:26:33', '2026-04-22 07:26:33'),
(848, 'IMP-N7PNKOWZIE1M', 'Acer Veriton VZ4680G PC 14', 266, 21, 2, NULL, 6, 'DQVUWSP1B211016993000', NULL, NULL, NULL, NULL, 'Import warnings: asset tag was generated because none was provided.', 0, '2026-04-22 07:26:33', '2026-04-22 07:26:33'),
(849, 'IMP-ZEADPSSUYX7B', 'Acer Veriton VZ4680G PC 15', 266, 21, 2, NULL, 6, 'DQVUWSP1B2110168B3000', NULL, NULL, NULL, NULL, 'Import warnings: asset tag was generated because none was provided.', 0, '2026-04-22 07:26:33', '2026-04-22 07:26:33'),
(850, 'IMP-SWEZJ7GWUMC3', 'Acer Veriton VZ4680G PC 17', 266, 21, 2, NULL, 6, 'DQVUWSP1B2110169A3000', NULL, NULL, NULL, NULL, 'Import warnings: asset tag was generated because none was provided.', 0, '2026-04-22 07:26:33', '2026-04-22 07:26:33'),
(851, 'IMP-FHZWXDEGBSUR', 'Acer Veriton VZ4680G PC 18', 266, 21, 2, NULL, 6, 'DQVUWSP1B2110167F3000', NULL, NULL, NULL, NULL, 'Import warnings: asset tag was generated because none was provided.', 0, '2026-04-22 07:26:33', '2026-04-22 07:26:33'),
(852, 'IMP-TFPEPBWCVQ8J', 'Acer Veriton VZ4680G PC 19', 266, 21, 2, NULL, 6, 'DQVUWSP1B211016753000', NULL, NULL, NULL, NULL, 'Import warnings: asset tag was generated because none was provided.', 0, '2026-04-22 07:26:33', '2026-04-22 07:26:33'),
(853, 'IMP-24FUHKPYV9VJ', 'Acer Veriton VZ4680G PC 20', 266, 21, 2, NULL, 6, 'DQVUWSP1B211016823000', NULL, NULL, NULL, NULL, 'Import warnings: asset tag was generated because none was provided.', 0, '2026-04-22 07:26:33', '2026-04-22 07:26:33'),
(854, 'IMP-IKIMJYZGGELS', 'Acer Veriton VZ4680G PC 21', 266, 21, 2, NULL, 6, 'DQVUWSP1B211016A33000', NULL, NULL, NULL, NULL, 'Import warnings: asset tag was generated because none was provided.', 0, '2026-04-22 07:26:33', '2026-04-22 07:26:33'),
(855, 'IMP-Y3FQFNEV9Z1L', 'Acer Veriton VZ4680G PC 22', 266, 21, 2, NULL, 6, 'DQVUWSP1B2110167D3000', NULL, NULL, NULL, NULL, 'Import warnings: asset tag was generated because none was provided.', 0, '2026-04-22 07:26:33', '2026-04-22 07:26:33'),
(856, 'IMP-NXEDSBVPYEBR', 'Acer Veriton VZ4680G PC 23', 266, 21, 2, NULL, 6, 'DQVUWSP1B211016883000', NULL, NULL, NULL, NULL, 'Import warnings: asset tag was generated because none was provided.', 0, '2026-04-22 07:26:33', '2026-04-22 07:26:33'),
(857, 'IMP-HOTXPF1ZWBXX', 'Acer Veriton VZ4680G PC 25', 266, 21, 2, NULL, 6, 'DQVUWSP1B211016803000', NULL, NULL, NULL, NULL, 'Import warnings: asset tag was generated because none was provided.', 0, '2026-04-22 07:26:33', '2026-04-22 07:26:33'),
(858, 'IMP-V440VA656354', 'ASUS V440VA PC 26', 254, 21, 2, NULL, 6, 'V440VA656354', NULL, NULL, NULL, NULL, 'Import warnings: asset tag was generated because none was provided.', 0, '2026-04-22 07:26:33', '2026-04-22 07:26:33'),
(859, 'IMP-2120006080D0', 'Yealink T21PE2 VoIP Phone', 267, 18, 2, NULL, 6, '2120006080D04943', NULL, NULL, NULL, NULL, 'Import warnings: asset tag was generated because none was provided.', 0, '2026-04-22 07:26:33', '2026-04-22 07:26:33'),
(860, 'IMP-WDWK5500523', 'Epson Projector', 268, 30, 2, NULL, 6, 'WDWK5500523', NULL, NULL, NULL, NULL, 'Import warnings: asset tag was generated because none was provided.', 0, '2026-04-22 07:26:33', '2026-04-22 07:26:33'),
(861, 'IMP-IEXRMTORFA2O', 'Epson ELPAP07 Wireless LAN', 257, 58, 2, NULL, 6, NULL, NULL, NULL, NULL, NULL, 'Import warnings: asset tag was generated because none was provided.', 0, '2026-04-22 07:26:33', '2026-04-22 07:26:33'),
(862, 'IMP-9AQPOCYA3PQT', 'Everest Air Conditioner Indoor', 265, 10, 2, NULL, 6, 'D200192150115704160043', NULL, NULL, NULL, NULL, 'Import warnings: asset tag was generated because none was provided.', 0, '2026-04-22 07:26:33', '2026-04-22 07:26:33'),
(863, 'IMP-JXVL6XRFBSGO', 'Alto Professional Speaker', 258, 24, 2, NULL, 6, 'UT1804112412435', NULL, NULL, NULL, NULL, 'Import warnings: asset tag was generated because none was provided.', 0, '2026-04-22 07:26:33', '2026-04-22 07:26:33'),
(864, 'IMP-EF24029097', '3D Stand Fan', 259, 53, 2, NULL, 6, 'EF-24029097', NULL, NULL, NULL, NULL, 'Import warnings: asset tag was generated because none was provided.', 0, '2026-04-22 07:26:33', '2026-04-22 07:26:33'),
(865, 'IMP-SC86008328', 'Scuola Smart Board', 262, 59, 2, NULL, 6, 'SC86008328', NULL, NULL, NULL, NULL, 'Import warnings: asset tag was generated because none was provided.', 0, '2026-04-22 07:26:33', '2026-04-22 07:26:33');

INSERT INTO `audit_logs` (`id`, `user_id`, `action_type`, `subject_type`, `subject_id`, `old_values`, `new_values`, `description`, `ip_address`, `user_agent`, `created_at`, `updated_at`) VALUES
(1, 1, 'pm_execution_started', 'App\\Models\\PreventiveMaintenanceExecution', 1, NULL, '{\"status\": \"completed\", \"asset_name\": \"ASUS V440VA PC 30\", \"items_count\": 1, \"failed_items\": 0, \"passed_items\": 1, \"category_name\": \"Desktop Computer\", \"location_name\": \"LR 101\", \"checklist_instructions\": null}', 'Started PM execution for asset \'ASUS V440VA PC 30\' using checklist \'Desktop Computer\'', '127.0.0.1', 'Mozilla/5.0 (Windows NT 10.0; Win64; x64) AppleWebKit/537.36 (KHTML, like Gecko) Chrome/147.0.0.0 Safari/537.36', '2026-04-22 07:33:50', '2026-04-22 07:33:50');


INSERT INTO `cache` (`key`, `value`, `expiration`) VALUES
('ictinventory-cache-356a192b7913b04c54574d18c28d46e6395428ab', 'i:1;', 1776842836);
INSERT INTO `cache` (`key`, `value`, `expiration`) VALUES
('ictinventory-cache-356a192b7913b04c54574d18c28d46e6395428ab:timer', 'i:1776842836;', 1776842836);
INSERT INTO `cache` (`key`, `value`, `expiration`) VALUES
('ictinventory-cache-livewire-rate-limiter:16d36dff9abd246c67dfac3e63b993a169af77e6', 'i:1;', 1776842824);
INSERT INTO `cache` (`key`, `value`, `expiration`) VALUES
('ictinventory-cache-livewire-rate-limiter:16d36dff9abd246c67dfac3e63b993a169af77e6:timer', 'i:1776842824;', 1776842824);



INSERT INTO `categories` (`id`, `name`, `type`, `created_at`, `updated_at`) VALUES
(1, 'Asset', 'asset', '2026-04-22 07:25:49', '2026-04-22 07:25:49');
INSERT INTO `categories` (`id`, `name`, `type`, `created_at`, `updated_at`) VALUES
(2, 'License', 'license', '2026-04-22 07:25:49', '2026-04-22 07:25:49');
INSERT INTO `categories` (`id`, `name`, `type`, `created_at`, `updated_at`) VALUES
(3, 'Accessory', 'accessory', '2026-04-22 07:25:49', '2026-04-22 07:25:49');
INSERT INTO `categories` (`id`, `name`, `type`, `created_at`, `updated_at`) VALUES
(4, 'Consumable', 'consumable', '2026-04-22 07:25:49', '2026-04-22 07:25:49'),
(5, 'Component', 'component', '2026-04-22 07:25:49', '2026-04-22 07:25:49'),
(6, 'CCTV', 'asset', '2026-04-22 07:26:19', '2026-04-22 07:26:19'),
(7, 'NVR', 'asset', '2026-04-22 07:26:20', '2026-04-22 07:26:20'),
(8, 'Network Switch', 'asset', '2026-04-22 07:26:20', '2026-04-22 07:26:20'),
(9, 'UPS', 'asset', '2026-04-22 07:26:20', '2026-04-22 07:26:20'),
(10, 'Air Conditioner', 'asset', '2026-04-22 07:26:20', '2026-04-22 07:26:20'),
(11, 'Server', 'asset', '2026-04-22 07:26:20', '2026-04-22 07:26:20'),
(12, 'Network Equipment', 'asset', '2026-04-22 07:26:20', '2026-04-22 07:26:20'),
(13, 'Wireless Controller', 'asset', '2026-04-22 07:26:20', '2026-04-22 07:26:20'),
(14, 'Gateway', 'asset', '2026-04-22 07:26:20', '2026-04-22 07:26:20'),
(15, 'Wireless AP', 'asset', '2026-04-22 07:26:21', '2026-04-22 07:26:21'),
(16, 'Router', 'asset', '2026-04-22 07:26:22', '2026-04-22 07:26:22'),
(17, 'Firewall', 'asset', '2026-04-22 07:26:22', '2026-04-22 07:26:22'),
(18, 'VoIP Phone', 'asset', '2026-04-22 07:26:22', '2026-04-22 07:26:22'),
(19, 'Microphone', 'asset', '2026-04-22 07:26:22', '2026-04-22 07:26:22'),
(20, 'Monitor', 'asset', '2026-04-22 07:26:23', '2026-04-22 07:26:23'),
(21, 'Desktop Computer', 'asset', '2026-04-22 07:26:23', '2026-04-22 07:26:23'),
(22, 'Keyboard', 'asset', '2026-04-22 07:26:23', '2026-04-22 07:26:23'),
(23, 'Mouse', 'asset', '2026-04-22 07:26:23', '2026-04-22 07:26:23'),
(24, 'Speaker', 'asset', '2026-04-22 07:26:23', '2026-04-22 07:26:23'),
(25, 'Audio Mixer', 'asset', '2026-04-22 07:26:23', '2026-04-22 07:26:23'),
(26, 'Adapter', 'asset', '2026-04-22 07:26:23', '2026-04-22 07:26:23'),
(27, 'Audio Processor', 'asset', '2026-04-22 07:26:23', '2026-04-22 07:26:23'),
(28, 'AV Switcher', 'asset', '2026-04-22 07:26:23', '2026-04-22 07:26:23'),
(29, 'Modem', 'asset', '2026-04-22 07:26:23', '2026-04-22 07:26:23'),
(30, 'Projector', 'asset', '2026-04-22 07:26:23', '2026-04-22 07:26:23'),
(31, 'AV Extender', 'asset', '2026-04-22 07:26:23', '2026-04-22 07:26:23'),
(32, 'AV Scaler', 'asset', '2026-04-22 07:26:23', '2026-04-22 07:26:23'),
(33, 'AV Accessory', 'asset', '2026-04-22 07:26:23', '2026-04-22 07:26:23'),
(34, 'Camera', 'asset', '2026-04-22 07:26:23', '2026-04-22 07:26:23'),
(35, 'Peripheral', 'asset', '2026-04-22 07:26:23', '2026-04-22 07:26:23'),
(36, 'Accessory', 'asset', '2026-04-22 07:26:23', '2026-04-22 07:26:23'),
(37, 'Power Supply', 'asset', '2026-04-22 07:26:23', '2026-04-22 07:26:23'),
(38, 'IP-PBX', 'asset', '2026-04-22 07:26:23', '2026-04-22 07:26:23'),
(39, 'Transceiver', 'asset', '2026-04-22 07:26:24', '2026-04-22 07:26:24'),
(40, 'USB Adapter', 'asset', '2026-04-22 07:26:26', '2026-04-22 07:26:26'),
(41, 'Water Dispenser', 'asset', '2026-04-22 07:26:28', '2026-04-22 07:26:28'),
(42, 'Furniture', 'asset', '2026-04-22 07:26:28', '2026-04-22 07:26:28'),
(43, 'Vacuum', 'asset', '2026-04-22 07:26:28', '2026-04-22 07:26:28'),
(44, 'Tool', 'asset', '2026-04-22 07:26:28', '2026-04-22 07:26:28'),
(45, 'Printer', 'asset', '2026-04-22 07:26:28', '2026-04-22 07:26:28'),
(46, 'Scanner', 'asset', '2026-04-22 07:26:28', '2026-04-22 07:26:28'),
(47, 'Access Control', 'asset', '2026-04-22 07:26:28', '2026-04-22 07:26:28'),
(48, 'Storage', 'asset', '2026-04-22 07:26:28', '2026-04-22 07:26:28'),
(49, 'Other', 'asset', '2026-04-22 07:26:28', '2026-04-22 07:26:28'),
(50, 'Radio', 'asset', '2026-04-22 07:26:28', '2026-04-22 07:26:28'),
(51, 'Networking', 'asset', '2026-04-22 07:26:28', '2026-04-22 07:26:28'),
(52, 'Network Card', 'asset', '2026-04-22 07:26:28', '2026-04-22 07:26:28'),
(53, 'Appliance', 'asset', '2026-04-22 07:26:28', '2026-04-22 07:26:28'),
(54, 'Audio', 'asset', '2026-04-22 07:26:29', '2026-04-22 07:26:29'),
(55, 'GPU', 'asset', '2026-04-22 07:26:29', '2026-04-22 07:26:29'),
(56, 'Motherboard', 'asset', '2026-04-22 07:26:29', '2026-04-22 07:26:29'),
(57, 'Laptop', 'asset', '2026-04-22 07:26:29', '2026-04-22 07:26:29'),
(58, 'Wireless Adapter', 'asset', '2026-04-22 07:26:30', '2026-04-22 07:26:30'),
(59, 'Smart Board', 'asset', '2026-04-22 07:26:31', '2026-04-22 07:26:31');














INSERT INTO `imports` (`id`, `completed_at`, `file_name`, `file_path`, `importer`, `processed_rows`, `total_rows`, `successful_rows`, `user_id`, `created_at`, `updated_at`) VALUES
(1, '2026-04-22 07:26:33', 'ict_assets (6).csv', 'C:\\Users\\juliu\\Documents\\inventory\\storage\\app/private\\livewire-tmp/M8Y6dCoB5xCC6h0Gm8Ui3zYF6ICwUx-metaaWN0X2Fzc2V0cyAoNikuY3N2-.csv', 'App\\Filament\\Imports\\AssetImporter', 865, 865, 865, 1, '2026-04-22 07:26:18', '2026-04-22 07:26:33');




INSERT INTO `job_batches` (`id`, `name`, `total_jobs`, `pending_jobs`, `failed_jobs`, `failed_job_ids`, `options`, `cancelled_at`, `created_at`, `finished_at`) VALUES
('a19a5843-b998-49e8-b002-c0ba1b32f82a', '', 9, 0, 0, '[]', 'a:2:{s:13:\"allowFailures\";b:1;s:7:\"finally\";a:1:{i:0;O:47:\"Laravel\\SerializableClosure\\SerializableClosure\":1:{s:12:\"serializable\";O:46:\"Laravel\\SerializableClosure\\Serializers\\Signed\":2:{s:12:\"serializable\";s:4117:\"O:46:\"Laravel\\SerializableClosure\\Serializers\\Native\":5:{s:3:\"use\";a:5:{s:9:\"authGuard\";s:3:\"web\";s:9:\"columnMap\";a:18:{s:9:\"asset_tag\";N;s:4:\"name\";s:4:\"name\";s:10:\"assetModel\";s:10:\"assetModel\";s:8:\"category\";s:8:\"category\";s:11:\"statusLabel\";s:11:\"statusLabel\";s:8:\"supplier\";s:8:\"supplier\";s:8:\"location\";s:8:\"location\";s:6:\"serial\";s:6:\"serial\";s:13:\"purchase_cost\";s:13:\"purchase_cost\";s:13:\"purchase_date\";s:13:\"purchase_date\";s:16:\"warranty_expires\";s:16:\"warranty_expires\";s:8:\"eol_date\";s:8:\"eol_date\";s:5:\"notes\";s:5:\"notes\";s:11:\"requestable\";s:11:\"requestable\";s:25:\"description_specification\";N;s:7:\"remarks\";N;s:3:\"qty\";N;s:4:\"unit\";N;}s:6:\"import\";O:45:\"Illuminate\\Contracts\\Database\\ModelIdentifier\":5:{s:5:\"class\";s:38:\"Filament\\Actions\\Imports\\Models\\Import\";s:2:\"id\";i:1;s:9:\"relations\";a:0:{}s:10:\"connection\";s:5:\"mysql\";s:15:\"collectionClass\";N;}s:13:\"jobConnection\";N;s:7:\"options\";a:1:{s:19:\"default_category_id\";N;}}s:8:\"function\";s:3036:\"function () use ($authGuard, $columnMap, $import, $jobConnection, $options): void {\n                    $import->touch(\'completed_at\');\n\n                    event(new \\Filament\\Actions\\Imports\\Events\\ImportCompleted($import, $columnMap, $options));\n\n                    if (! $import->user instanceof \\Illuminate\\Contracts\\Auth\\Authenticatable) { /** @phpstan-ignore instanceof.alwaysTrue */\n                        return;\n                    }\n\n                    $failedRowsCount = $import->getFailedRowsCount();\n\n                    \\Filament\\Notifications\\Notification::make()\n                        ->title($import->importer::getCompletedNotificationTitle($import))\n                        ->body($import->importer::getCompletedNotificationBody($import))\n                        ->when(\n                            ! $failedRowsCount,\n                            fn (\\Filament\\Notifications\\Notification $notification) => $notification->success(),\n                        )\n                        ->when(\n                            $failedRowsCount && ($failedRowsCount < $import->total_rows),\n                            fn (\\Filament\\Notifications\\Notification $notification) => $notification->warning(),\n                        )\n                        ->when(\n                            $failedRowsCount === $import->total_rows,\n                            fn (\\Filament\\Notifications\\Notification $notification) => $notification->danger(),\n                        )\n                        ->when(\n                            $failedRowsCount,\n                            fn (\\Filament\\Notifications\\Notification $notification) => $notification->actions([\n                                \\Filament\\Actions\\Action::make(\'downloadFailedRowsCsv\')\n                                    ->label(trans_choice(\'filament-actions::import.notifications.completed.actions.download_failed_rows_csv.label\', $failedRowsCount, [\n                                        \'count\' => \\Illuminate\\Support\\Number::format($failedRowsCount),\n                                    ]))\n                                    ->color(\'danger\')\n                                    ->url(\\Illuminate\\Support\\Facades\\URL::signedRoute(\'filament.imports.failed-rows.download\', [\'authGuard\' => $authGuard, \'import\' => $import], absolute: false), shouldOpenInNewTab: true)\n                                    ->markAsRead(),\n                            ]),\n                        )\n                        ->when(\n                            ($jobConnection === \'sync\') ||\n                            (blank($jobConnection) && (config(\'queue.default\') === \'sync\')),\n                            fn (\\Filament\\Notifications\\Notification $notification) => $notification\n                                ->persistent()\n                                ->send(),\n                            fn (\\Filament\\Notifications\\Notification $notification) => $notification->sendToDatabase($import->user, isEventDispatched: true),\n                        );\n                }\";s:5:\"scope\";s:29:\"Filament\\Actions\\ImportAction\";s:4:\"this\";N;s:4:\"self\";s:32:\"0000000000000ee30000000000000000\";}\";s:4:\"hash\";s:44:\"FecKrY1ZmCQXusX9q1DvaOTAypLK0k3wY/4dxWhueLc=\";}}}}', NULL, 1776842778, 1776842793);








INSERT INTO `locations` (`id`, `name`, `address`, `city`, `state`, `country`, `parent_id`, `created_at`, `updated_at`) VALUES
(1, 'LR 101', NULL, NULL, NULL, NULL, NULL, '2026-04-22 07:26:20', '2026-04-22 07:26:20');
INSERT INTO `locations` (`id`, `name`, `address`, `city`, `state`, `country`, `parent_id`, `created_at`, `updated_at`) VALUES
(2, 'LR 102', NULL, NULL, NULL, NULL, NULL, '2026-04-22 07:26:20', '2026-04-22 07:26:20');
INSERT INTO `locations` (`id`, `name`, `address`, `city`, `state`, `country`, `parent_id`, `created_at`, `updated_at`) VALUES
(3, 'LR 103', NULL, NULL, NULL, NULL, NULL, '2026-04-22 07:26:20', '2026-04-22 07:26:20');
INSERT INTO `locations` (`id`, `name`, `address`, `city`, `state`, `country`, `parent_id`, `created_at`, `updated_at`) VALUES
(4, 'LR 104', NULL, NULL, NULL, NULL, NULL, '2026-04-22 07:26:20', '2026-04-22 07:26:20'),
(5, 'LR 105', NULL, NULL, NULL, NULL, NULL, '2026-04-22 07:26:20', '2026-04-22 07:26:20'),
(6, 'LR 106', NULL, NULL, NULL, NULL, NULL, '2026-04-22 07:26:20', '2026-04-22 07:26:20'),
(7, 'Data Center', NULL, NULL, NULL, NULL, NULL, '2026-04-22 07:26:20', '2026-04-22 07:26:20'),
(8, 'GS Lab 2', NULL, NULL, NULL, NULL, NULL, '2026-04-22 07:26:20', '2026-04-22 07:26:20'),
(9, 'GS Lab 1', NULL, NULL, NULL, NULL, NULL, '2026-04-22 07:26:20', '2026-04-22 07:26:20'),
(10, 'Pinoy Adobo', NULL, NULL, NULL, NULL, NULL, '2026-04-22 07:26:20', '2026-04-22 07:26:20'),
(11, 'SHS Canteen', NULL, NULL, NULL, NULL, NULL, '2026-04-22 07:26:20', '2026-04-22 07:26:20'),
(12, 'OSA', NULL, NULL, NULL, NULL, NULL, '2026-04-22 07:26:20', '2026-04-22 07:26:20'),
(13, 'Guidance', NULL, NULL, NULL, NULL, NULL, '2026-04-22 07:26:20', '2026-04-22 07:26:20'),
(14, 'CPAC', NULL, NULL, NULL, NULL, NULL, '2026-04-22 07:26:20', '2026-04-22 07:26:20'),
(15, 'Publication', NULL, NULL, NULL, NULL, NULL, '2026-04-22 07:26:20', '2026-04-22 07:26:20'),
(16, 'Back Gate', NULL, NULL, NULL, NULL, NULL, '2026-04-22 07:26:20', '2026-04-22 07:26:20'),
(17, 'Main Canteen', NULL, NULL, NULL, NULL, NULL, '2026-04-22 07:26:20', '2026-04-22 07:26:20'),
(18, 'St. Paul Home', NULL, NULL, NULL, NULL, NULL, '2026-04-22 07:26:20', '2026-04-22 07:26:20'),
(19, 'KIRN', NULL, NULL, NULL, NULL, NULL, '2026-04-22 07:26:20', '2026-04-22 07:26:20'),
(20, 'High School AVR', NULL, NULL, NULL, NULL, NULL, '2026-04-22 07:26:20', '2026-04-22 07:26:20'),
(21, 'Data Center SHS', NULL, NULL, NULL, NULL, NULL, '2026-04-22 07:26:20', '2026-04-22 07:26:20'),
(22, 'SHS', NULL, NULL, NULL, NULL, NULL, '2026-04-22 07:26:20', '2026-04-22 07:26:20'),
(23, 'FLC G/F', NULL, NULL, NULL, NULL, NULL, '2026-04-22 07:26:20', '2026-04-22 07:26:20'),
(24, 'FLC 3/F', NULL, NULL, NULL, NULL, NULL, '2026-04-22 07:26:20', '2026-04-22 07:26:20'),
(25, 'LRC 2/F', NULL, NULL, NULL, NULL, NULL, '2026-04-22 07:26:20', '2026-04-22 07:26:20'),
(26, 'SP 2/F', NULL, NULL, NULL, NULL, NULL, '2026-04-22 07:26:20', '2026-04-22 07:26:20'),
(27, 'MM_SHS', NULL, NULL, NULL, NULL, NULL, '2026-04-22 07:26:20', '2026-04-22 07:26:20'),
(28, 'SHoJ Control Room', NULL, NULL, NULL, NULL, NULL, '2026-04-22 07:26:20', '2026-04-22 07:26:20'),
(29, 'OLC 2/F Lib.', NULL, NULL, NULL, NULL, NULL, '2026-04-22 07:26:20', '2026-04-22 07:26:20'),
(30, 'SP Simulation', NULL, NULL, NULL, NULL, NULL, '2026-04-22 07:26:20', '2026-04-22 07:26:20'),
(31, 'LRC 4/F', NULL, NULL, NULL, NULL, NULL, '2026-04-22 07:26:20', '2026-04-22 07:26:20'),
(32, 'GS G/F', NULL, NULL, NULL, NULL, NULL, '2026-04-22 07:26:20', '2026-04-22 07:26:20'),
(33, 'Blackout', NULL, NULL, NULL, NULL, NULL, '2026-04-22 07:26:20', '2026-04-22 07:26:20'),
(34, 'Canteen', NULL, NULL, NULL, NULL, NULL, '2026-04-22 07:26:20', '2026-04-22 07:26:20'),
(35, 'Convent', NULL, NULL, NULL, NULL, NULL, '2026-04-22 07:26:20', '2026-04-22 07:26:20'),
(36, 'ICT Department', NULL, NULL, NULL, NULL, NULL, '2026-04-22 07:26:20', '2026-04-22 07:26:20'),
(37, 'School of Medicine', NULL, NULL, NULL, NULL, NULL, '2026-04-22 07:26:20', '2026-04-22 07:26:20'),
(38, 'SHS Med Tech', NULL, NULL, NULL, NULL, NULL, '2026-04-22 07:26:20', '2026-04-22 07:26:20'),
(39, 'HS Comlab 1', NULL, NULL, NULL, NULL, NULL, '2026-04-22 07:26:21', '2026-04-22 07:26:21'),
(40, 'GS Com Lab 1', NULL, NULL, NULL, NULL, NULL, '2026-04-22 07:26:21', '2026-04-22 07:26:21'),
(41, 'SHS Comlab 2', NULL, NULL, NULL, NULL, NULL, '2026-04-22 07:26:21', '2026-04-22 07:26:21'),
(42, 'GS Com Lab 2', NULL, NULL, NULL, NULL, NULL, '2026-04-22 07:26:21', '2026-04-22 07:26:21'),
(43, 'SP 01', NULL, NULL, NULL, NULL, NULL, '2026-04-22 07:26:21', '2026-04-22 07:26:21'),
(44, 'SP 02', NULL, NULL, NULL, NULL, NULL, '2026-04-22 07:26:21', '2026-04-22 07:26:21'),
(45, 'SP 03', NULL, NULL, NULL, NULL, NULL, '2026-04-22 07:26:21', '2026-04-22 07:26:21'),
(46, 'SP 04', NULL, NULL, NULL, NULL, NULL, '2026-04-22 07:26:21', '2026-04-22 07:26:21'),
(47, 'GS Library', NULL, NULL, NULL, NULL, NULL, '2026-04-22 07:26:21', '2026-04-22 07:26:21'),
(48, 'Christian Formation', NULL, NULL, NULL, NULL, NULL, '2026-04-22 07:26:21', '2026-04-22 07:26:21'),
(49, 'HS Library 2F', NULL, NULL, NULL, NULL, NULL, '2026-04-22 07:26:21', '2026-04-22 07:26:21'),
(50, 'MM Hall', NULL, NULL, NULL, NULL, NULL, '2026-04-22 07:26:21', '2026-04-22 07:26:21'),
(51, 'LRC Lib 2/F', NULL, NULL, NULL, NULL, NULL, '2026-04-22 07:26:21', '2026-04-22 07:26:21'),
(52, 'LRC Lib 3/F', NULL, NULL, NULL, NULL, NULL, '2026-04-22 07:26:21', '2026-04-22 07:26:21'),
(53, 'LR', NULL, NULL, NULL, NULL, NULL, '2026-04-22 07:26:22', '2026-04-22 07:26:22'),
(54, 'ISR', NULL, NULL, NULL, NULL, NULL, '2026-04-22 07:26:22', '2026-04-22 07:26:22'),
(55, 'SHS Lib. 4/F', NULL, NULL, NULL, NULL, NULL, '2026-04-22 07:26:22', '2026-04-22 07:26:22'),
(56, 'SHS Faculty 2/F', NULL, NULL, NULL, NULL, NULL, '2026-04-22 07:26:22', '2026-04-22 07:26:22'),
(57, 'LR 2/F', NULL, NULL, NULL, NULL, NULL, '2026-04-22 07:26:22', '2026-04-22 07:26:22'),
(58, 'LRC GF', NULL, NULL, NULL, NULL, NULL, '2026-04-22 07:26:22', '2026-04-22 07:26:22'),
(59, 'LRC 3/F Lib GS', NULL, NULL, NULL, NULL, NULL, '2026-04-22 07:26:22', '2026-04-22 07:26:22'),
(60, 'SJP 1st Flr.', NULL, NULL, NULL, NULL, NULL, '2026-04-22 07:26:22', '2026-04-22 07:26:22'),
(61, 'SASTE Faculty', NULL, NULL, NULL, NULL, NULL, '2026-04-22 07:26:22', '2026-04-22 07:26:22'),
(62, 'St. John Paul', NULL, NULL, NULL, NULL, NULL, '2026-04-22 07:26:22', '2026-04-22 07:26:22'),
(63, 'St. Therese GF', NULL, NULL, NULL, NULL, NULL, '2026-04-22 07:26:22', '2026-04-22 07:26:22'),
(64, 'SJP 2nd Flr A', NULL, NULL, NULL, NULL, NULL, '2026-04-22 07:26:22', '2026-04-22 07:26:22'),
(65, 'SJP 3rd B', NULL, NULL, NULL, NULL, NULL, '2026-04-22 07:26:22', '2026-04-22 07:26:22'),
(66, 'SJP 3rd A', NULL, NULL, NULL, NULL, NULL, '2026-04-22 07:26:22', '2026-04-22 07:26:22'),
(67, 'SJP 4th B', NULL, NULL, NULL, NULL, NULL, '2026-04-22 07:26:22', '2026-04-22 07:26:22'),
(68, 'SJP 2nd Flr B', NULL, NULL, NULL, NULL, NULL, '2026-04-22 07:26:22', '2026-04-22 07:26:22'),
(69, 'St. Therese 2nd Flr', NULL, NULL, NULL, NULL, NULL, '2026-04-22 07:26:22', '2026-04-22 07:26:22'),
(70, 'SJP 4th A', NULL, NULL, NULL, NULL, NULL, '2026-04-22 07:26:22', '2026-04-22 07:26:22'),
(71, 'VP Finance', NULL, NULL, NULL, NULL, NULL, '2026-04-22 07:26:24', '2026-04-22 07:26:24'),
(72, 'HRM Hotel Simulation Lab', NULL, NULL, NULL, NULL, NULL, '2026-04-22 07:26:24', '2026-04-22 07:26:24'),
(73, 'SPC Dining', NULL, NULL, NULL, NULL, NULL, '2026-04-22 07:26:25', '2026-04-22 07:26:25'),
(74, 'SPC 1F', NULL, NULL, NULL, NULL, NULL, '2026-04-22 07:26:25', '2026-04-22 07:26:25'),
(75, 'BAO Assessment', NULL, NULL, NULL, NULL, NULL, '2026-04-22 07:26:25', '2026-04-22 07:26:25'),
(76, 'BAO Cashier', NULL, NULL, NULL, NULL, NULL, '2026-04-22 07:26:25', '2026-04-22 07:26:25'),
(77, 'BAO Accounts Payable', NULL, NULL, NULL, NULL, NULL, '2026-04-22 07:26:25', '2026-04-22 07:26:25'),
(78, 'BAO Payroll', NULL, NULL, NULL, NULL, NULL, '2026-04-22 07:26:25', '2026-04-22 07:26:25'),
(79, 'BAO General Account.', NULL, NULL, NULL, NULL, NULL, '2026-04-22 07:26:25', '2026-04-22 07:26:25'),
(80, 'SHOJ Function Room 3', NULL, NULL, NULL, NULL, NULL, '2026-04-22 07:26:25', '2026-04-22 07:26:25'),
(81, 'SHOJ Function Room 2', NULL, NULL, NULL, NULL, NULL, '2026-04-22 07:26:25', '2026-04-22 07:26:25'),
(82, 'SHOJ Function Room 1', NULL, NULL, NULL, NULL, NULL, '2026-04-22 07:26:25', '2026-04-22 07:26:25'),
(83, 'Alfresco', NULL, NULL, NULL, NULL, NULL, '2026-04-22 07:26:25', '2026-04-22 07:26:25'),
(84, 'ST. FRANCIS', NULL, NULL, NULL, NULL, NULL, '2026-04-22 07:26:25', '2026-04-22 07:26:25'),
(85, 'SITE Faculty Only', NULL, NULL, NULL, NULL, NULL, '2026-04-22 07:26:25', '2026-04-22 07:26:25'),
(86, 'SHOJ Lobby', NULL, NULL, NULL, NULL, NULL, '2026-04-22 07:26:25', '2026-04-22 07:26:25'),
(87, 'BEU_GS 3F', NULL, NULL, NULL, NULL, NULL, '2026-04-22 07:26:25', '2026-04-22 07:26:25'),
(88, 'BEU_HS GF', NULL, NULL, NULL, NULL, NULL, '2026-04-22 07:26:25', '2026-04-22 07:26:25'),
(89, 'BEU', NULL, NULL, NULL, NULL, NULL, '2026-04-22 07:26:25', '2026-04-22 07:26:25'),
(90, 'High School', NULL, NULL, NULL, NULL, NULL, '2026-04-22 07:26:25', '2026-04-22 07:26:25'),
(91, 'MM Bldg.', NULL, NULL, NULL, NULL, NULL, '2026-04-22 07:26:25', '2026-04-22 07:26:25'),
(92, 'Le Berceau', NULL, NULL, NULL, NULL, NULL, '2026-04-22 07:26:28', '2026-04-22 07:26:28'),
(93, 'Fr. SITE', NULL, NULL, NULL, NULL, NULL, '2026-04-22 07:26:28', '2026-04-22 07:26:28');

INSERT INTO `manufacturers` (`id`, `name`, `url`, `support_url`, `support_phone`, `image`, `created_at`, `updated_at`) VALUES
(1, 'Imported', NULL, NULL, NULL, NULL, '2026-04-22 07:26:20', '2026-04-22 07:26:20');


INSERT INTO `migrations` (`id`, `migration`, `batch`) VALUES
(1, '0001_01_01_000000_create_users_table', 1);
INSERT INTO `migrations` (`id`, `migration`, `batch`) VALUES
(2, '0001_01_01_000001_create_cache_table', 1);
INSERT INTO `migrations` (`id`, `migration`, `batch`) VALUES
(3, '0001_01_01_000002_create_jobs_table', 1);
INSERT INTO `migrations` (`id`, `migration`, `batch`) VALUES
(4, '2025_08_14_170933_add_two_factor_columns_to_users_table', 1),
(5, '2026_04_07_141659_create_manufacturers_table', 1),
(6, '2026_04_07_141700_create_categories_table', 1),
(7, '2026_04_07_141701_create_status_labels_table', 1),
(8, '2026_04_07_141702_create_locations_table', 1),
(9, '2026_04_07_141702_create_suppliers_table', 1),
(10, '2026_04_07_141703_create_asset_models_table', 1),
(11, '2026_04_07_141704_create_assets_table', 1),
(12, '2026_04_07_141705_create_asset_checkouts_table', 1),
(13, '2026_04_07_141705_create_licenses_table', 1),
(14, '2026_04_07_141706_create_license_seats_table', 1),
(15, '2026_04_07_141707_create_accessories_table', 1),
(16, '2026_04_07_141708_create_accessory_checkouts_table', 1),
(17, '2026_04_07_141709_create_consumables_table', 1),
(18, '2026_04_07_141710_create_components_table', 1),
(19, '2026_04_07_141710_create_consumable_assignments_table', 1),
(20, '2026_04_07_141711_create_item_requests_table', 1),
(21, '2026_04_07_141712_add_inventory_fields_to_users_table', 1),
(22, '2026_04_07_141713_create_asset_component_table', 1),
(23, '2026_04_08_011311_update_item_requests_for_external_requesters_table', 1),
(24, '2026_04_08_013100_create_imports_table', 1),
(25, '2026_04_08_013100_create_notifications_table', 1),
(26, '2026_04_08_013101_create_exports_table', 1),
(27, '2026_04_08_013102_create_failed_import_rows_table', 1),
(28, '2026_04_15_055530_create_preventive_maintenances_table', 1),
(29, '2026_04_15_055531_create_preventive_maintenance_items_table', 1),
(30, '2026_04_16_014500_add_category_id_to_preventive_maintenances_table', 1),
(31, '2026_04_16_120000_remove_year_and_title_from_preventive_maintenances_table', 1),
(32, '2026_04_16_140000_add_execution_notes_to_preventive_maintenances_table', 1),
(33, '2026_04_16_150000_create_asset_preventive_maintenance_table', 1),
(34, '2026_04_17_004634_create_category_preventive_maintenance_table', 1),
(35, '2026_04_17_010213_create_preventive_maintenance_sessions_table', 1),
(36, '2026_04_17_010214_create_preventive_maintenance_session_items_table', 1),
(37, '2026_04_17_010215_add_version_to_preventive_maintenances_table', 1),
(38, '2026_04_17_010216_add_input_label_to_preventive_maintenance_items_table', 1),
(39, '2026_04_20_062621_create_audit_logs_table', 1),
(40, '2026_04_20_091500_create_preventive_maintenance_checklists_table', 1),
(41, '2026_04_20_091501_create_preventive_maintenance_checklist_items_table', 1),
(42, '2026_04_20_091502_create_preventive_maintenance_schedules_table', 1),
(43, '2026_04_20_091503_migrate_preventive_maintenance_templates_to_checklists_and_schedules', 1),
(50, '2026_04_21_094600_create_preventive_maintenance_schedule_checklist_table', 2),
(51, '2026_04_20_092000_create_preventive_maintenance_executions_table', 3),
(52, '2026_04_20_092001_create_preventive_maintenance_execution_items_table', 3),
(53, '2026_04_22_073548_drop_old_preventive_maintenance_tables', 4);

INSERT INTO `notifications` (`id`, `type`, `notifiable_type`, `notifiable_id`, `data`, `read_at`, `created_at`, `updated_at`) VALUES
('7afcd042-8a65-4889-9540-c6f9c5a8ec37', 'Filament\\Notifications\\DatabaseNotification', 'App\\Models\\User', 1, '{\"actions\":[],\"body\":\"Your asset import has completed and 865 rows imported.\",\"color\":null,\"duration\":\"persistent\",\"icon\":\"heroicon-o-check-circle\",\"iconColor\":\"success\",\"status\":\"success\",\"title\":\"Import completed\",\"view\":null,\"viewData\":[],\"format\":\"filament\"}', NULL, '2026-04-22 07:26:34', '2026-04-22 07:26:34');




INSERT INTO `preventive_maintenance_checklist_items` (`id`, `preventive_maintenance_checklist_id`, `task`, `input_label`, `sort_order`, `is_required`, `created_at`, `updated_at`) VALUES
(1, 1, 'hdfghdfghfdg', NULL, 0, 1, '2026-04-22 07:31:33', '2026-04-22 07:31:33');
INSERT INTO `preventive_maintenance_checklist_items` (`id`, `preventive_maintenance_checklist_id`, `task`, `input_label`, `sort_order`, `is_required`, `created_at`, `updated_at`) VALUES
(2, 8, 'Clean switch ports and external surfaces', NULL, 0, 1, '2026-04-22 07:38:46', '2026-04-22 07:38:46');
INSERT INTO `preventive_maintenance_checklist_items` (`id`, `preventive_maintenance_checklist_id`, `task`, `input_label`, `sort_order`, `is_required`, `created_at`, `updated_at`) VALUES
(3, 8, 'Check for dust accumulation and overheating', NULL, 0, 1, '2026-04-22 07:38:52', '2026-04-22 07:38:52');
INSERT INTO `preventive_maintenance_checklist_items` (`id`, `preventive_maintenance_checklist_id`, `task`, `input_label`, `sort_order`, `is_required`, `created_at`, `updated_at`) VALUES
(4, 8, 'Verify end-to-end network integrity from endpoints to the data center', NULL, 0, 1, '2026-04-22 07:38:57', '2026-04-22 07:38:57'),
(5, 8, 'Inspect LED indicators for potential errors', NULL, 0, 1, '2026-04-22 07:39:02', '2026-04-22 07:39:02'),
(6, 5, 'Proper cable management to avoid tangling and damage', NULL, 0, 1, '2026-04-22 07:39:15', '2026-04-22 07:39:15'),
(7, 5, 'Verify end-to-end network integrity of CCTV from cameras to the control room', NULL, 0, 1, '2026-04-22 07:39:20', '2026-04-22 07:39:20'),
(8, 5, 'Test and calibrate camera focus and positioning', NULL, 0, 1, '2026-04-22 07:39:23', '2026-04-22 07:39:23'),
(9, 5, 'Inspect DVR/NVR storage and ensure recording availability', NULL, 0, 1, '2026-04-22 07:39:26', '2026-04-22 07:39:26'),
(10, 5, 'Check UPS equipment and backup power status', NULL, 0, 1, '2026-04-22 07:39:31', '2026-04-22 07:39:31'),
(11, 4, 'Update antivirus and security software on VoIP systems', NULL, 0, 1, '2026-04-22 07:39:48', '2026-04-22 07:39:48'),
(12, 4, 'Check network continuity and signal integrity for VoIP calls', NULL, 0, 1, '2026-04-22 07:39:51', '2026-04-22 07:39:51'),
(13, 4, 'Test microphone and speaker output quality', NULL, 0, 1, '2026-04-22 07:39:56', '2026-04-22 07:39:56'),
(14, 4, 'Verify internal wiring and communication stability', NULL, 0, 1, '2026-04-22 07:39:59', '2026-04-22 07:39:59'),
(15, 4, 'Ensure backup power supply for VoIP systems', NULL, 0, 1, '2026-04-22 07:40:02', '2026-04-22 07:40:02'),
(16, 2, 'Clean and remove dust from internal and external parts', NULL, 0, 1, '2026-04-22 07:40:11', '2026-04-22 07:40:11'),
(17, 2, 'Check and replace ink or toner cartridges if necessary', NULL, 0, 1, '2026-04-22 07:40:14', '2026-04-22 07:40:14'),
(18, 2, 'Align and recalibrate printer heads for clear output', NULL, 0, 1, '2026-04-22 07:40:17', '2026-04-22 07:40:17'),
(19, 2, 'Restore system and network configurations if malfunctioning', NULL, 0, 1, '2026-04-22 07:40:21', '2026-04-22 07:40:21'),
(20, 2, 'Test scanning functions and document resolution', NULL, 0, 1, '2026-04-22 07:40:24', '2026-04-22 07:40:24'),
(21, 3, 'Clean and remove dust from internal and external parts', NULL, 0, 1, '2026-04-22 07:40:38', '2026-04-22 07:40:38'),
(22, 3, 'Check and replace ink or toner cartridges if necessary', NULL, 0, 1, '2026-04-22 07:40:41', '2026-04-22 07:40:41'),
(23, 3, 'Align and recalibrate printer heads for clear output', NULL, 0, 1, '2026-04-22 07:40:47', '2026-04-22 07:40:47'),
(24, 3, 'Restore system and network configurations if malfunctioning', NULL, 0, 1, '2026-04-22 07:40:50', '2026-04-22 07:40:50'),
(25, 3, 'Test scanning functions and document resolution', NULL, 0, 1, '2026-04-22 07:40:55', '2026-04-22 07:40:55');

INSERT INTO `preventive_maintenance_checklists` (`id`, `category_id`, `instructions`, `is_active`, `created_by`, `updated_by`, `created_at`, `updated_at`) VALUES
(1, 21, NULL, 1, NULL, NULL, '2026-04-22 07:28:08', '2026-04-22 07:28:08');
INSERT INTO `preventive_maintenance_checklists` (`id`, `category_id`, `instructions`, `is_active`, `created_by`, `updated_by`, `created_at`, `updated_at`) VALUES
(2, 45, NULL, 1, NULL, NULL, '2026-04-22 07:37:23', '2026-04-22 07:37:23');
INSERT INTO `preventive_maintenance_checklists` (`id`, `category_id`, `instructions`, `is_active`, `created_by`, `updated_by`, `created_at`, `updated_at`) VALUES
(3, 46, NULL, 1, NULL, NULL, '2026-04-22 07:37:33', '2026-04-22 07:37:33');
INSERT INTO `preventive_maintenance_checklists` (`id`, `category_id`, `instructions`, `is_active`, `created_by`, `updated_by`, `created_at`, `updated_at`) VALUES
(4, 18, NULL, 1, NULL, NULL, '2026-04-22 07:37:39', '2026-04-22 07:37:39'),
(5, 6, NULL, 1, NULL, NULL, '2026-04-22 07:37:46', '2026-04-22 07:37:46'),
(6, 11, NULL, 1, NULL, NULL, '2026-04-22 07:38:00', '2026-04-22 07:38:00'),
(7, 9, NULL, 1, NULL, NULL, '2026-04-22 07:38:28', '2026-04-22 07:38:28'),
(8, 8, NULL, 1, NULL, NULL, '2026-04-22 07:38:39', '2026-04-22 07:38:39');

INSERT INTO `preventive_maintenance_execution_items` (`id`, `preventive_maintenance_execution_id`, `preventive_maintenance_checklist_item_id`, `task`, `input_label`, `input_value`, `is_required`, `is_passed`, `item_notes`, `evidence_path`, `sort_order`, `created_at`, `updated_at`) VALUES
(1, 1, 1, 'hdfghdfghfdg', NULL, NULL, 1, 1, NULL, NULL, 0, '2026-04-22 07:33:50', '2026-04-22 07:33:50');


INSERT INTO `preventive_maintenance_executions` (`id`, `preventive_maintenance_schedule_id`, `preventive_maintenance_checklist_id`, `location_id`, `category_id`, `asset_id`, `status`, `scheduled_for`, `started_at`, `completed_at`, `performed_by`, `general_notes`, `created_at`, `updated_at`) VALUES
(1, 1, 1, 1, 21, 689, 'completed', NULL, '2026-04-22 07:33:50', '2026-04-22 07:33:50', 1, NULL, '2026-04-22 07:33:50', '2026-04-22 07:33:50');





INSERT INTO `preventive_maintenance_schedules` (`id`, `location_id`, `scheduled_for`, `is_active`, `created_by`, `updated_by`, `created_at`, `updated_at`, `preventive_maintenance_checklist_id`) VALUES
(1, 1, NULL, 1, NULL, NULL, '2026-04-22 07:31:03', '2026-04-22 07:31:03', 1);





INSERT INTO `sessions` (`id`, `user_id`, `ip_address`, `user_agent`, `payload`, `last_activity`) VALUES
('QRCQndh9HjUVc3qpQEWSqcZ7reaCC124KqPGHYkv', 1, '127.0.0.1', 'Mozilla/5.0 (Windows NT 10.0; Win64; x64) AppleWebKit/537.36 (KHTML, like Gecko) Chrome/147.0.0.0 Safari/537.36', 'eyJfdG9rZW4iOiJaUzREU2ZGMVIxdk5remZmRDNTQXlMcGtHWk1vU2h5OWI2RzVZVEJyIiwidXJsIjpbXSwiX3ByZXZpb3VzIjp7InVybCI6Imh0dHA6XC9cLzEyNy4wLjAuMTo4MDAwXC9wcmV2ZW50aXZlLW1haW50ZW5hbmNlLXNjaGVkdWxlcyIsInJvdXRlIjoiZmlsYW1lbnQuYWRtaW4ucmVzb3VyY2VzLnByZXZlbnRpdmUtbWFpbnRlbmFuY2Utc2NoZWR1bGVzLmluZGV4In0sIl9mbGFzaCI6eyJvbGQiOltdLCJuZXciOltdfSwibG9naW5fd2ViXzU5YmEzNmFkZGMyYjJmOTQwMTU4MGYwMTRjN2Y1OGVhNGUzMDk4OWQiOjEsInBhc3N3b3JkX2hhc2hfd2ViIjoiNDFiOTFjM2IwODYxMTZmYjQ4M2M4MDk2NGQyNjE3NzhjNjc3Yjc0NjEyOGNkNGQ4ZDVlZmY4MTc3Y2JiMWFiNiIsInRhYmxlcyI6eyJmZjczYjMzNmIzNWRhNGUxZDNhYjIzMzAxOTY1MjIyNF9jb2x1bW5zIjpbeyJ0eXBlIjoiY29sdW1uIiwibmFtZSI6ImxvY2F0aW9uLm5hbWUiLCJsYWJlbCI6IkxvY2F0aW9uIiwiaXNIaWRkZW4iOmZhbHNlLCJpc1RvZ2dsZWQiOnRydWUsImlzVG9nZ2xlYWJsZSI6ZmFsc2UsImlzVG9nZ2xlZEhpZGRlbkJ5RGVmYXVsdCI6bnVsbH0seyJ0eXBlIjoiY29sdW1uIiwibmFtZSI6ImNoZWNrbGlzdC5jYXRlZ29yeS5uYW1lIiwibGFiZWwiOiJDYXRlZ29yeSIsImlzSGlkZGVuIjpmYWxzZSwiaXNUb2dnbGVkIjp0cnVlLCJpc1RvZ2dsZWFibGUiOmZhbHNlLCJpc1RvZ2dsZWRIaWRkZW5CeURlZmF1bHQiOm51bGx9LHsidHlwZSI6ImNvbHVtbiIsIm5hbWUiOiJjaGVja2xpc3QuaW5zdHJ1Y3Rpb25zIiwibGFiZWwiOiJDaGVja2xpc3QiLCJpc0hpZGRlbiI6ZmFsc2UsImlzVG9nZ2xlZCI6dHJ1ZSwiaXNUb2dnbGVhYmxlIjpmYWxzZSwiaXNUb2dnbGVkSGlkZGVuQnlEZWZhdWx0IjpudWxsfSx7InR5cGUiOiJjb2x1bW4iLCJuYW1lIjoic2NoZWR1bGVkX2ZvciIsImxhYmVsIjoiU2NoZWR1bGVkIiwiaXNIaWRkZW4iOmZhbHNlLCJpc1RvZ2dsZWQiOnRydWUsImlzVG9nZ2xlYWJsZSI6ZmFsc2UsImlzVG9nZ2xlZEhpZGRlbkJ5RGVmYXVsdCI6bnVsbH0seyJ0eXBlIjoiY29sdW1uIiwibmFtZSI6ImV4ZWN1dGlvbnNfY291bnQiLCJsYWJlbCI6IkV4ZWN1dGlvbnMiLCJpc0hpZGRlbiI6ZmFsc2UsImlzVG9nZ2xlZCI6dHJ1ZSwiaXNUb2dnbGVhYmxlIjpmYWxzZSwiaXNUb2dnbGVkSGlkZGVuQnlEZWZhdWx0IjpudWxsfSx7InR5cGUiOiJjb2x1bW4iLCJuYW1lIjoiaXNfYWN0aXZlIiwibGFiZWwiOiJBY3RpdmUiLCJpc0hpZGRlbiI6ZmFsc2UsImlzVG9nZ2xlZCI6dHJ1ZSwiaXNUb2dnbGVhYmxlIjpmYWxzZSwiaXNUb2dnbGVkSGlkZGVuQnlEZWZhdWx0IjpudWxsfSx7InR5cGUiOiJjb2x1bW4iLCJuYW1lIjoiY3JlYXRlZF9hdCIsImxhYmVsIjoiQ3JlYXRlZCBhdCIsImlzSGlkZGVuIjpmYWxzZSwiaXNUb2dnbGVkIjpmYWxzZSwiaXNUb2dnbGVhYmxlIjp0cnVlLCJpc1RvZ2dsZWRIaWRkZW5CeURlZmF1bHQiOnRydWV9XSwiZWFmZTYyNzE0NWM4Yzc2ZGE1MmJhNTJhOTc2ZmU2ZWZfY29sdW1ucyI6W3sidHlwZSI6ImNvbHVtbiIsIm5hbWUiOiJhc3NldF90YWciLCJsYWJlbCI6IkFzc2V0IHRhZyIsImlzSGlkZGVuIjpmYWxzZSwiaXNUb2dnbGVkIjp0cnVlLCJpc1RvZ2dsZWFibGUiOmZhbHNlLCJpc1RvZ2dsZWRIaWRkZW5CeURlZmF1bHQiOm51bGx9LHsidHlwZSI6ImNvbHVtbiIsIm5hbWUiOiJuYW1lIiwibGFiZWwiOiJOYW1lIiwiaXNIaWRkZW4iOmZhbHNlLCJpc1RvZ2dsZWQiOnRydWUsImlzVG9nZ2xlYWJsZSI6ZmFsc2UsImlzVG9nZ2xlZEhpZGRlbkJ5RGVmYXVsdCI6bnVsbH0seyJ0eXBlIjoiY29sdW1uIiwibmFtZSI6ImFzc2V0TW9kZWwubmFtZSIsImxhYmVsIjoiQXNzZXQgbW9kZWwiLCJpc0hpZGRlbiI6ZmFsc2UsImlzVG9nZ2xlZCI6dHJ1ZSwiaXNUb2dnbGVhYmxlIjpmYWxzZSwiaXNUb2dnbGVkSGlkZGVuQnlEZWZhdWx0IjpudWxsfSx7InR5cGUiOiJjb2x1bW4iLCJuYW1lIjoiY2F0ZWdvcnkubmFtZSIsImxhYmVsIjoiQ2F0ZWdvcnkiLCJpc0hpZGRlbiI6ZmFsc2UsImlzVG9nZ2xlZCI6dHJ1ZSwiaXNUb2dnbGVhYmxlIjpmYWxzZSwiaXNUb2dnbGVkSGlkZGVuQnlEZWZhdWx0IjpudWxsfSx7InR5cGUiOiJjb2x1bW4iLCJuYW1lIjoic3RhdHVzTGFiZWwubmFtZSIsImxhYmVsIjoiU3RhdHVzIGxhYmVsIiwiaXNIaWRkZW4iOmZhbHNlLCJpc1RvZ2dsZWQiOnRydWUsImlzVG9nZ2xlYWJsZSI6ZmFsc2UsImlzVG9nZ2xlZEhpZGRlbkJ5RGVmYXVsdCI6bnVsbH0seyJ0eXBlIjoiY29sdW1uIiwibmFtZSI6ImFjdGl2ZUNoZWNrb3V0LmFzc2lnbmVlLm5hbWUiLCJsYWJlbCI6IkFzc2lnbmVkIHRvIiwiaXNIaWRkZW4iOmZhbHNlLCJpc1RvZ2dsZWQiOnRydWUsImlzVG9nZ2xlYWJsZSI6ZmFsc2UsImlzVG9nZ2xlZEhpZGRlbkJ5RGVmYXVsdCI6bnVsbH0seyJ0eXBlIjoiY29sdW1uIiwibmFtZSI6ImFjdGl2ZUNoZWNrb3V0LmFzc2lnbmVkX2F0IiwibGFiZWwiOiJDaGVja2VkIG91dCIsImlzSGlkZGVuIjpmYWxzZSwiaXNUb2dnbGVkIjp0cnVlLCJpc1RvZ2dsZWFibGUiOnRydWUsImlzVG9nZ2xlZEhpZGRlbkJ5RGVmYXVsdCI6ZmFsc2V9LHsidHlwZSI6ImNvbHVtbiIsIm5hbWUiOiJzdXBwbGllci5uYW1lIiwibGFiZWwiOiJTdXBwbGllciIsImlzSGlkZGVuIjpmYWxzZSwiaXNUb2dnbGVkIjp0cnVlLCJpc1RvZ2dsZWFibGUiOmZhbHNlLCJpc1RvZ2dsZWRIaWRkZW5CeURlZmF1bHQiOm51bGx9LHsidHlwZSI6ImNvbHVtbiIsIm5hbWUiOiJsb2NhdGlvbi5uYW1lIiwibGFiZWwiOiJMb2NhdGlvbiIsImlzSGlkZGVuIjpmYWxzZSwiaXNUb2dnbGVkIjp0cnVlLCJpc1RvZ2dsZWFibGUiOmZhbHNlLCJpc1RvZ2dsZWRIaWRkZW5CeURlZmF1bHQiOm51bGx9LHsidHlwZSI6ImNvbHVtbiIsIm5hbWUiOiJzZXJpYWwiLCJsYWJlbCI6IlNlcmlhbCIsImlzSGlkZGVuIjpmYWxzZSwiaXNUb2dnbGVkIjp0cnVlLCJpc1RvZ2dsZWFibGUiOmZhbHNlLCJpc1RvZ2dsZWRIaWRkZW5CeURlZmF1bHQiOm51bGx9LHsidHlwZSI6ImNvbHVtbiIsIm5hbWUiOiJwdXJjaGFzZV9jb3N0IiwibGFiZWwiOiJQdXJjaGFzZSBjb3N0IiwiaXNIaWRkZW4iOmZhbHNlLCJpc1RvZ2dsZWQiOnRydWUsImlzVG9nZ2xlYWJsZSI6ZmFsc2UsImlzVG9nZ2xlZEhpZGRlbkJ5RGVmYXVsdCI6bnVsbH0seyJ0eXBlIjoiY29sdW1uIiwibmFtZSI6InB1cmNoYXNlX2RhdGUiLCJsYWJlbCI6IlB1cmNoYXNlIGRhdGUiLCJpc0hpZGRlbiI6ZmFsc2UsImlzVG9nZ2xlZCI6dHJ1ZSwiaXNUb2dnbGVhYmxlIjpmYWxzZSwiaXNUb2dnbGVkSGlkZGVuQnlEZWZhdWx0IjpudWxsfSx7InR5cGUiOiJjb2x1bW4iLCJuYW1lIjoid2FycmFudHlfZXhwaXJlcyIsImxhYmVsIjoiV2FycmFudHkgZXhwaXJlcyIsImlzSGlkZGVuIjpmYWxzZSwiaXNUb2dnbGVkIjp0cnVlLCJpc1RvZ2dsZWFibGUiOmZhbHNlLCJpc1RvZ2dsZWRIaWRkZW5CeURlZmF1bHQiOm51bGx9LHsidHlwZSI6ImNvbHVtbiIsIm5hbWUiOiJlb2xfZGF0ZSIsImxhYmVsIjoiRW9sIGRhdGUiLCJpc0hpZGRlbiI6ZmFsc2UsImlzVG9nZ2xlZCI6dHJ1ZSwiaXNUb2dnbGVhYmxlIjpmYWxzZSwiaXNUb2dnbGVkSGlkZGVuQnlEZWZhdWx0IjpudWxsfSx7InR5cGUiOiJjb2x1bW4iLCJuYW1lIjoicmVxdWVzdGFibGUiLCJsYWJlbCI6IlJlcXVlc3RhYmxlIiwiaXNIaWRkZW4iOmZhbHNlLCJpc1RvZ2dsZWQiOnRydWUsImlzVG9nZ2xlYWJsZSI6ZmFsc2UsImlzVG9nZ2xlZEhpZGRlbkJ5RGVmYXVsdCI6bnVsbH0seyJ0eXBlIjoiY29sdW1uIiwibmFtZSI6ImNyZWF0ZWRfYXQiLCJsYWJlbCI6IkNyZWF0ZWQgYXQiLCJpc0hpZGRlbiI6ZmFsc2UsImlzVG9nZ2xlZCI6ZmFsc2UsImlzVG9nZ2xlYWJsZSI6dHJ1ZSwiaXNUb2dnbGVkSGlkZGVuQnlEZWZhdWx0Ijp0cnVlfSx7InR5cGUiOiJjb2x1bW4iLCJuYW1lIjoidXBkYXRlZF9hdCIsImxhYmVsIjoiVXBkYXRlZCBhdCIsImlzSGlkZGVuIjpmYWxzZSwiaXNUb2dnbGVkIjpmYWxzZSwiaXNUb2dnbGVhYmxlIjp0cnVlLCJpc1RvZ2dsZWRIaWRkZW5CeURlZmF1bHQiOnRydWV9XSwiNTNjZTg4YWFjOWU3OTEzZWYxMDU1Y2ExNWZiMzY3ODJfY29sdW1ucyI6W3sidHlwZSI6ImNvbHVtbiIsIm5hbWUiOiJjYXRlZ29yeS5uYW1lIiwibGFiZWwiOiJDYXRlZ29yeSIsImlzSGlkZGVuIjpmYWxzZSwiaXNUb2dnbGVkIjp0cnVlLCJpc1RvZ2dsZWFibGUiOmZhbHNlLCJpc1RvZ2dsZWRIaWRkZW5CeURlZmF1bHQiOm51bGx9LHsidHlwZSI6ImNvbHVtbiIsIm5hbWUiOiJpdGVtc19jb3VudCIsImxhYmVsIjoiSXRlbXMiLCJpc0hpZGRlbiI6ZmFsc2UsImlzVG9nZ2xlZCI6dHJ1ZSwiaXNUb2dnbGVhYmxlIjpmYWxzZSwiaXNUb2dnbGVkSGlkZGVuQnlEZWZhdWx0IjpudWxsfSx7InR5cGUiOiJjb2x1bW4iLCJuYW1lIjoiaXNfYWN0aXZlIiwibGFiZWwiOiJBY3RpdmUiLCJpc0hpZGRlbiI6ZmFsc2UsImlzVG9nZ2xlZCI6dHJ1ZSwiaXNUb2dnbGVhYmxlIjpmYWxzZSwiaXNUb2dnbGVkSGlkZGVuQnlEZWZhdWx0IjpudWxsfSx7InR5cGUiOiJjb2x1bW4iLCJuYW1lIjoiaW5zdHJ1Y3Rpb25zIiwibGFiZWwiOiJJbnN0cnVjdGlvbnMiLCJpc0hpZGRlbiI6ZmFsc2UsImlzVG9nZ2xlZCI6dHJ1ZSwiaXNUb2dnbGVhYmxlIjp0cnVlLCJpc1RvZ2dsZWRIaWRkZW5CeURlZmF1bHQiOmZhbHNlfSx7InR5cGUiOiJjb2x1bW4iLCJuYW1lIjoiY3JlYXRlZF9hdCIsImxhYmVsIjoiQ3JlYXRlZCBhdCIsImlzSGlkZGVuIjpmYWxzZSwiaXNUb2dnbGVkIjpmYWxzZSwiaXNUb2dnbGVhYmxlIjp0cnVlLCJpc1RvZ2dsZWRIaWRkZW5CeURlZmF1bHQiOnRydWV9XSwiMGRlY2MzODc3ODYyY2IzZmY2NGM1YmI3MDBkZWU2Y2RfY29sdW1ucyI6W3sidHlwZSI6ImNvbHVtbiIsIm5hbWUiOiJzb3J0X29yZGVyIiwibGFiZWwiOiIjIiwiaXNIaWRkZW4iOmZhbHNlLCJpc1RvZ2dsZWQiOnRydWUsImlzVG9nZ2xlYWJsZSI6ZmFsc2UsImlzVG9nZ2xlZEhpZGRlbkJ5RGVmYXVsdCI6bnVsbH0seyJ0eXBlIjoiY29sdW1uIiwibmFtZSI6InRhc2siLCJsYWJlbCI6IlRhc2siLCJpc0hpZGRlbiI6ZmFsc2UsImlzVG9nZ2xlZCI6dHJ1ZSwiaXNUb2dnbGVhYmxlIjpmYWxzZSwiaXNUb2dnbGVkSGlkZGVuQnlEZWZhdWx0IjpudWxsfSx7InR5cGUiOiJjb2x1bW4iLCJuYW1lIjoiaW5wdXRfbGFiZWwiLCJsYWJlbCI6IklucHV0IiwiaXNIaWRkZW4iOmZhbHNlLCJpc1RvZ2dsZWQiOnRydWUsImlzVG9nZ2xlYWJsZSI6dHJ1ZSwiaXNUb2dnbGVkSGlkZGVuQnlEZWZhdWx0IjpmYWxzZX1dLCI5ZDIxYTUwMDJlNDI4MzYwODhjNjFiMTk1ODYwNmNmN19jb2x1bW5zIjpbeyJ0eXBlIjoiY29sdW1uIiwibmFtZSI6InN0YXJ0ZWRfYXQiLCJsYWJlbCI6IlN0YXJ0ZWQiLCJpc0hpZGRlbiI6ZmFsc2UsImlzVG9nZ2xlZCI6dHJ1ZSwiaXNUb2dnbGVhYmxlIjpmYWxzZSwiaXNUb2dnbGVkSGlkZGVuQnlEZWZhdWx0IjpudWxsfSx7InR5cGUiOiJjb2x1bW4iLCJuYW1lIjoic3RhdHVzIiwibGFiZWwiOiJTdGF0dXMiLCJpc0hpZGRlbiI6ZmFsc2UsImlzVG9nZ2xlZCI6dHJ1ZSwiaXNUb2dnbGVhYmxlIjpmYWxzZSwiaXNUb2dnbGVkSGlkZGVuQnlEZWZhdWx0IjpudWxsfSx7InR5cGUiOiJjb2x1bW4iLCJuYW1lIjoiYXNzZXQuYXNzZXRfdGFnIiwibGFiZWwiOiJBc3NldCIsImlzSGlkZGVuIjpmYWxzZSwiaXNUb2dnbGVkIjp0cnVlLCJpc1RvZ2dsZWFibGUiOmZhbHNlLCJpc1RvZ2dsZWRIaWRkZW5CeURlZmF1bHQiOm51bGx9LHsidHlwZSI6ImNvbHVtbiIsIm5hbWUiOiJwZXJmb3JtZXIubmFtZSIsImxhYmVsIjoiUGVyZm9ybWVkIGJ5IiwiaXNIaWRkZW4iOmZhbHNlLCJpc1RvZ2dsZWQiOnRydWUsImlzVG9nZ2xlYWJsZSI6ZmFsc2UsImlzVG9nZ2xlZEhpZGRlbkJ5RGVmYXVsdCI6bnVsbH0seyJ0eXBlIjoiY29sdW1uIiwibmFtZSI6InBhc3NlZF9pdGVtc19jb3VudCIsImxhYmVsIjoiUGFzc2VkIiwiaXNIaWRkZW4iOmZhbHNlLCJpc1RvZ2dsZWQiOnRydWUsImlzVG9nZ2xlYWJsZSI6ZmFsc2UsImlzVG9nZ2xlZEhpZGRlbkJ5RGVmYXVsdCI6bnVsbH0seyJ0eXBlIjoiY29sdW1uIiwibmFtZSI6ImZhaWxlZF9pdGVtc19jb3VudCIsImxhYmVsIjoiRmFpbGVkIiwiaXNIaWRkZW4iOmZhbHNlLCJpc1RvZ2dsZWQiOnRydWUsImlzVG9nZ2xlYWJsZSI6ZmFsc2UsImlzVG9nZ2xlZEhpZGRlbkJ5RGVmYXVsdCI6bnVsbH0seyJ0eXBlIjoiY29sdW1uIiwibmFtZSI6ImdlbmVyYWxfbm90ZXMiLCJsYWJlbCI6Ik5vdGVzIiwiaXNIaWRkZW4iOmZhbHNlLCJpc1RvZ2dsZWQiOnRydWUsImlzVG9nZ2xlYWJsZSI6dHJ1ZSwiaXNUb2dnbGVkSGlkZGVuQnlEZWZhdWx0IjpmYWxzZX0seyJ0eXBlIjoiY29sdW1uIiwibmFtZSI6ImNvbXBsZXRlZF9hdCIsImxhYmVsIjoiQ29tcGxldGVkIiwiaXNIaWRkZW4iOmZhbHNlLCJpc1RvZ2dsZWQiOnRydWUsImlzVG9nZ2xlYWJsZSI6dHJ1ZSwiaXNUb2dnbGVkSGlkZGVuQnlEZWZhdWx0IjpmYWxzZX1dfSwiZmlsYW1lbnQiOltdfQ==', 1776843659);


INSERT INTO `status_labels` (`id`, `name`, `color`, `type`, `created_at`, `updated_at`) VALUES
(1, 'Available', '#22c55e', 'deployable', '2026-04-22 07:25:49', '2026-04-22 07:25:49');
INSERT INTO `status_labels` (`id`, `name`, `color`, `type`, `created_at`, `updated_at`) VALUES
(2, 'Deployed', '#3b82f6', 'deployable', '2026-04-22 07:25:49', '2026-04-22 07:25:49');
INSERT INTO `status_labels` (`id`, `name`, `color`, `type`, `created_at`, `updated_at`) VALUES
(3, 'In Repair', '#f59e0b', 'pending', '2026-04-22 07:25:49', '2026-04-22 07:25:49');
INSERT INTO `status_labels` (`id`, `name`, `color`, `type`, `created_at`, `updated_at`) VALUES
(4, 'Retired', '#6b7280', 'archived', '2026-04-22 07:25:49', '2026-04-22 07:25:49'),
(5, 'Lost/Stolen', '#ef4444', 'undeployable', '2026-04-22 07:25:49', '2026-04-22 07:25:49'),
(6, 'On Hand', NULL, 'deployable', '2026-04-22 07:26:20', '2026-04-22 07:26:20'),
(7, 'Out of Service', NULL, 'deployable', '2026-04-22 07:26:20', '2026-04-22 07:26:20'),
(8, 'Defective', NULL, 'deployable', '2026-04-22 07:26:21', '2026-04-22 07:26:21'),
(9, 'Out for Repair', NULL, 'deployable', '2026-04-22 07:26:23', '2026-04-22 07:26:23');

INSERT INTO `suppliers` (`id`, `name`, `address`, `city`, `state`, `country`, `phone`, `email`, `url`, `created_at`, `updated_at`) VALUES
(1, 'Microgenesis', NULL, NULL, NULL, NULL, NULL, NULL, NULL, '2026-04-22 07:26:20', '2026-04-22 07:26:20');
INSERT INTO `suppliers` (`id`, `name`, `address`, `city`, `state`, `country`, `phone`, `email`, `url`, `created_at`, `updated_at`) VALUES
(2, 'Nera', NULL, NULL, NULL, NULL, NULL, NULL, NULL, '2026-04-22 07:26:20', '2026-04-22 07:26:20');
INSERT INTO `suppliers` (`id`, `name`, `address`, `city`, `state`, `country`, `phone`, `email`, `url`, `created_at`, `updated_at`) VALUES
(3, 'c/o RDC Tech.', NULL, NULL, NULL, NULL, NULL, NULL, NULL, '2026-04-22 07:26:20', '2026-04-22 07:26:20');
INSERT INTO `suppliers` (`id`, `name`, `address`, `city`, `state`, `country`, `phone`, `email`, `url`, `created_at`, `updated_at`) VALUES
(4, 'Trends & Tech.', NULL, NULL, NULL, NULL, NULL, NULL, NULL, '2026-04-22 07:26:20', '2026-04-22 07:26:20'),
(5, 'c/o OSIRIS head start', NULL, NULL, NULL, NULL, NULL, NULL, NULL, '2026-04-22 07:26:20', '2026-04-22 07:26:20'),
(6, 'Next Innovation', NULL, NULL, NULL, NULL, NULL, NULL, NULL, '2026-04-22 07:26:20', '2026-04-22 07:26:20'),
(7, 'Fast Link', NULL, NULL, NULL, NULL, NULL, NULL, NULL, '2026-04-22 07:26:20', '2026-04-22 07:26:20'),
(8, 'Elisha Telecom', NULL, NULL, NULL, NULL, NULL, NULL, NULL, '2026-04-22 07:26:20', '2026-04-22 07:26:20'),
(9, 'Technopaq Incorporated', NULL, NULL, NULL, NULL, NULL, NULL, NULL, '2026-04-22 07:26:20', '2026-04-22 07:26:20'),
(10, 'Mustard Seed', NULL, NULL, NULL, NULL, NULL, NULL, NULL, '2026-04-22 07:26:20', '2026-04-22 07:26:20'),
(11, 'Vincron', NULL, NULL, NULL, NULL, NULL, NULL, NULL, '2026-04-22 07:26:20', '2026-04-22 07:26:20'),
(12, 'Trends', NULL, NULL, NULL, NULL, NULL, NULL, NULL, '2026-04-22 07:26:21', '2026-04-22 07:26:21'),
(13, 'Ubiquiti Networks', NULL, NULL, NULL, NULL, NULL, NULL, NULL, '2026-04-22 07:26:21', '2026-04-22 07:26:21'),
(14, 'HP', NULL, NULL, NULL, NULL, NULL, NULL, NULL, '2026-04-22 07:26:25', '2026-04-22 07:26:25'),
(15, 'Aruba', NULL, NULL, NULL, NULL, NULL, NULL, NULL, '2026-04-22 07:26:26', '2026-04-22 07:26:26');

INSERT INTO `users` (`id`, `name`, `email`, `employee_id`, `department`, `job_title`, `phone`, `location`, `avatar`, `is_active`, `role`, `email_verified_at`, `password`, `two_factor_secret`, `two_factor_recovery_codes`, `two_factor_confirmed_at`, `remember_token`, `created_at`, `updated_at`) VALUES
(1, 'Inventory Admin', 'admin@example.com', 'EMP-7561', 'Finance', 'Construction Driller', '(321) 395-5533', 'North Graysonside', NULL, 1, 'Admin', '2026-04-22 07:25:49', '$2y$12$b1weoNuACWaiNx/4pkB/EuaVtOUldpEBQnfnwFIBd8ac/gaOLKEMC', NULL, NULL, NULL, '5YA2MmLO5z', '2026-04-22 07:25:49', '2026-04-22 07:25:49');
INSERT INTO `users` (`id`, `name`, `email`, `employee_id`, `department`, `job_title`, `phone`, `location`, `avatar`, `is_active`, `role`, `email_verified_at`, `password`, `two_factor_secret`, `two_factor_recovery_codes`, `two_factor_confirmed_at`, `remember_token`, `created_at`, `updated_at`) VALUES
(2, 'Test User', 'test@example.com', 'EMP-9630', 'Finance', 'Sociologist', '(432) 648-6032', 'Rowebury', NULL, 1, 'IT Staff', '2026-04-22 07:25:49', '$2y$12$b1weoNuACWaiNx/4pkB/EuaVtOUldpEBQnfnwFIBd8ac/gaOLKEMC', NULL, NULL, NULL, 'YsuVEUWgO1', '2026-04-22 07:25:49', '2026-04-22 07:25:49');
INSERT INTO `users` (`id`, `name`, `email`, `employee_id`, `department`, `job_title`, `phone`, `location`, `avatar`, `is_active`, `role`, `email_verified_at`, `password`, `two_factor_secret`, `two_factor_recovery_codes`, `two_factor_confirmed_at`, `remember_token`, `created_at`, `updated_at`) VALUES
(3, 'Prof. Alexandre Lesch I', 'angelica41@example.com', 'EMP-3402', 'ICT', 'Plating Operator OR Coating Machine Operator', '+1-573-536-0066', 'Corwinbury', NULL, 1, 'End User', '2026-04-22 07:25:49', '$2y$12$b1weoNuACWaiNx/4pkB/EuaVtOUldpEBQnfnwFIBd8ac/gaOLKEMC', NULL, NULL, NULL, 'ibxaOPWoBZ', '2026-04-22 07:25:49', '2026-04-22 07:25:49');
INSERT INTO `users` (`id`, `name`, `email`, `employee_id`, `department`, `job_title`, `phone`, `location`, `avatar`, `is_active`, `role`, `email_verified_at`, `password`, `two_factor_secret`, `two_factor_recovery_codes`, `two_factor_confirmed_at`, `remember_token`, `created_at`, `updated_at`) VALUES
(4, 'Rick Harber', 'dan.barrows@example.com', 'EMP-3773', 'Operations', 'Manicurists', '+1-708-563-2465', 'Lake Darwin', NULL, 1, 'End User', '2026-04-22 07:25:49', '$2y$12$b1weoNuACWaiNx/4pkB/EuaVtOUldpEBQnfnwFIBd8ac/gaOLKEMC', NULL, NULL, NULL, '0GakWgIKFc', '2026-04-22 07:25:49', '2026-04-22 07:25:49'),
(5, 'Prof. Javon Connelly DVM', 'wvandervort@example.org', 'EMP-1326', 'ICT', 'Septic Tank Servicer', '+1.915.731.1467', 'New Alexa', NULL, 1, 'End User', '2026-04-22 07:25:49', '$2y$12$b1weoNuACWaiNx/4pkB/EuaVtOUldpEBQnfnwFIBd8ac/gaOLKEMC', NULL, NULL, NULL, 'JwMXDQxyjJ', '2026-04-22 07:25:49', '2026-04-22 07:25:49'),
(6, 'Mr. Enrico Klein', 'ferry.emmie@example.com', 'EMP-8523', 'ICT', 'Tire Builder', '423.679.6000', 'Lake Llewellynchester', NULL, 1, 'End User', '2026-04-22 07:25:49', '$2y$12$b1weoNuACWaiNx/4pkB/EuaVtOUldpEBQnfnwFIBd8ac/gaOLKEMC', NULL, NULL, NULL, '5EDvsKcP8E', '2026-04-22 07:25:49', '2026-04-22 07:25:49'),
(7, 'Vivianne Bradtke', 'wsmith@example.com', 'EMP-3316', 'ICT', 'Drilling and Boring Machine Tool Setter', '+1 (785) 952-9543', 'West Kenyon', NULL, 1, 'End User', '2026-04-22 07:25:49', '$2y$12$b1weoNuACWaiNx/4pkB/EuaVtOUldpEBQnfnwFIBd8ac/gaOLKEMC', NULL, NULL, NULL, 'MUm0jsUpgV', '2026-04-22 07:25:49', '2026-04-22 07:25:49');


/*!40101 SET SQL_MODE=@OLD_SQL_MODE */;
/*!40014 SET FOREIGN_KEY_CHECKS=@OLD_FOREIGN_KEY_CHECKS */;
/*!40014 SET UNIQUE_CHECKS=@OLD_UNIQUE_CHECKS */;
/*!40101 SET CHARACTER_SET_CLIENT=@OLD_CHARACTER_SET_CLIENT */;
/*!40101 SET CHARACTER_SET_RESULTS=@OLD_CHARACTER_SET_RESULTS */;
/*!40101 SET COLLATION_CONNECTION=@OLD_COLLATION_CONNECTION */;
/*!40111 SET SQL_NOTES=@OLD_SQL_NOTES */;